label,p0_x,p0_y,p0_z,p1_x,p1_y,p1_z,p2_x,p2_y,p2_z,p3_x,p3_y,p3_z,p4_x,p4_y,p4_z,p5_x,p5_y,p5_z,p6_x,p6_y,p6_z,p7_x,p7_y,p7_z,p8_x,p8_y,p8_z,p9_x,p9_y,p9_z,p10_x,p10_y,p10_z,p11_x,p11_y,p11_z,p12_x,p12_y,p12_z,p13_x,p13_y,p13_z,p14_x,p14_y,p14_z,p15_x,p15_y,p15_z,p16_x,p16_y,p16_z,p17_x,p17_y,p17_z,p18_x,p18_y,p18_z,p19_x,p19_y,p19_z,p20_x,p20_y,p20_z,s0_x,s0_y,s0_z,s1_x,s1_y,s1_z,s2_x,s2_y,s2_z,s3_x,s3_y,s3_z,s4_x,s4_y,s4_z,s5_x,s5_y,s5_z,s6_x,s6_y,s6_z,s7_x,s7_y,s7_z,s8_x,s8_y,s8_z,s9_x,s9_y,s9_z,s10_x,s10_y,s10_z,s11_x,s11_y,s11_z,s12_x,s12_y,s12_z,s13_x,s13_y,s13_z,s14_x,s14_y,s14_z,s15_x,s15_y,s15_z,s16_x,s16_y,s16_z,s17_x,s17_y,s17_z,s18_x,s18_y,s18_z,s19_x,s19_y,s19_z,s20_x,s20_y,s20_z,timestamp
help,0.5,0.4,0.0,0.53,0.38,0.0,0.54,0.36000000000000004,0.0,0.55,0.34,0.0,0.5900000000000001,0.28,0.0,0.52,0.37,0.0,0.52,0.34,0.0,0.52,0.31000000000000005,0.0,0.52,0.30000000000000004,0.0,0.5,0.37,0.0,0.5,0.34,0.0,0.5,0.31000000000000005,0.0,0.5,0.30000000000000004,0.0,0.48,0.375,0.0,0.48,0.35000000000000003,0.0,0.48,0.325,0.0,0.48,0.32000000000000006,0.0,0.46499999999999997,0.38,0.0,0.46499999999999997,0.36000000000000004,0.0,0.46499999999999997,0.34,0.0,0.46499999999999997,0.34,0.0,0.5,0.55,0.0,0.533,0.528,0.0,0.544,0.506,0.0,0.555,0.48400000000000004,0.0,0.5660000000000001,0.462,0.0,0.532,0.517,0.0,0.512,0.48400000000000004,0.0,0.522,0.45100000000000007,0.0,0.532,0.41800000000000004,0.0,0.49,0.517,0.0,0.5,0.48400000000000004,0.0,0.51,0.45100000000000007,0.0,0.49,0.41800000000000004,0.0,0.478,0.5225000000000001,0.0,0.488,0.49500000000000005,0.0,0.46799999999999997,0.4675,0.0,0.478,0.44000000000000006,0.0,0.47150000000000003,0.528,0.0,0.4515,0.506,0.0,0.4615,0.48400000000000004,0.0,0.47150000000000003,0.462,0.0,2026-05-22T14:13:58.485555
help,0.5,0.4,0.0,0.47,0.38,0.0,0.46,0.36000000000000004,0.0,0.45,0.34,0.0,0.41000000000000003,0.28,0.0,0.52,0.37,0.0,0.52,0.34,0.0,0.52,0.31000000000000005,0.0,0.52,0.30000000000000004,0.0,0.5,0.37,0.0,0.5,0.34,0.0,0.5,0.31000000000000005,0.0,0.5,0.30000000000000004,0.0,0.48,0.375,0.0,0.48,0.35000000000000003,0.0,0.48,0.325,0.0,0.48,0.32000000000000006,0.0,0.46499999999999997,0.38,0.0,0.46499999999999997,0.36000000000000004,0.0,0.46499999999999997,0.34,0.0,0.46499999999999997,0.34,0.0,0.5,0.55,0.0,0.533,0.528,0.0,0.544,0.506,0.0,0.555,0.48400000000000004,0.0,0.5660000000000001,0.462,0.0,0.532,0.517,0.0,0.512,0.48400000000000004,0.0,0.522,0.45100000000000007,0.0,0.532,0.41800000000000004,0.0,0.49,0.517,0.0,0.5,0.48400000000000004,0.0,0.51,0.45100000000000007,0.0,0.49,0.41800000000000004,0.0,0.478,0.5225000000000001,0.0,0.488,0.49500000000000005,0.0,0.46799999999999997,0.4675,0.0,0.478,0.44000000000000006,0.0,0.47150000000000003,0.528,0.0,0.4515,0.506,0.0,0.4615,0.48400000000000004,0.0,0.47150000000000003,0.462,0.0,2026-05-22T14:13:58.485555
help,0.5,0.4,0.0,0.47,0.38,0.0,0.46,0.36000000000000004,0.0,0.45,0.34,0.0,0.41000000000000003,0.28,0.0,0.52,0.37,0.0,0.52,0.34,0.0,0.52,0.31000000000000005,0.0,0.52,0.30000000000000004,0.0,0.5,0.37,0.0,0.5,0.34,0.0,0.5,0.31000000000000005,0.0,0.5,0.30000000000000004,0.0,0.48,0.375,0.0,0.48,0.35000000000000003,0.0,0.48,0.325,0.0,0.48,0.32000000000000006,0.0,0.46499999999999997,0.38,0.0,0.46499999999999997,0.36000000000000004,0.0,0.46499999999999997,0.34,0.0,0.46499999999999997,0.34,0.0,0.5,0.55,0.0,0.533,0.528,0.0,0.544,0.506,0.0,0.555,0.48400000000000004,0.0,0.5660000000000001,0.462,0.0,0.532,0.517,0.0,0.512,0.48400000000000004,0.0,0.522,0.45100000000000007,0.0,0.532,0.41800000000000004,0.0,0.49,0.517,0.0,0.5,0.48400000000000004,0.0,0.51,0.45100000000000007,0.0,0.49,0.41800000000000004,0.0,0.478,0.5225000000000001,0.0,0.488,0.49500000000000005,0.0,0.46799999999999997,0.4675,0.0,0.478,0.44000000000000006,0.0,0.47150000000000003,0.528,0.0,0.4515,0.506,0.0,0.4615,0.48400000000000004,0.0,0.47150000000000003,0.462,0.0,2026-05-22T14:13:58.485555
help,0.5,0.4,0.0,0.53,0.38,0.0,0.54,0.36000000000000004,0.0,0.55,0.34,0.0,0.5900000000000001,0.28,0.0,0.52,0.37,0.0,0.52,0.34,0.0,0.52,0.31000000000000005,0.0,0.52,0.30000000000000004,0.0,0.5,0.37,0.0,0.5,0.34,0.0,0.5,0.31000000000000005,0.0,0.5,0.30000000000000004,0.0,0.48,0.375,0.0,0.48,0.35000000000000003,0.0,0.48,0.325,0.0,0.48,0.32000000000000006,0.0,0.46499999999999997,0.38,0.0,0.46499999999999997,0.36000000000000004,0.0,0.46499999999999997,0.34,0.0,0.46499999999999997,0.34,0.0,0.5,0.55,0.0,0.533,0.528,0.0,0.544,0.506,0.0,0.555,0.48400000000000004,0.0,0.5660000000000001,0.462,0.0,0.532,0.517,0.0,0.512,0.48400000000000004,0.0,0.522,0.45100000000000007,0.0,0.532,0.41800000000000004,0.0,0.49,0.517,0.0,0.5,0.48400000000000004,0.0,0.51,0.45100000000000007,0.0,0.49,0.41800000000000004,0.0,0.478,0.5225000000000001,0.0,0.488,0.49500000000000005,0.0,0.46799999999999997,0.4675,0.0,0.478,0.44000000000000006,0.0,0.47150000000000003,0.528,0.0,0.4515,0.506,0.0,0.4615,0.48400000000000004,0.0,0.47150000000000003,0.462,0.0,2026-05-22T14:13:58.486565
help,0.5,0.4,0.0,0.53,0.38,0.0,0.54,0.36000000000000004,0.0,0.55,0.34,0.0,0.5900000000000001,0.28,0.0,0.52,0.37,0.0,0.52,0.34,0.0,0.52,0.31000000000000005,0.0,0.52,0.30000000000000004,0.0,0.5,0.37,0.0,0.5,0.34,0.0,0.5,0.31000000000000005,0.0,0.5,0.30000000000000004,0.0,0.48,0.375,0.0,0.48,0.35000000000000003,0.0,0.48,0.325,0.0,0.48,0.32000000000000006,0.0,0.46499999999999997,0.38,0.0,0.46499999999999997,0.36000000000000004,0.0,0.46499999999999997,0.34,0.0,0.46499999999999997,0.34,0.0,0.5,0.55,0.0,0.533,0.528,0.0,0.544,0.506,0.0,0.555,0.48400000000000004,0.0,0.5660000000000001,0.462,0.0,0.532,0.517,0.0,0.512,0.48400000000000004,0.0,0.522,0.45100000000000007,0.0,0.532,0.41800000000000004,0.0,0.49,0.517,0.0,0.5,0.48400000000000004,0.0,0.51,0.45100000000000007,0.0,0.49,0.41800000000000004,0.0,0.478,0.5225000000000001,0.0,0.488,0.49500000000000005,0.0,0.46799999999999997,0.4675,0.0,0.478,0.44000000000000006,0.0,0.47150000000000003,0.528,0.0,0.4515,0.506,0.0,0.4615,0.48400000000000004,0.0,0.47150000000000003,0.462,0.0,2026-05-22T14:13:58.486565
help,0.5,0.4,0.0,0.53,0.38,0.0,0.54,0.36000000000000004,0.0,0.55,0.34,0.0,0.5900000000000001,0.28,0.0,0.52,0.37,0.0,0.52,0.34,0.0,0.52,0.31000000000000005,0.0,0.52,0.30000000000000004,0.0,0.5,0.37,0.0,0.5,0.34,0.0,0.5,0.31000000000000005,0.0,0.5,0.30000000000000004,0.0,0.48,0.375,0.0,0.48,0.35000000000000003,0.0,0.48,0.325,0.0,0.48,0.32000000000000006,0.0,0.46499999999999997,0.38,0.0,0.46499999999999997,0.36000000000000004,0.0,0.46499999999999997,0.34,0.0,0.46499999999999997,0.34,0.0,0.5,0.55,0.0,0.533,0.528,0.0,0.544,0.506,0.0,0.555,0.48400000000000004,0.0,0.5660000000000001,0.462,0.0,0.532,0.517,0.0,0.512,0.48400000000000004,0.0,0.522,0.45100000000000007,0.0,0.532,0.41800000000000004,0.0,0.49,0.517,0.0,0.5,0.48400000000000004,0.0,0.51,0.45100000000000007,0.0,0.49,0.41800000000000004,0.0,0.478,0.5225000000000001,0.0,0.488,0.49500000000000005,0.0,0.46799999999999997,0.4675,0.0,0.478,0.44000000000000006,0.0,0.47150000000000003,0.528,0.0,0.4515,0.506,0.0,0.4615,0.48400000000000004,0.0,0.47150000000000003,0.462,0.0,2026-05-22T14:13:58.486565
help,0.5,0.4,0.0,0.53,0.38,0.0,0.54,0.36000000000000004,0.0,0.55,0.34,0.0,0.5900000000000001,0.28,0.0,0.52,0.37,0.0,0.52,0.34,0.0,0.52,0.31000000000000005,0.0,0.52,0.30000000000000004,0.0,0.5,0.37,0.0,0.5,0.34,0.0,0.5,0.31000000000000005,0.0,0.5,0.30000000000000004,0.0,0.48,0.375,0.0,0.48,0.35000000000000003,0.0,0.48,0.325,0.0,0.48,0.32000000000000006,0.0,0.46499999999999997,0.38,0.0,0.46499999999999997,0.36000000000000004,0.0,0.46499999999999997,0.34,0.0,0.46499999999999997,0.34,0.0,0.5,0.55,0.0,0.533,0.528,0.0,0.544,0.506,0.0,0.555,0.48400000000000004,0.0,0.5660000000000001,0.462,0.0,0.532,0.517,0.0,0.512,0.48400000000000004,0.0,0.522,0.45100000000000007,0.0,0.532,0.41800000000000004,0.0,0.49,0.517,0.0,0.5,0.48400000000000004,0.0,0.51,0.45100000000000007,0.0,0.49,0.41800000000000004,0.0,0.478,0.5225000000000001,0.0,0.488,0.49500000000000005,0.0,0.46799999999999997,0.4675,0.0,0.478,0.44000000000000006,0.0,0.47150000000000003,0.528,0.0,0.4515,0.506,0.0,0.4615,0.48400000000000004,0.0,0.47150000000000003,0.462,0.0,2026-05-22T14:13:58.486565
help,0.5,0.4,0.0,0.47,0.38,0.0,0.46,0.36000000000000004,0.0,0.45,0.34,0.0,0.41000000000000003,0.28,0.0,0.52,0.37,0.0,0.52,0.34,0.0,0.52,0.31000000000000005,0.0,0.52,0.30000000000000004,0.0,0.5,0.37,0.0,0.5,0.34,0.0,0.5,0.31000000000000005,0.0,0.5,0.30000000000000004,0.0,0.48,0.375,0.0,0.48,0.35000000000000003,0.0,0.48,0.325,0.0,0.48,0.32000000000000006,0.0,0.46499999999999997,0.38,0.0,0.46499999999999997,0.36000000000000004,0.0,0.46499999999999997,0.34,0.0,0.46499999999999997,0.34,0.0,0.5,0.55,0.0,0.533,0.528,0.0,0.544,0.506,0.0,0.555,0.48400000000000004,0.0,0.5660000000000001,0.462,0.0,0.532,0.517,0.0,0.512,0.48400000000000004,0.0,0.522,0.45100000000000007,0.0,0.532,0.41800000000000004,0.0,0.49,0.517,0.0,0.5,0.48400000000000004,0.0,0.51,0.45100000000000007,0.0,0.49,0.41800000000000004,0.0,0.478,0.5225000000000001,0.0,0.488,0.49500000000000005,0.0,0.46799999999999997,0.4675,0.0,0.478,0.44000000000000006,0.0,0.47150000000000003,0.528,0.0,0.4515,0.506,0.0,0.4615,0.48400000000000004,0.0,0.47150000000000003,0.462,0.0,2026-05-22T14:13:58.486565
help,0.5,0.4,0.0,0.53,0.38,0.0,0.54,0.36000000000000004,0.0,0.55,0.34,0.0,0.5900000000000001,0.28,0.0,0.52,0.37,0.0,0.52,0.34,0.0,0.52,0.31000000000000005,0.0,0.52,0.30000000000000004,0.0,0.5,0.37,0.0,0.5,0.34,0.0,0.5,0.31000000000000005,0.0,0.5,0.30000000000000004,0.0,0.48,0.375,0.0,0.48,0.35000000000000003,0.0,0.48,0.325,0.0,0.48,0.32000000000000006,0.0,0.46499999999999997,0.38,0.0,0.46499999999999997,0.36000000000000004,0.0,0.46499999999999997,0.34,0.0,0.46499999999999997,0.34,0.0,0.5,0.55,0.0,0.533,0.528,0.0,0.544,0.506,0.0,0.555,0.48400000000000004,0.0,0.5660000000000001,0.462,0.0,0.532,0.517,0.0,0.512,0.48400000000000004,0.0,0.522,0.45100000000000007,0.0,0.532,0.41800000000000004,0.0,0.49,0.517,0.0,0.5,0.48400000000000004,0.0,0.51,0.45100000000000007,0.0,0.49,0.41800000000000004,0.0,0.478,0.5225000000000001,0.0,0.488,0.49500000000000005,0.0,0.46799999999999997,0.4675,0.0,0.478,0.44000000000000006,0.0,0.47150000000000003,0.528,0.0,0.4515,0.506,0.0,0.4615,0.48400000000000004,0.0,0.47150000000000003,0.462,0.0,2026-05-22T14:13:58.486565
help,0.5,0.4,0.0,0.47,0.38,0.0,0.46,0.36000000000000004,0.0,0.45,0.34,0.0,0.41000000000000003,0.28,0.0,0.52,0.37,0.0,0.52,0.34,0.0,0.52,0.31000000000000005,0.0,0.52,0.30000000000000004,0.0,0.5,0.37,0.0,0.5,0.34,0.0,0.5,0.31000000000000005,0.0,0.5,0.30000000000000004,0.0,0.48,0.375,0.0,0.48,0.35000000000000003,0.0,0.48,0.325,0.0,0.48,0.32000000000000006,0.0,0.46499999999999997,0.38,0.0,0.46499999999999997,0.36000000000000004,0.0,0.46499999999999997,0.34,0.0,0.46499999999999997,0.34,0.0,0.5,0.55,0.0,0.533,0.528,0.0,0.544,0.506,0.0,0.555,0.48400000000000004,0.0,0.5660000000000001,0.462,0.0,0.532,0.517,0.0,0.512,0.48400000000000004,0.0,0.522,0.45100000000000007,0.0,0.532,0.41800000000000004,0.0,0.49,0.517,0.0,0.5,0.48400000000000004,0.0,0.51,0.45100000000000007,0.0,0.49,0.41800000000000004,0.0,0.478,0.5225000000000001,0.0,0.488,0.49500000000000005,0.0,0.46799999999999997,0.4675,0.0,0.478,0.44000000000000006,0.0,0.47150000000000003,0.528,0.0,0.4515,0.506,0.0,0.4615,0.48400000000000004,0.0,0.47150000000000003,0.462,0.0,2026-05-22T14:13:58.486565
help,0.5,0.4,0.0,0.53,0.38,0.0,0.54,0.36000000000000004,0.0,0.55,0.34,0.0,0.5900000000000001,0.28,0.0,0.52,0.37,0.0,0.52,0.34,0.0,0.52,0.31000000000000005,0.0,0.52,0.30000000000000004,0.0,0.5,0.37,0.0,0.5,0.34,0.0,0.5,0.31000000000000005,0.0,0.5,0.30000000000000004,0.0,0.48,0.375,0.0,0.48,0.35000000000000003,0.0,0.48,0.325,0.0,0.48,0.32000000000000006,0.0,0.46499999999999997,0.38,0.0,0.46499999999999997,0.36000000000000004,0.0,0.46499999999999997,0.34,0.0,0.46499999999999997,0.34,0.0,0.5,0.55,0.0,0.533,0.528,0.0,0.544,0.506,0.0,0.555,0.48400000000000004,0.0,0.5660000000000001,0.462,0.0,0.532,0.517,0.0,0.512,0.48400000000000004,0.0,0.522,0.45100000000000007,0.0,0.532,0.41800000000000004,0.0,0.49,0.517,0.0,0.5,0.48400000000000004,0.0,0.51,0.45100000000000007,0.0,0.49,0.41800000000000004,0.0,0.478,0.5225000000000001,0.0,0.488,0.49500000000000005,0.0,0.46799999999999997,0.4675,0.0,0.478,0.44000000000000006,0.0,0.47150000000000003,0.528,0.0,0.4515,0.506,0.0,0.4615,0.48400000000000004,0.0,0.47150000000000003,0.462,0.0,2026-05-22T14:13:58.487074
help,0.5,0.4,0.0,0.47,0.38,0.0,0.46,0.36000000000000004,0.0,0.45,0.34,0.0,0.41000000000000003,0.28,0.0,0.52,0.37,0.0,0.52,0.34,0.0,0.52,0.31000000000000005,0.0,0.52,0.30000000000000004,0.0,0.5,0.37,0.0,0.5,0.34,0.0,0.5,0.31000000000000005,0.0,0.5,0.30000000000000004,0.0,0.48,0.375,0.0,0.48,0.35000000000000003,0.0,0.48,0.325,0.0,0.48,0.32000000000000006,0.0,0.46499999999999997,0.38,0.0,0.46499999999999997,0.36000000000000004,0.0,0.46499999999999997,0.34,0.0,0.46499999999999997,0.34,0.0,0.5,0.55,0.0,0.533,0.528,0.0,0.544,0.506,0.0,0.555,0.48400000000000004,0.0,0.5660000000000001,0.462,0.0,0.532,0.517,0.0,0.512,0.48400000000000004,0.0,0.522,0.45100000000000007,0.0,0.532,0.41800000000000004,0.0,0.49,0.517,0.0,0.5,0.48400000000000004,0.0,0.51,0.45100000000000007,0.0,0.49,0.41800000000000004,0.0,0.478,0.5225000000000001,0.0,0.488,0.49500000000000005,0.0,0.46799999999999997,0.4675,0.0,0.478,0.44000000000000006,0.0,0.47150000000000003,0.528,0.0,0.4515,0.506,0.0,0.4615,0.48400000000000004,0.0,0.47150000000000003,0.462,0.0,2026-05-22T14:13:58.487074
help,0.5,0.4,0.0,0.53,0.38,0.0,0.54,0.36000000000000004,0.0,0.55,0.34,0.0,0.5900000000000001,0.28,0.0,0.52,0.37,0.0,0.52,0.34,0.0,0.52,0.31000000000000005,0.0,0.52,0.30000000000000004,0.0,0.5,0.37,0.0,0.5,0.34,0.0,0.5,0.31000000000000005,0.0,0.5,0.30000000000000004,0.0,0.48,0.375,0.0,0.48,0.35000000000000003,0.0,0.48,0.325,0.0,0.48,0.32000000000000006,0.0,0.46499999999999997,0.38,0.0,0.46499999999999997,0.36000000000000004,0.0,0.46499999999999997,0.34,0.0,0.46499999999999997,0.34,0.0,0.5,0.55,0.0,0.533,0.528,0.0,0.544,0.506,0.0,0.555,0.48400000000000004,0.0,0.5660000000000001,0.462,0.0,0.532,0.517,0.0,0.512,0.48400000000000004,0.0,0.522,0.45100000000000007,0.0,0.532,0.41800000000000004,0.0,0.49,0.517,0.0,0.5,0.48400000000000004,0.0,0.51,0.45100000000000007,0.0,0.49,0.41800000000000004,0.0,0.478,0.5225000000000001,0.0,0.488,0.49500000000000005,0.0,0.46799999999999997,0.4675,0.0,0.478,0.44000000000000006,0.0,0.47150000000000003,0.528,0.0,0.4515,0.506,0.0,0.4615,0.48400000000000004,0.0,0.47150000000000003,0.462,0.0,2026-05-22T14:13:58.487074
help,0.5,0.4,0.0,0.47,0.38,0.0,0.46,0.36000000000000004,0.0,0.45,0.34,0.0,0.41000000000000003,0.28,0.0,0.52,0.37,0.0,0.52,0.34,0.0,0.52,0.31000000000000005,0.0,0.52,0.30000000000000004,0.0,0.5,0.37,0.0,0.5,0.34,0.0,0.5,0.31000000000000005,0.0,0.5,0.30000000000000004,0.0,0.48,0.375,0.0,0.48,0.35000000000000003,0.0,0.48,0.325,0.0,0.48,0.32000000000000006,0.0,0.46499999999999997,0.38,0.0,0.46499999999999997,0.36000000000000004,0.0,0.46499999999999997,0.34,0.0,0.46499999999999997,0.34,0.0,0.5,0.55,0.0,0.533,0.528,0.0,0.544,0.506,0.0,0.555,0.48400000000000004,0.0,0.5660000000000001,0.462,0.0,0.532,0.517,0.0,0.512,0.48400000000000004,0.0,0.522,0.45100000000000007,0.0,0.532,0.41800000000000004,0.0,0.49,0.517,0.0,0.5,0.48400000000000004,0.0,0.51,0.45100000000000007,0.0,0.49,0.41800000000000004,0.0,0.478,0.5225000000000001,0.0,0.488,0.49500000000000005,0.0,0.46799999999999997,0.4675,0.0,0.478,0.44000000000000006,0.0,0.47150000000000003,0.528,0.0,0.4515,0.506,0.0,0.4615,0.48400000000000004,0.0,0.47150000000000003,0.462,0.0,2026-05-22T14:13:58.487074
help,0.5,0.4,0.0,0.53,0.38,0.0,0.54,0.36000000000000004,0.0,0.55,0.34,0.0,0.5900000000000001,0.28,0.0,0.52,0.37,0.0,0.52,0.34,0.0,0.52,0.31000000000000005,0.0,0.52,0.30000000000000004,0.0,0.5,0.37,0.0,0.5,0.34,0.0,0.5,0.31000000000000005,0.0,0.5,0.30000000000000004,0.0,0.48,0.375,0.0,0.48,0.35000000000000003,0.0,0.48,0.325,0.0,0.48,0.32000000000000006,0.0,0.46499999999999997,0.38,0.0,0.46499999999999997,0.36000000000000004,0.0,0.46499999999999997,0.34,0.0,0.46499999999999997,0.34,0.0,0.5,0.55,0.0,0.533,0.528,0.0,0.544,0.506,0.0,0.555,0.48400000000000004,0.0,0.5660000000000001,0.462,0.0,0.532,0.517,0.0,0.512,0.48400000000000004,0.0,0.522,0.45100000000000007,0.0,0.532,0.41800000000000004,0.0,0.49,0.517,0.0,0.5,0.48400000000000004,0.0,0.51,0.45100000000000007,0.0,0.49,0.41800000000000004,0.0,0.478,0.5225000000000001,0.0,0.488,0.49500000000000005,0.0,0.46799999999999997,0.4675,0.0,0.478,0.44000000000000006,0.0,0.47150000000000003,0.528,0.0,0.4515,0.506,0.0,0.4615,0.48400000000000004,0.0,0.47150000000000003,0.462,0.0,2026-05-22T14:13:58.487074
help,0.5,0.4,0.0,0.47,0.38,0.0,0.46,0.36000000000000004,0.0,0.45,0.34,0.0,0.41000000000000003,0.28,0.0,0.52,0.37,0.0,0.52,0.34,0.0,0.52,0.31000000000000005,0.0,0.52,0.30000000000000004,0.0,0.5,0.37,0.0,0.5,0.34,0.0,0.5,0.31000000000000005,0.0,0.5,0.30000000000000004,0.0,0.48,0.375,0.0,0.48,0.35000000000000003,0.0,0.48,0.325,0.0,0.48,0.32000000000000006,0.0,0.46499999999999997,0.38,0.0,0.46499999999999997,0.36000000000000004,0.0,0.46499999999999997,0.34,0.0,0.46499999999999997,0.34,0.0,0.5,0.55,0.0,0.533,0.528,0.0,0.544,0.506,0.0,0.555,0.48400000000000004,0.0,0.5660000000000001,0.462,0.0,0.532,0.517,0.0,0.512,0.48400000000000004,0.0,0.522,0.45100000000000007,0.0,0.532,0.41800000000000004,0.0,0.49,0.517,0.0,0.5,0.48400000000000004,0.0,0.51,0.45100000000000007,0.0,0.49,0.41800000000000004,0.0,0.478,0.5225000000000001,0.0,0.488,0.49500000000000005,0.0,0.46799999999999997,0.4675,0.0,0.478,0.44000000000000006,0.0,0.47150000000000003,0.528,0.0,0.4515,0.506,0.0,0.4615,0.48400000000000004,0.0,0.47150000000000003,0.462,0.0,2026-05-22T14:13:58.487074
help,0.5,0.4,0.0,0.53,0.38,0.0,0.54,0.36000000000000004,0.0,0.55,0.34,0.0,0.5900000000000001,0.28,0.0,0.52,0.37,0.0,0.52,0.34,0.0,0.52,0.31000000000000005,0.0,0.52,0.30000000000000004,0.0,0.5,0.37,0.0,0.5,0.34,0.0,0.5,0.31000000000000005,0.0,0.5,0.30000000000000004,0.0,0.48,0.375,0.0,0.48,0.35000000000000003,0.0,0.48,0.325,0.0,0.48,0.32000000000000006,0.0,0.46499999999999997,0.38,0.0,0.46499999999999997,0.36000000000000004,0.0,0.46499999999999997,0.34,0.0,0.46499999999999997,0.34,0.0,0.5,0.55,0.0,0.533,0.528,0.0,0.544,0.506,0.0,0.555,0.48400000000000004,0.0,0.5660000000000001,0.462,0.0,0.532,0.517,0.0,0.512,0.48400000000000004,0.0,0.522,0.45100000000000007,0.0,0.532,0.41800000000000004,0.0,0.49,0.517,0.0,0.5,0.48400000000000004,0.0,0.51,0.45100000000000007,0.0,0.49,0.41800000000000004,0.0,0.478,0.5225000000000001,0.0,0.488,0.49500000000000005,0.0,0.46799999999999997,0.4675,0.0,0.478,0.44000000000000006,0.0,0.47150000000000003,0.528,0.0,0.4515,0.506,0.0,0.4615,0.48400000000000004,0.0,0.47150000000000003,0.462,0.0,2026-05-22T14:13:58.487074
help,0.5,0.4,0.0,0.47,0.38,0.0,0.46,0.36000000000000004,0.0,0.45,0.34,0.0,0.41000000000000003,0.28,0.0,0.52,0.37,0.0,0.52,0.34,0.0,0.52,0.31000000000000005,0.0,0.52,0.30000000000000004,0.0,0.5,0.37,0.0,0.5,0.34,0.0,0.5,0.31000000000000005,0.0,0.5,0.30000000000000004,0.0,0.48,0.375,0.0,0.48,0.35000000000000003,0.0,0.48,0.325,0.0,0.48,0.32000000000000006,0.0,0.46499999999999997,0.38,0.0,0.46499999999999997,0.36000000000000004,0.0,0.46499999999999997,0.34,0.0,0.46499999999999997,0.34,0.0,0.5,0.55,0.0,0.533,0.528,0.0,0.544,0.506,0.0,0.555,0.48400000000000004,0.0,0.5660000000000001,0.462,0.0,0.532,0.517,0.0,0.512,0.48400000000000004,0.0,0.522,0.45100000000000007,0.0,0.532,0.41800000000000004,0.0,0.49,0.517,0.0,0.5,0.48400000000000004,0.0,0.51,0.45100000000000007,0.0,0.49,0.41800000000000004,0.0,0.478,0.5225000000000001,0.0,0.488,0.49500000000000005,0.0,0.46799999999999997,0.4675,0.0,0.478,0.44000000000000006,0.0,0.47150000000000003,0.528,0.0,0.4515,0.506,0.0,0.4615,0.48400000000000004,0.0,0.47150000000000003,0.462,0.0,2026-05-22T14:13:58.487074
help,0.5,0.4,0.0,0.53,0.38,0.0,0.54,0.36000000000000004,0.0,0.55,0.34,0.0,0.5900000000000001,0.28,0.0,0.52,0.37,0.0,0.52,0.34,0.0,0.52,0.31000000000000005,0.0,0.52,0.30000000000000004,0.0,0.5,0.37,0.0,0.5,0.34,0.0,0.5,0.31000000000000005,0.0,0.5,0.30000000000000004,0.0,0.48,0.375,0.0,0.48,0.35000000000000003,0.0,0.48,0.325,0.0,0.48,0.32000000000000006,0.0,0.46499999999999997,0.38,0.0,0.46499999999999997,0.36000000000000004,0.0,0.46499999999999997,0.34,0.0,0.46499999999999997,0.34,0.0,0.5,0.55,0.0,0.533,0.528,0.0,0.544,0.506,0.0,0.555,0.48400000000000004,0.0,0.5660000000000001,0.462,0.0,0.532,0.517,0.0,0.512,0.48400000000000004,0.0,0.522,0.45100000000000007,0.0,0.532,0.41800000000000004,0.0,0.49,0.517,0.0,0.5,0.48400000000000004,0.0,0.51,0.45100000000000007,0.0,0.49,0.41800000000000004,0.0,0.478,0.5225000000000001,0.0,0.488,0.49500000000000005,0.0,0.46799999999999997,0.4675,0.0,0.478,0.44000000000000006,0.0,0.47150000000000003,0.528,0.0,0.4515,0.506,0.0,0.4615,0.48400000000000004,0.0,0.47150000000000003,0.462,0.0,2026-05-22T14:13:58.487074
help,0.5,0.4,0.0,0.47,0.38,0.0,0.46,0.36000000000000004,0.0,0.45,0.34,0.0,0.41000000000000003,0.28,0.0,0.52,0.37,0.0,0.52,0.34,0.0,0.52,0.31000000000000005,0.0,0.52,0.30000000000000004,0.0,0.5,0.37,0.0,0.5,0.34,0.0,0.5,0.31000000000000005,0.0,0.5,0.30000000000000004,0.0,0.48,0.375,0.0,0.48,0.35000000000000003,0.0,0.48,0.325,0.0,0.48,0.32000000000000006,0.0,0.46499999999999997,0.38,0.0,0.46499999999999997,0.36000000000000004,0.0,0.46499999999999997,0.34,0.0,0.46499999999999997,0.34,0.0,0.5,0.55,0.0,0.533,0.528,0.0,0.544,0.506,0.0,0.555,0.48400000000000004,0.0,0.5660000000000001,0.462,0.0,0.532,0.517,0.0,0.512,0.48400000000000004,0.0,0.522,0.45100000000000007,0.0,0.532,0.41800000000000004,0.0,0.49,0.517,0.0,0.5,0.48400000000000004,0.0,0.51,0.45100000000000007,0.0,0.49,0.41800000000000004,0.0,0.478,0.5225000000000001,0.0,0.488,0.49500000000000005,0.0,0.46799999999999997,0.4675,0.0,0.478,0.44000000000000006,0.0,0.47150000000000003,0.528,0.0,0.4515,0.506,0.0,0.4615,0.48400000000000004,0.0,0.47150000000000003,0.462,0.0,2026-05-22T14:13:58.487074
help,0.5,0.4,0.0,0.53,0.38,0.0,0.54,0.36000000000000004,0.0,0.55,0.34,0.0,0.5900000000000001,0.28,0.0,0.52,0.37,0.0,0.52,0.34,0.0,0.52,0.31000000000000005,0.0,0.52,0.30000000000000004,0.0,0.5,0.37,0.0,0.5,0.34,0.0,0.5,0.31000000000000005,0.0,0.5,0.30000000000000004,0.0,0.48,0.375,0.0,0.48,0.35000000000000003,0.0,0.48,0.325,0.0,0.48,0.32000000000000006,0.0,0.46499999999999997,0.38,0.0,0.46499999999999997,0.36000000000000004,0.0,0.46499999999999997,0.34,0.0,0.46499999999999997,0.34,0.0,0.5,0.55,0.0,0.533,0.528,0.0,0.544,0.506,0.0,0.555,0.48400000000000004,0.0,0.5660000000000001,0.462,0.0,0.532,0.517,0.0,0.512,0.48400000000000004,0.0,0.522,0.45100000000000007,0.0,0.532,0.41800000000000004,0.0,0.49,0.517,0.0,0.5,0.48400000000000004,0.0,0.51,0.45100000000000007,0.0,0.49,0.41800000000000004,0.0,0.478,0.5225000000000001,0.0,0.488,0.49500000000000005,0.0,0.46799999999999997,0.4675,0.0,0.478,0.44000000000000006,0.0,0.47150000000000003,0.528,0.0,0.4515,0.506,0.0,0.4615,0.48400000000000004,0.0,0.47150000000000003,0.462,0.0,2026-05-22T14:13:58.487074
help,0.5,0.4,0.0,0.47,0.38,0.0,0.46,0.36000000000000004,0.0,0.45,0.34,0.0,0.41000000000000003,0.28,0.0,0.52,0.37,0.0,0.52,0.34,0.0,0.52,0.31000000000000005,0.0,0.52,0.30000000000000004,0.0,0.5,0.37,0.0,0.5,0.34,0.0,0.5,0.31000000000000005,0.0,0.5,0.30000000000000004,0.0,0.48,0.375,0.0,0.48,0.35000000000000003,0.0,0.48,0.325,0.0,0.48,0.32000000000000006,0.0,0.46499999999999997,0.38,0.0,0.46499999999999997,0.36000000000000004,0.0,0.46499999999999997,0.34,0.0,0.46499999999999997,0.34,0.0,0.5,0.55,0.0,0.533,0.528,0.0,0.544,0.506,0.0,0.555,0.48400000000000004,0.0,0.5660000000000001,0.462,0.0,0.532,0.517,0.0,0.512,0.48400000000000004,0.0,0.522,0.45100000000000007,0.0,0.532,0.41800000000000004,0.0,0.49,0.517,0.0,0.5,0.48400000000000004,0.0,0.51,0.45100000000000007,0.0,0.49,0.41800000000000004,0.0,0.478,0.5225000000000001,0.0,0.488,0.49500000000000005,0.0,0.46799999999999997,0.4675,0.0,0.478,0.44000000000000006,0.0,0.47150000000000003,0.528,0.0,0.4515,0.506,0.0,0.4615,0.48400000000000004,0.0,0.47150000000000003,0.462,0.0,2026-05-22T14:13:58.487074
help,0.5,0.4,0.0,0.53,0.38,0.0,0.54,0.36000000000000004,0.0,0.55,0.34,0.0,0.5900000000000001,0.28,0.0,0.52,0.37,0.0,0.52,0.34,0.0,0.52,0.31000000000000005,0.0,0.52,0.30000000000000004,0.0,0.5,0.37,0.0,0.5,0.34,0.0,0.5,0.31000000000000005,0.0,0.5,0.30000000000000004,0.0,0.48,0.375,0.0,0.48,0.35000000000000003,0.0,0.48,0.325,0.0,0.48,0.32000000000000006,0.0,0.46499999999999997,0.38,0.0,0.46499999999999997,0.36000000000000004,0.0,0.46499999999999997,0.34,0.0,0.46499999999999997,0.34,0.0,0.5,0.55,0.0,0.533,0.528,0.0,0.544,0.506,0.0,0.555,0.48400000000000004,0.0,0.5660000000000001,0.462,0.0,0.532,0.517,0.0,0.512,0.48400000000000004,0.0,0.522,0.45100000000000007,0.0,0.532,0.41800000000000004,0.0,0.49,0.517,0.0,0.5,0.48400000000000004,0.0,0.51,0.45100000000000007,0.0,0.49,0.41800000000000004,0.0,0.478,0.5225000000000001,0.0,0.488,0.49500000000000005,0.0,0.46799999999999997,0.4675,0.0,0.478,0.44000000000000006,0.0,0.47150000000000003,0.528,0.0,0.4515,0.506,0.0,0.4615,0.48400000000000004,0.0,0.47150000000000003,0.462,0.0,2026-05-22T14:13:58.487074
help,0.5,0.4,0.0,0.47,0.38,0.0,0.46,0.36000000000000004,0.0,0.45,0.34,0.0,0.41000000000000003,0.28,0.0,0.52,0.37,0.0,0.52,0.34,0.0,0.52,0.31000000000000005,0.0,0.52,0.30000000000000004,0.0,0.5,0.37,0.0,0.5,0.34,0.0,0.5,0.31000000000000005,0.0,0.5,0.30000000000000004,0.0,0.48,0.375,0.0,0.48,0.35000000000000003,0.0,0.48,0.325,0.0,0.48,0.32000000000000006,0.0,0.46499999999999997,0.38,0.0,0.46499999999999997,0.36000000000000004,0.0,0.46499999999999997,0.34,0.0,0.46499999999999997,0.34,0.0,0.5,0.55,0.0,0.533,0.528,0.0,0.544,0.506,0.0,0.555,0.48400000000000004,0.0,0.5660000000000001,0.462,0.0,0.532,0.517,0.0,0.512,0.48400000000000004,0.0,0.522,0.45100000000000007,0.0,0.532,0.41800000000000004,0.0,0.49,0.517,0.0,0.5,0.48400000000000004,0.0,0.51,0.45100000000000007,0.0,0.49,0.41800000000000004,0.0,0.478,0.5225000000000001,0.0,0.488,0.49500000000000005,0.0,0.46799999999999997,0.4675,0.0,0.478,0.44000000000000006,0.0,0.47150000000000003,0.528,0.0,0.4515,0.506,0.0,0.4615,0.48400000000000004,0.0,0.47150000000000003,0.462,0.0,2026-05-22T14:13:58.487074
help,0.5,0.4,0.0,0.47,0.38,0.0,0.46,0.36000000000000004,0.0,0.45,0.34,0.0,0.41000000000000003,0.28,0.0,0.52,0.37,0.0,0.52,0.34,0.0,0.52,0.31000000000000005,0.0,0.52,0.30000000000000004,0.0,0.5,0.37,0.0,0.5,0.34,0.0,0.5,0.31000000000000005,0.0,0.5,0.30000000000000004,0.0,0.48,0.375,0.0,0.48,0.35000000000000003,0.0,0.48,0.325,0.0,0.48,0.32000000000000006,0.0,0.46499999999999997,0.38,0.0,0.46499999999999997,0.36000000000000004,0.0,0.46499999999999997,0.34,0.0,0.46499999999999997,0.34,0.0,0.5,0.55,0.0,0.533,0.528,0.0,0.544,0.506,0.0,0.555,0.48400000000000004,0.0,0.5660000000000001,0.462,0.0,0.532,0.517,0.0,0.512,0.48400000000000004,0.0,0.522,0.45100000000000007,0.0,0.532,0.41800000000000004,0.0,0.49,0.517,0.0,0.5,0.48400000000000004,0.0,0.51,0.45100000000000007,0.0,0.49,0.41800000000000004,0.0,0.478,0.5225000000000001,0.0,0.488,0.49500000000000005,0.0,0.46799999999999997,0.4675,0.0,0.478,0.44000000000000006,0.0,0.47150000000000003,0.528,0.0,0.4515,0.506,0.0,0.4615,0.48400000000000004,0.0,0.47150000000000003,0.462,0.0,2026-05-22T14:13:58.487074
help,0.5,0.4,0.0,0.47,0.38,0.0,0.46,0.36000000000000004,0.0,0.45,0.34,0.0,0.41000000000000003,0.28,0.0,0.52,0.37,0.0,0.52,0.34,0.0,0.52,0.31000000000000005,0.0,0.52,0.30000000000000004,0.0,0.5,0.37,0.0,0.5,0.34,0.0,0.5,0.31000000000000005,0.0,0.5,0.30000000000000004,0.0,0.48,0.375,0.0,0.48,0.35000000000000003,0.0,0.48,0.325,0.0,0.48,0.32000000000000006,0.0,0.46499999999999997,0.38,0.0,0.46499999999999997,0.36000000000000004,0.0,0.46499999999999997,0.34,0.0,0.46499999999999997,0.34,0.0,0.5,0.55,0.0,0.533,0.528,0.0,0.544,0.506,0.0,0.555,0.48400000000000004,0.0,0.5660000000000001,0.462,0.0,0.532,0.517,0.0,0.512,0.48400000000000004,0.0,0.522,0.45100000000000007,0.0,0.532,0.41800000000000004,0.0,0.49,0.517,0.0,0.5,0.48400000000000004,0.0,0.51,0.45100000000000007,0.0,0.49,0.41800000000000004,0.0,0.478,0.5225000000000001,0.0,0.488,0.49500000000000005,0.0,0.46799999999999997,0.4675,0.0,0.478,0.44000000000000006,0.0,0.47150000000000003,0.528,0.0,0.4515,0.506,0.0,0.4615,0.48400000000000004,0.0,0.47150000000000003,0.462,0.0,2026-05-22T14:13:58.487074
help,0.5,0.4,0.0,0.53,0.38,0.0,0.54,0.36000000000000004,0.0,0.55,0.34,0.0,0.5900000000000001,0.28,0.0,0.52,0.37,0.0,0.52,0.34,0.0,0.52,0.31000000000000005,0.0,0.52,0.30000000000000004,0.0,0.5,0.37,0.0,0.5,0.34,0.0,0.5,0.31000000000000005,0.0,0.5,0.30000000000000004,0.0,0.48,0.375,0.0,0.48,0.35000000000000003,0.0,0.48,0.325,0.0,0.48,0.32000000000000006,0.0,0.46499999999999997,0.38,0.0,0.46499999999999997,0.36000000000000004,0.0,0.46499999999999997,0.34,0.0,0.46499999999999997,0.34,0.0,0.5,0.55,0.0,0.533,0.528,0.0,0.544,0.506,0.0,0.555,0.48400000000000004,0.0,0.5660000000000001,0.462,0.0,0.532,0.517,0.0,0.512,0.48400000000000004,0.0,0.522,0.45100000000000007,0.0,0.532,0.41800000000000004,0.0,0.49,0.517,0.0,0.5,0.48400000000000004,0.0,0.51,0.45100000000000007,0.0,0.49,0.41800000000000004,0.0,0.478,0.5225000000000001,0.0,0.488,0.49500000000000005,0.0,0.46799999999999997,0.4675,0.0,0.478,0.44000000000000006,0.0,0.47150000000000003,0.528,0.0,0.4515,0.506,0.0,0.4615,0.48400000000000004,0.0,0.47150000000000003,0.462,0.0,2026-05-22T14:13:58.487074
help,0.5,0.4,0.0,0.53,0.38,0.0,0.54,0.36000000000000004,0.0,0.55,0.34,0.0,0.5900000000000001,0.28,0.0,0.52,0.37,0.0,0.52,0.34,0.0,0.52,0.31000000000000005,0.0,0.52,0.30000000000000004,0.0,0.5,0.37,0.0,0.5,0.34,0.0,0.5,0.31000000000000005,0.0,0.5,0.30000000000000004,0.0,0.48,0.375,0.0,0.48,0.35000000000000003,0.0,0.48,0.325,0.0,0.48,0.32000000000000006,0.0,0.46499999999999997,0.38,0.0,0.46499999999999997,0.36000000000000004,0.0,0.46499999999999997,0.34,0.0,0.46499999999999997,0.34,0.0,0.5,0.55,0.0,0.533,0.528,0.0,0.544,0.506,0.0,0.555,0.48400000000000004,0.0,0.5660000000000001,0.462,0.0,0.532,0.517,0.0,0.512,0.48400000000000004,0.0,0.522,0.45100000000000007,0.0,0.532,0.41800000000000004,0.0,0.49,0.517,0.0,0.5,0.48400000000000004,0.0,0.51,0.45100000000000007,0.0,0.49,0.41800000000000004,0.0,0.478,0.5225000000000001,0.0,0.488,0.49500000000000005,0.0,0.46799999999999997,0.4675,0.0,0.478,0.44000000000000006,0.0,0.47150000000000003,0.528,0.0,0.4515,0.506,0.0,0.4615,0.48400000000000004,0.0,0.47150000000000003,0.462,0.0,2026-05-22T14:13:58.487074
help,0.5,0.4,0.0,0.53,0.38,0.0,0.54,0.36000000000000004,0.0,0.55,0.34,0.0,0.5900000000000001,0.28,0.0,0.52,0.37,0.0,0.52,0.34,0.0,0.52,0.31000000000000005,0.0,0.52,0.30000000000000004,0.0,0.5,0.37,0.0,0.5,0.34,0.0,0.5,0.31000000000000005,0.0,0.5,0.30000000000000004,0.0,0.48,0.375,0.0,0.48,0.35000000000000003,0.0,0.48,0.325,0.0,0.48,0.32000000000000006,0.0,0.46499999999999997,0.38,0.0,0.46499999999999997,0.36000000000000004,0.0,0.46499999999999997,0.34,0.0,0.46499999999999997,0.34,0.0,0.5,0.55,0.0,0.533,0.528,0.0,0.544,0.506,0.0,0.555,0.48400000000000004,0.0,0.5660000000000001,0.462,0.0,0.532,0.517,0.0,0.512,0.48400000000000004,0.0,0.522,0.45100000000000007,0.0,0.532,0.41800000000000004,0.0,0.49,0.517,0.0,0.5,0.48400000000000004,0.0,0.51,0.45100000000000007,0.0,0.49,0.41800000000000004,0.0,0.478,0.5225000000000001,0.0,0.488,0.49500000000000005,0.0,0.46799999999999997,0.4675,0.0,0.478,0.44000000000000006,0.0,0.47150000000000003,0.528,0.0,0.4515,0.506,0.0,0.4615,0.48400000000000004,0.0,0.47150000000000003,0.462,0.0,2026-05-22T14:13:58.487074
help,0.5,0.4,0.0,0.47,0.38,0.0,0.46,0.36000000000000004,0.0,0.45,0.34,0.0,0.41000000000000003,0.28,0.0,0.52,0.37,0.0,0.52,0.34,0.0,0.52,0.31000000000000005,0.0,0.52,0.30000000000000004,0.0,0.5,0.37,0.0,0.5,0.34,0.0,0.5,0.31000000000000005,0.0,0.5,0.30000000000000004,0.0,0.48,0.375,0.0,0.48,0.35000000000000003,0.0,0.48,0.325,0.0,0.48,0.32000000000000006,0.0,0.46499999999999997,0.38,0.0,0.46499999999999997,0.36000000000000004,0.0,0.46499999999999997,0.34,0.0,0.46499999999999997,0.34,0.0,0.5,0.55,0.0,0.533,0.528,0.0,0.544,0.506,0.0,0.555,0.48400000000000004,0.0,0.5660000000000001,0.462,0.0,0.532,0.517,0.0,0.512,0.48400000000000004,0.0,0.522,0.45100000000000007,0.0,0.532,0.41800000000000004,0.0,0.49,0.517,0.0,0.5,0.48400000000000004,0.0,0.51,0.45100000000000007,0.0,0.49,0.41800000000000004,0.0,0.478,0.5225000000000001,0.0,0.488,0.49500000000000005,0.0,0.46799999999999997,0.4675,0.0,0.478,0.44000000000000006,0.0,0.47150000000000003,0.528,0.0,0.4515,0.506,0.0,0.4615,0.48400000000000004,0.0,0.47150000000000003,0.462,0.0,2026-05-22T14:13:58.487074
help,0.5,0.4,0.0,0.53,0.38,0.0,0.54,0.36000000000000004,0.0,0.55,0.34,0.0,0.5900000000000001,0.28,0.0,0.52,0.37,0.0,0.52,0.34,0.0,0.52,0.31000000000000005,0.0,0.52,0.30000000000000004,0.0,0.5,0.37,0.0,0.5,0.34,0.0,0.5,0.31000000000000005,0.0,0.5,0.30000000000000004,0.0,0.48,0.375,0.0,0.48,0.35000000000000003,0.0,0.48,0.325,0.0,0.48,0.32000000000000006,0.0,0.46499999999999997,0.38,0.0,0.46499999999999997,0.36000000000000004,0.0,0.46499999999999997,0.34,0.0,0.46499999999999997,0.34,0.0,0.5,0.55,0.0,0.533,0.528,0.0,0.544,0.506,0.0,0.555,0.48400000000000004,0.0,0.5660000000000001,0.462,0.0,0.532,0.517,0.0,0.512,0.48400000000000004,0.0,0.522,0.45100000000000007,0.0,0.532,0.41800000000000004,0.0,0.49,0.517,0.0,0.5,0.48400000000000004,0.0,0.51,0.45100000000000007,0.0,0.49,0.41800000000000004,0.0,0.478,0.5225000000000001,0.0,0.488,0.49500000000000005,0.0,0.46799999999999997,0.4675,0.0,0.478,0.44000000000000006,0.0,0.47150000000000003,0.528,0.0,0.4515,0.506,0.0,0.4615,0.48400000000000004,0.0,0.47150000000000003,0.462,0.0,2026-05-22T14:13:58.488579
help,0.5,0.4,0.0,0.53,0.38,0.0,0.54,0.36000000000000004,0.0,0.55,0.34,0.0,0.5900000000000001,0.28,0.0,0.52,0.37,0.0,0.52,0.34,0.0,0.52,0.31000000000000005,0.0,0.52,0.30000000000000004,0.0,0.5,0.37,0.0,0.5,0.34,0.0,0.5,0.31000000000000005,0.0,0.5,0.30000000000000004,0.0,0.48,0.375,0.0,0.48,0.35000000000000003,0.0,0.48,0.325,0.0,0.48,0.32000000000000006,0.0,0.46499999999999997,0.38,0.0,0.46499999999999997,0.36000000000000004,0.0,0.46499999999999997,0.34,0.0,0.46499999999999997,0.34,0.0,0.5,0.55,0.0,0.533,0.528,0.0,0.544,0.506,0.0,0.555,0.48400000000000004,0.0,0.5660000000000001,0.462,0.0,0.532,0.517,0.0,0.512,0.48400000000000004,0.0,0.522,0.45100000000000007,0.0,0.532,0.41800000000000004,0.0,0.49,0.517,0.0,0.5,0.48400000000000004,0.0,0.51,0.45100000000000007,0.0,0.49,0.41800000000000004,0.0,0.478,0.5225000000000001,0.0,0.488,0.49500000000000005,0.0,0.46799999999999997,0.4675,0.0,0.478,0.44000000000000006,0.0,0.47150000000000003,0.528,0.0,0.4515,0.506,0.0,0.4615,0.48400000000000004,0.0,0.47150000000000003,0.462,0.0,2026-05-22T14:13:58.488579
help,0.5,0.4,0.0,0.53,0.38,0.0,0.54,0.36000000000000004,0.0,0.55,0.34,0.0,0.5900000000000001,0.28,0.0,0.52,0.37,0.0,0.52,0.34,0.0,0.52,0.31000000000000005,0.0,0.52,0.30000000000000004,0.0,0.5,0.37,0.0,0.5,0.34,0.0,0.5,0.31000000000000005,0.0,0.5,0.30000000000000004,0.0,0.48,0.375,0.0,0.48,0.35000000000000003,0.0,0.48,0.325,0.0,0.48,0.32000000000000006,0.0,0.46499999999999997,0.38,0.0,0.46499999999999997,0.36000000000000004,0.0,0.46499999999999997,0.34,0.0,0.46499999999999997,0.34,0.0,0.5,0.55,0.0,0.533,0.528,0.0,0.544,0.506,0.0,0.555,0.48400000000000004,0.0,0.5660000000000001,0.462,0.0,0.532,0.517,0.0,0.512,0.48400000000000004,0.0,0.522,0.45100000000000007,0.0,0.532,0.41800000000000004,0.0,0.49,0.517,0.0,0.5,0.48400000000000004,0.0,0.51,0.45100000000000007,0.0,0.49,0.41800000000000004,0.0,0.478,0.5225000000000001,0.0,0.488,0.49500000000000005,0.0,0.46799999999999997,0.4675,0.0,0.478,0.44000000000000006,0.0,0.47150000000000003,0.528,0.0,0.4515,0.506,0.0,0.4615,0.48400000000000004,0.0,0.47150000000000003,0.462,0.0,2026-05-22T14:13:58.488579
help,0.5,0.4,0.0,0.53,0.38,0.0,0.54,0.36000000000000004,0.0,0.55,0.34,0.0,0.5900000000000001,0.28,0.0,0.52,0.37,0.0,0.52,0.34,0.0,0.52,0.31000000000000005,0.0,0.52,0.30000000000000004,0.0,0.5,0.37,0.0,0.5,0.34,0.0,0.5,0.31000000000000005,0.0,0.5,0.30000000000000004,0.0,0.48,0.375,0.0,0.48,0.35000000000000003,0.0,0.48,0.325,0.0,0.48,0.32000000000000006,0.0,0.46499999999999997,0.38,0.0,0.46499999999999997,0.36000000000000004,0.0,0.46499999999999997,0.34,0.0,0.46499999999999997,0.34,0.0,0.5,0.55,0.0,0.533,0.528,0.0,0.544,0.506,0.0,0.555,0.48400000000000004,0.0,0.5660000000000001,0.462,0.0,0.532,0.517,0.0,0.512,0.48400000000000004,0.0,0.522,0.45100000000000007,0.0,0.532,0.41800000000000004,0.0,0.49,0.517,0.0,0.5,0.48400000000000004,0.0,0.51,0.45100000000000007,0.0,0.49,0.41800000000000004,0.0,0.478,0.5225000000000001,0.0,0.488,0.49500000000000005,0.0,0.46799999999999997,0.4675,0.0,0.478,0.44000000000000006,0.0,0.47150000000000003,0.528,0.0,0.4515,0.506,0.0,0.4615,0.48400000000000004,0.0,0.47150000000000003,0.462,0.0,2026-05-22T14:13:58.488579
help,0.5,0.4,0.0,0.47,0.38,0.0,0.46,0.36000000000000004,0.0,0.45,0.34,0.0,0.41000000000000003,0.28,0.0,0.52,0.37,0.0,0.52,0.34,0.0,0.52,0.31000000000000005,0.0,0.52,0.30000000000000004,0.0,0.5,0.37,0.0,0.5,0.34,0.0,0.5,0.31000000000000005,0.0,0.5,0.30000000000000004,0.0,0.48,0.375,0.0,0.48,0.35000000000000003,0.0,0.48,0.325,0.0,0.48,0.32000000000000006,0.0,0.46499999999999997,0.38,0.0,0.46499999999999997,0.36000000000000004,0.0,0.46499999999999997,0.34,0.0,0.46499999999999997,0.34,0.0,0.5,0.55,0.0,0.533,0.528,0.0,0.544,0.506,0.0,0.555,0.48400000000000004,0.0,0.5660000000000001,0.462,0.0,0.532,0.517,0.0,0.512,0.48400000000000004,0.0,0.522,0.45100000000000007,0.0,0.532,0.41800000000000004,0.0,0.49,0.517,0.0,0.5,0.48400000000000004,0.0,0.51,0.45100000000000007,0.0,0.49,0.41800000000000004,0.0,0.478,0.5225000000000001,0.0,0.488,0.49500000000000005,0.0,0.46799999999999997,0.4675,0.0,0.478,0.44000000000000006,0.0,0.47150000000000003,0.528,0.0,0.4515,0.506,0.0,0.4615,0.48400000000000004,0.0,0.47150000000000003,0.462,0.0,2026-05-22T14:13:58.488579
help,0.5,0.4,0.0,0.53,0.38,0.0,0.54,0.36000000000000004,0.0,0.55,0.34,0.0,0.5900000000000001,0.28,0.0,0.52,0.37,0.0,0.52,0.34,0.0,0.52,0.31000000000000005,0.0,0.52,0.30000000000000004,0.0,0.5,0.37,0.0,0.5,0.34,0.0,0.5,0.31000000000000005,0.0,0.5,0.30000000000000004,0.0,0.48,0.375,0.0,0.48,0.35000000000000003,0.0,0.48,0.325,0.0,0.48,0.32000000000000006,0.0,0.46499999999999997,0.38,0.0,0.46499999999999997,0.36000000000000004,0.0,0.46499999999999997,0.34,0.0,0.46499999999999997,0.34,0.0,0.5,0.55,0.0,0.533,0.528,0.0,0.544,0.506,0.0,0.555,0.48400000000000004,0.0,0.5660000000000001,0.462,0.0,0.532,0.517,0.0,0.512,0.48400000000000004,0.0,0.522,0.45100000000000007,0.0,0.532,0.41800000000000004,0.0,0.49,0.517,0.0,0.5,0.48400000000000004,0.0,0.51,0.45100000000000007,0.0,0.49,0.41800000000000004,0.0,0.478,0.5225000000000001,0.0,0.488,0.49500000000000005,0.0,0.46799999999999997,0.4675,0.0,0.478,0.44000000000000006,0.0,0.47150000000000003,0.528,0.0,0.4515,0.506,0.0,0.4615,0.48400000000000004,0.0,0.47150000000000003,0.462,0.0,2026-05-22T14:13:58.488579
help,0.5,0.4,0.0,0.53,0.38,0.0,0.54,0.36000000000000004,0.0,0.55,0.34,0.0,0.5900000000000001,0.28,0.0,0.52,0.37,0.0,0.52,0.34,0.0,0.52,0.31000000000000005,0.0,0.52,0.30000000000000004,0.0,0.5,0.37,0.0,0.5,0.34,0.0,0.5,0.31000000000000005,0.0,0.5,0.30000000000000004,0.0,0.48,0.375,0.0,0.48,0.35000000000000003,0.0,0.48,0.325,0.0,0.48,0.32000000000000006,0.0,0.46499999999999997,0.38,0.0,0.46499999999999997,0.36000000000000004,0.0,0.46499999999999997,0.34,0.0,0.46499999999999997,0.34,0.0,0.5,0.55,0.0,0.533,0.528,0.0,0.544,0.506,0.0,0.555,0.48400000000000004,0.0,0.5660000000000001,0.462,0.0,0.532,0.517,0.0,0.512,0.48400000000000004,0.0,0.522,0.45100000000000007,0.0,0.532,0.41800000000000004,0.0,0.49,0.517,0.0,0.5,0.48400000000000004,0.0,0.51,0.45100000000000007,0.0,0.49,0.41800000000000004,0.0,0.478,0.5225000000000001,0.0,0.488,0.49500000000000005,0.0,0.46799999999999997,0.4675,0.0,0.478,0.44000000000000006,0.0,0.47150000000000003,0.528,0.0,0.4515,0.506,0.0,0.4615,0.48400000000000004,0.0,0.47150000000000003,0.462,0.0,2026-05-22T14:13:58.488579
help,0.5,0.4,0.0,0.53,0.38,0.0,0.54,0.36000000000000004,0.0,0.55,0.34,0.0,0.5900000000000001,0.28,0.0,0.52,0.37,0.0,0.52,0.34,0.0,0.52,0.31000000000000005,0.0,0.52,0.30000000000000004,0.0,0.5,0.37,0.0,0.5,0.34,0.0,0.5,0.31000000000000005,0.0,0.5,0.30000000000000004,0.0,0.48,0.375,0.0,0.48,0.35000000000000003,0.0,0.48,0.325,0.0,0.48,0.32000000000000006,0.0,0.46499999999999997,0.38,0.0,0.46499999999999997,0.36000000000000004,0.0,0.46499999999999997,0.34,0.0,0.46499999999999997,0.34,0.0,0.5,0.55,0.0,0.533,0.528,0.0,0.544,0.506,0.0,0.555,0.48400000000000004,0.0,0.5660000000000001,0.462,0.0,0.532,0.517,0.0,0.512,0.48400000000000004,0.0,0.522,0.45100000000000007,0.0,0.532,0.41800000000000004,0.0,0.49,0.517,0.0,0.5,0.48400000000000004,0.0,0.51,0.45100000000000007,0.0,0.49,0.41800000000000004,0.0,0.478,0.5225000000000001,0.0,0.488,0.49500000000000005,0.0,0.46799999999999997,0.4675,0.0,0.478,0.44000000000000006,0.0,0.47150000000000003,0.528,0.0,0.4515,0.506,0.0,0.4615,0.48400000000000004,0.0,0.47150000000000003,0.462,0.0,2026-05-22T14:13:58.488579
help,0.5,0.4,0.0,0.53,0.38,0.0,0.54,0.36000000000000004,0.0,0.55,0.34,0.0,0.5900000000000001,0.28,0.0,0.52,0.37,0.0,0.52,0.34,0.0,0.52,0.31000000000000005,0.0,0.52,0.30000000000000004,0.0,0.5,0.37,0.0,0.5,0.34,0.0,0.5,0.31000000000000005,0.0,0.5,0.30000000000000004,0.0,0.48,0.375,0.0,0.48,0.35000000000000003,0.0,0.48,0.325,0.0,0.48,0.32000000000000006,0.0,0.46499999999999997,0.38,0.0,0.46499999999999997,0.36000000000000004,0.0,0.46499999999999997,0.34,0.0,0.46499999999999997,0.34,0.0,0.5,0.55,0.0,0.533,0.528,0.0,0.544,0.506,0.0,0.555,0.48400000000000004,0.0,0.5660000000000001,0.462,0.0,0.532,0.517,0.0,0.512,0.48400000000000004,0.0,0.522,0.45100000000000007,0.0,0.532,0.41800000000000004,0.0,0.49,0.517,0.0,0.5,0.48400000000000004,0.0,0.51,0.45100000000000007,0.0,0.49,0.41800000000000004,0.0,0.478,0.5225000000000001,0.0,0.488,0.49500000000000005,0.0,0.46799999999999997,0.4675,0.0,0.478,0.44000000000000006,0.0,0.47150000000000003,0.528,0.0,0.4515,0.506,0.0,0.4615,0.48400000000000004,0.0,0.47150000000000003,0.462,0.0,2026-05-22T14:13:58.488579
help,0.5,0.4,0.0,0.47,0.38,0.0,0.46,0.36000000000000004,0.0,0.45,0.34,0.0,0.41000000000000003,0.28,0.0,0.52,0.37,0.0,0.52,0.34,0.0,0.52,0.31000000000000005,0.0,0.52,0.30000000000000004,0.0,0.5,0.37,0.0,0.5,0.34,0.0,0.5,0.31000000000000005,0.0,0.5,0.30000000000000004,0.0,0.48,0.375,0.0,0.48,0.35000000000000003,0.0,0.48,0.325,0.0,0.48,0.32000000000000006,0.0,0.46499999999999997,0.38,0.0,0.46499999999999997,0.36000000000000004,0.0,0.46499999999999997,0.34,0.0,0.46499999999999997,0.34,0.0,0.5,0.55,0.0,0.533,0.528,0.0,0.544,0.506,0.0,0.555,0.48400000000000004,0.0,0.5660000000000001,0.462,0.0,0.532,0.517,0.0,0.512,0.48400000000000004,0.0,0.522,0.45100000000000007,0.0,0.532,0.41800000000000004,0.0,0.49,0.517,0.0,0.5,0.48400000000000004,0.0,0.51,0.45100000000000007,0.0,0.49,0.41800000000000004,0.0,0.478,0.5225000000000001,0.0,0.488,0.49500000000000005,0.0,0.46799999999999997,0.4675,0.0,0.478,0.44000000000000006,0.0,0.47150000000000003,0.528,0.0,0.4515,0.506,0.0,0.4615,0.48400000000000004,0.0,0.47150000000000003,0.462,0.0,2026-05-22T14:13:58.488579
help,0.5,0.4,0.0,0.53,0.38,0.0,0.54,0.36000000000000004,0.0,0.55,0.34,0.0,0.5900000000000001,0.28,0.0,0.52,0.37,0.0,0.52,0.34,0.0,0.52,0.31000000000000005,0.0,0.52,0.30000000000000004,0.0,0.5,0.37,0.0,0.5,0.34,0.0,0.5,0.31000000000000005,0.0,0.5,0.30000000000000004,0.0,0.48,0.375,0.0,0.48,0.35000000000000003,0.0,0.48,0.325,0.0,0.48,0.32000000000000006,0.0,0.46499999999999997,0.38,0.0,0.46499999999999997,0.36000000000000004,0.0,0.46499999999999997,0.34,0.0,0.46499999999999997,0.34,0.0,0.5,0.55,0.0,0.533,0.528,0.0,0.544,0.506,0.0,0.555,0.48400000000000004,0.0,0.5660000000000001,0.462,0.0,0.532,0.517,0.0,0.512,0.48400000000000004,0.0,0.522,0.45100000000000007,0.0,0.532,0.41800000000000004,0.0,0.49,0.517,0.0,0.5,0.48400000000000004,0.0,0.51,0.45100000000000007,0.0,0.49,0.41800000000000004,0.0,0.478,0.5225000000000001,0.0,0.488,0.49500000000000005,0.0,0.46799999999999997,0.4675,0.0,0.478,0.44000000000000006,0.0,0.47150000000000003,0.528,0.0,0.4515,0.506,0.0,0.4615,0.48400000000000004,0.0,0.47150000000000003,0.462,0.0,2026-05-22T14:13:58.488579
help,0.5,0.4,0.0,0.53,0.38,0.0,0.54,0.36000000000000004,0.0,0.55,0.34,0.0,0.5900000000000001,0.28,0.0,0.52,0.37,0.0,0.52,0.34,0.0,0.52,0.31000000000000005,0.0,0.52,0.30000000000000004,0.0,0.5,0.37,0.0,0.5,0.34,0.0,0.5,0.31000000000000005,0.0,0.5,0.30000000000000004,0.0,0.48,0.375,0.0,0.48,0.35000000000000003,0.0,0.48,0.325,0.0,0.48,0.32000000000000006,0.0,0.46499999999999997,0.38,0.0,0.46499999999999997,0.36000000000000004,0.0,0.46499999999999997,0.34,0.0,0.46499999999999997,0.34,0.0,0.5,0.55,0.0,0.533,0.528,0.0,0.544,0.506,0.0,0.555,0.48400000000000004,0.0,0.5660000000000001,0.462,0.0,0.532,0.517,0.0,0.512,0.48400000000000004,0.0,0.522,0.45100000000000007,0.0,0.532,0.41800000000000004,0.0,0.49,0.517,0.0,0.5,0.48400000000000004,0.0,0.51,0.45100000000000007,0.0,0.49,0.41800000000000004,0.0,0.478,0.5225000000000001,0.0,0.488,0.49500000000000005,0.0,0.46799999999999997,0.4675,0.0,0.478,0.44000000000000006,0.0,0.47150000000000003,0.528,0.0,0.4515,0.506,0.0,0.4615,0.48400000000000004,0.0,0.47150000000000003,0.462,0.0,2026-05-22T14:13:58.488579
help,0.5,0.4,0.0,0.53,0.38,0.0,0.54,0.36000000000000004,0.0,0.55,0.34,0.0,0.5900000000000001,0.28,0.0,0.52,0.37,0.0,0.52,0.34,0.0,0.52,0.31000000000000005,0.0,0.52,0.30000000000000004,0.0,0.5,0.37,0.0,0.5,0.34,0.0,0.5,0.31000000000000005,0.0,0.5,0.30000000000000004,0.0,0.48,0.375,0.0,0.48,0.35000000000000003,0.0,0.48,0.325,0.0,0.48,0.32000000000000006,0.0,0.46499999999999997,0.38,0.0,0.46499999999999997,0.36000000000000004,0.0,0.46499999999999997,0.34,0.0,0.46499999999999997,0.34,0.0,0.5,0.55,0.0,0.533,0.528,0.0,0.544,0.506,0.0,0.555,0.48400000000000004,0.0,0.5660000000000001,0.462,0.0,0.532,0.517,0.0,0.512,0.48400000000000004,0.0,0.522,0.45100000000000007,0.0,0.532,0.41800000000000004,0.0,0.49,0.517,0.0,0.5,0.48400000000000004,0.0,0.51,0.45100000000000007,0.0,0.49,0.41800000000000004,0.0,0.478,0.5225000000000001,0.0,0.488,0.49500000000000005,0.0,0.46799999999999997,0.4675,0.0,0.478,0.44000000000000006,0.0,0.47150000000000003,0.528,0.0,0.4515,0.506,0.0,0.4615,0.48400000000000004,0.0,0.47150000000000003,0.462,0.0,2026-05-22T14:13:58.489586
help,0.5,0.4,0.0,0.53,0.38,0.0,0.54,0.36000000000000004,0.0,0.55,0.34,0.0,0.5900000000000001,0.28,0.0,0.52,0.37,0.0,0.52,0.34,0.0,0.52,0.31000000000000005,0.0,0.52,0.30000000000000004,0.0,0.5,0.37,0.0,0.5,0.34,0.0,0.5,0.31000000000000005,0.0,0.5,0.30000000000000004,0.0,0.48,0.375,0.0,0.48,0.35000000000000003,0.0,0.48,0.325,0.0,0.48,0.32000000000000006,0.0,0.46499999999999997,0.38,0.0,0.46499999999999997,0.36000000000000004,0.0,0.46499999999999997,0.34,0.0,0.46499999999999997,0.34,0.0,0.5,0.55,0.0,0.533,0.528,0.0,0.544,0.506,0.0,0.555,0.48400000000000004,0.0,0.5660000000000001,0.462,0.0,0.532,0.517,0.0,0.512,0.48400000000000004,0.0,0.522,0.45100000000000007,0.0,0.532,0.41800000000000004,0.0,0.49,0.517,0.0,0.5,0.48400000000000004,0.0,0.51,0.45100000000000007,0.0,0.49,0.41800000000000004,0.0,0.478,0.5225000000000001,0.0,0.488,0.49500000000000005,0.0,0.46799999999999997,0.4675,0.0,0.478,0.44000000000000006,0.0,0.47150000000000003,0.528,0.0,0.4515,0.506,0.0,0.4615,0.48400000000000004,0.0,0.47150000000000003,0.462,0.0,2026-05-22T14:13:58.489586
help,0.5,0.4,0.0,0.47,0.38,0.0,0.46,0.36000000000000004,0.0,0.45,0.34,0.0,0.41000000000000003,0.28,0.0,0.52,0.37,0.0,0.52,0.34,0.0,0.52,0.31000000000000005,0.0,0.52,0.30000000000000004,0.0,0.5,0.37,0.0,0.5,0.34,0.0,0.5,0.31000000000000005,0.0,0.5,0.30000000000000004,0.0,0.48,0.375,0.0,0.48,0.35000000000000003,0.0,0.48,0.325,0.0,0.48,0.32000000000000006,0.0,0.46499999999999997,0.38,0.0,0.46499999999999997,0.36000000000000004,0.0,0.46499999999999997,0.34,0.0,0.46499999999999997,0.34,0.0,0.5,0.55,0.0,0.533,0.528,0.0,0.544,0.506,0.0,0.555,0.48400000000000004,0.0,0.5660000000000001,0.462,0.0,0.532,0.517,0.0,0.512,0.48400000000000004,0.0,0.522,0.45100000000000007,0.0,0.532,0.41800000000000004,0.0,0.49,0.517,0.0,0.5,0.48400000000000004,0.0,0.51,0.45100000000000007,0.0,0.49,0.41800000000000004,0.0,0.478,0.5225000000000001,0.0,0.488,0.49500000000000005,0.0,0.46799999999999997,0.4675,0.0,0.478,0.44000000000000006,0.0,0.47150000000000003,0.528,0.0,0.4515,0.506,0.0,0.4615,0.48400000000000004,0.0,0.47150000000000003,0.462,0.0,2026-05-22T14:13:58.489586
help,0.5,0.4,0.0,0.53,0.38,0.0,0.54,0.36000000000000004,0.0,0.55,0.34,0.0,0.5900000000000001,0.28,0.0,0.52,0.37,0.0,0.52,0.34,0.0,0.52,0.31000000000000005,0.0,0.52,0.30000000000000004,0.0,0.5,0.37,0.0,0.5,0.34,0.0,0.5,0.31000000000000005,0.0,0.5,0.30000000000000004,0.0,0.48,0.375,0.0,0.48,0.35000000000000003,0.0,0.48,0.325,0.0,0.48,0.32000000000000006,0.0,0.46499999999999997,0.38,0.0,0.46499999999999997,0.36000000000000004,0.0,0.46499999999999997,0.34,0.0,0.46499999999999997,0.34,0.0,0.5,0.55,0.0,0.533,0.528,0.0,0.544,0.506,0.0,0.555,0.48400000000000004,0.0,0.5660000000000001,0.462,0.0,0.532,0.517,0.0,0.512,0.48400000000000004,0.0,0.522,0.45100000000000007,0.0,0.532,0.41800000000000004,0.0,0.49,0.517,0.0,0.5,0.48400000000000004,0.0,0.51,0.45100000000000007,0.0,0.49,0.41800000000000004,0.0,0.478,0.5225000000000001,0.0,0.488,0.49500000000000005,0.0,0.46799999999999997,0.4675,0.0,0.478,0.44000000000000006,0.0,0.47150000000000003,0.528,0.0,0.4515,0.506,0.0,0.4615,0.48400000000000004,0.0,0.47150000000000003,0.462,0.0,2026-05-22T14:13:58.489586
help,0.5,0.4,0.0,0.47,0.38,0.0,0.46,0.36000000000000004,0.0,0.45,0.34,0.0,0.41000000000000003,0.28,0.0,0.52,0.37,0.0,0.52,0.34,0.0,0.52,0.31000000000000005,0.0,0.52,0.30000000000000004,0.0,0.5,0.37,0.0,0.5,0.34,0.0,0.5,0.31000000000000005,0.0,0.5,0.30000000000000004,0.0,0.48,0.375,0.0,0.48,0.35000000000000003,0.0,0.48,0.325,0.0,0.48,0.32000000000000006,0.0,0.46499999999999997,0.38,0.0,0.46499999999999997,0.36000000000000004,0.0,0.46499999999999997,0.34,0.0,0.46499999999999997,0.34,0.0,0.5,0.55,0.0,0.533,0.528,0.0,0.544,0.506,0.0,0.555,0.48400000000000004,0.0,0.5660000000000001,0.462,0.0,0.532,0.517,0.0,0.512,0.48400000000000004,0.0,0.522,0.45100000000000007,0.0,0.532,0.41800000000000004,0.0,0.49,0.517,0.0,0.5,0.48400000000000004,0.0,0.51,0.45100000000000007,0.0,0.49,0.41800000000000004,0.0,0.478,0.5225000000000001,0.0,0.488,0.49500000000000005,0.0,0.46799999999999997,0.4675,0.0,0.478,0.44000000000000006,0.0,0.47150000000000003,0.528,0.0,0.4515,0.506,0.0,0.4615,0.48400000000000004,0.0,0.47150000000000003,0.462,0.0,2026-05-22T14:13:58.489586
help,0.5,0.4,0.0,0.53,0.38,0.0,0.54,0.36000000000000004,0.0,0.55,0.34,0.0,0.5900000000000001,0.28,0.0,0.52,0.37,0.0,0.52,0.34,0.0,0.52,0.31000000000000005,0.0,0.52,0.30000000000000004,0.0,0.5,0.37,0.0,0.5,0.34,0.0,0.5,0.31000000000000005,0.0,0.5,0.30000000000000004,0.0,0.48,0.375,0.0,0.48,0.35000000000000003,0.0,0.48,0.325,0.0,0.48,0.32000000000000006,0.0,0.46499999999999997,0.38,0.0,0.46499999999999997,0.36000000000000004,0.0,0.46499999999999997,0.34,0.0,0.46499999999999997,0.34,0.0,0.5,0.55,0.0,0.533,0.528,0.0,0.544,0.506,0.0,0.555,0.48400000000000004,0.0,0.5660000000000001,0.462,0.0,0.532,0.517,0.0,0.512,0.48400000000000004,0.0,0.522,0.45100000000000007,0.0,0.532,0.41800000000000004,0.0,0.49,0.517,0.0,0.5,0.48400000000000004,0.0,0.51,0.45100000000000007,0.0,0.49,0.41800000000000004,0.0,0.478,0.5225000000000001,0.0,0.488,0.49500000000000005,0.0,0.46799999999999997,0.4675,0.0,0.478,0.44000000000000006,0.0,0.47150000000000003,0.528,0.0,0.4515,0.506,0.0,0.4615,0.48400000000000004,0.0,0.47150000000000003,0.462,0.0,2026-05-22T14:13:58.489586
help,0.5,0.4,0.0,0.47,0.38,0.0,0.46,0.36000000000000004,0.0,0.45,0.34,0.0,0.41000000000000003,0.28,0.0,0.52,0.37,0.0,0.52,0.34,0.0,0.52,0.31000000000000005,0.0,0.52,0.30000000000000004,0.0,0.5,0.37,0.0,0.5,0.34,0.0,0.5,0.31000000000000005,0.0,0.5,0.30000000000000004,0.0,0.48,0.375,0.0,0.48,0.35000000000000003,0.0,0.48,0.325,0.0,0.48,0.32000000000000006,0.0,0.46499999999999997,0.38,0.0,0.46499999999999997,0.36000000000000004,0.0,0.46499999999999997,0.34,0.0,0.46499999999999997,0.34,0.0,0.5,0.55,0.0,0.533,0.528,0.0,0.544,0.506,0.0,0.555,0.48400000000000004,0.0,0.5660000000000001,0.462,0.0,0.532,0.517,0.0,0.512,0.48400000000000004,0.0,0.522,0.45100000000000007,0.0,0.532,0.41800000000000004,0.0,0.49,0.517,0.0,0.5,0.48400000000000004,0.0,0.51,0.45100000000000007,0.0,0.49,0.41800000000000004,0.0,0.478,0.5225000000000001,0.0,0.488,0.49500000000000005,0.0,0.46799999999999997,0.4675,0.0,0.478,0.44000000000000006,0.0,0.47150000000000003,0.528,0.0,0.4515,0.506,0.0,0.4615,0.48400000000000004,0.0,0.47150000000000003,0.462,0.0,2026-05-22T14:13:58.489586
help,0.5,0.4,0.0,0.47,0.38,0.0,0.46,0.36000000000000004,0.0,0.45,0.34,0.0,0.41000000000000003,0.28,0.0,0.52,0.37,0.0,0.52,0.34,0.0,0.52,0.31000000000000005,0.0,0.52,0.30000000000000004,0.0,0.5,0.37,0.0,0.5,0.34,0.0,0.5,0.31000000000000005,0.0,0.5,0.30000000000000004,0.0,0.48,0.375,0.0,0.48,0.35000000000000003,0.0,0.48,0.325,0.0,0.48,0.32000000000000006,0.0,0.46499999999999997,0.38,0.0,0.46499999999999997,0.36000000000000004,0.0,0.46499999999999997,0.34,0.0,0.46499999999999997,0.34,0.0,0.5,0.55,0.0,0.533,0.528,0.0,0.544,0.506,0.0,0.555,0.48400000000000004,0.0,0.5660000000000001,0.462,0.0,0.532,0.517,0.0,0.512,0.48400000000000004,0.0,0.522,0.45100000000000007,0.0,0.532,0.41800000000000004,0.0,0.49,0.517,0.0,0.5,0.48400000000000004,0.0,0.51,0.45100000000000007,0.0,0.49,0.41800000000000004,0.0,0.478,0.5225000000000001,0.0,0.488,0.49500000000000005,0.0,0.46799999999999997,0.4675,0.0,0.478,0.44000000000000006,0.0,0.47150000000000003,0.528,0.0,0.4515,0.506,0.0,0.4615,0.48400000000000004,0.0,0.47150000000000003,0.462,0.0,2026-05-22T14:13:58.489586
help,0.5,0.4,0.0,0.53,0.38,0.0,0.54,0.36000000000000004,0.0,0.55,0.34,0.0,0.5900000000000001,0.28,0.0,0.52,0.37,0.0,0.52,0.34,0.0,0.52,0.31000000000000005,0.0,0.52,0.30000000000000004,0.0,0.5,0.37,0.0,0.5,0.34,0.0,0.5,0.31000000000000005,0.0,0.5,0.30000000000000004,0.0,0.48,0.375,0.0,0.48,0.35000000000000003,0.0,0.48,0.325,0.0,0.48,0.32000000000000006,0.0,0.46499999999999997,0.38,0.0,0.46499999999999997,0.36000000000000004,0.0,0.46499999999999997,0.34,0.0,0.46499999999999997,0.34,0.0,0.5,0.55,0.0,0.533,0.528,0.0,0.544,0.506,0.0,0.555,0.48400000000000004,0.0,0.5660000000000001,0.462,0.0,0.532,0.517,0.0,0.512,0.48400000000000004,0.0,0.522,0.45100000000000007,0.0,0.532,0.41800000000000004,0.0,0.49,0.517,0.0,0.5,0.48400000000000004,0.0,0.51,0.45100000000000007,0.0,0.49,0.41800000000000004,0.0,0.478,0.5225000000000001,0.0,0.488,0.49500000000000005,0.0,0.46799999999999997,0.4675,0.0,0.478,0.44000000000000006,0.0,0.47150000000000003,0.528,0.0,0.4515,0.506,0.0,0.4615,0.48400000000000004,0.0,0.47150000000000003,0.462,0.0,2026-05-22T14:13:58.489586
help,0.5,0.4,0.0,0.53,0.38,0.0,0.54,0.36000000000000004,0.0,0.55,0.34,0.0,0.5900000000000001,0.28,0.0,0.52,0.37,0.0,0.52,0.34,0.0,0.52,0.31000000000000005,0.0,0.52,0.30000000000000004,0.0,0.5,0.37,0.0,0.5,0.34,0.0,0.5,0.31000000000000005,0.0,0.5,0.30000000000000004,0.0,0.48,0.375,0.0,0.48,0.35000000000000003,0.0,0.48,0.325,0.0,0.48,0.32000000000000006,0.0,0.46499999999999997,0.38,0.0,0.46499999999999997,0.36000000000000004,0.0,0.46499999999999997,0.34,0.0,0.46499999999999997,0.34,0.0,0.5,0.55,0.0,0.533,0.528,0.0,0.544,0.506,0.0,0.555,0.48400000000000004,0.0,0.5660000000000001,0.462,0.0,0.532,0.517,0.0,0.512,0.48400000000000004,0.0,0.522,0.45100000000000007,0.0,0.532,0.41800000000000004,0.0,0.49,0.517,0.0,0.5,0.48400000000000004,0.0,0.51,0.45100000000000007,0.0,0.49,0.41800000000000004,0.0,0.478,0.5225000000000001,0.0,0.488,0.49500000000000005,0.0,0.46799999999999997,0.4675,0.0,0.478,0.44000000000000006,0.0,0.47150000000000003,0.528,0.0,0.4515,0.506,0.0,0.4615,0.48400000000000004,0.0,0.47150000000000003,0.462,0.0,2026-05-22T14:13:58.489586
help,0.5,0.4,0.0,0.53,0.38,0.0,0.54,0.36000000000000004,0.0,0.55,0.34,0.0,0.5900000000000001,0.28,0.0,0.52,0.37,0.0,0.52,0.34,0.0,0.52,0.31000000000000005,0.0,0.52,0.30000000000000004,0.0,0.5,0.37,0.0,0.5,0.34,0.0,0.5,0.31000000000000005,0.0,0.5,0.30000000000000004,0.0,0.48,0.375,0.0,0.48,0.35000000000000003,0.0,0.48,0.325,0.0,0.48,0.32000000000000006,0.0,0.46499999999999997,0.38,0.0,0.46499999999999997,0.36000000000000004,0.0,0.46499999999999997,0.34,0.0,0.46499999999999997,0.34,0.0,0.5,0.55,0.0,0.533,0.528,0.0,0.544,0.506,0.0,0.555,0.48400000000000004,0.0,0.5660000000000001,0.462,0.0,0.532,0.517,0.0,0.512,0.48400000000000004,0.0,0.522,0.45100000000000007,0.0,0.532,0.41800000000000004,0.0,0.49,0.517,0.0,0.5,0.48400000000000004,0.0,0.51,0.45100000000000007,0.0,0.49,0.41800000000000004,0.0,0.478,0.5225000000000001,0.0,0.488,0.49500000000000005,0.0,0.46799999999999997,0.4675,0.0,0.478,0.44000000000000006,0.0,0.47150000000000003,0.528,0.0,0.4515,0.506,0.0,0.4615,0.48400000000000004,0.0,0.47150000000000003,0.462,0.0,2026-05-22T14:13:58.489586
help,0.5,0.4,0.0,0.47,0.38,0.0,0.46,0.36000000000000004,0.0,0.45,0.34,0.0,0.41000000000000003,0.28,0.0,0.52,0.37,0.0,0.52,0.34,0.0,0.52,0.31000000000000005,0.0,0.52,0.30000000000000004,0.0,0.5,0.37,0.0,0.5,0.34,0.0,0.5,0.31000000000000005,0.0,0.5,0.30000000000000004,0.0,0.48,0.375,0.0,0.48,0.35000000000000003,0.0,0.48,0.325,0.0,0.48,0.32000000000000006,0.0,0.46499999999999997,0.38,0.0,0.46499999999999997,0.36000000000000004,0.0,0.46499999999999997,0.34,0.0,0.46499999999999997,0.34,0.0,0.5,0.55,0.0,0.533,0.528,0.0,0.544,0.506,0.0,0.555,0.48400000000000004,0.0,0.5660000000000001,0.462,0.0,0.532,0.517,0.0,0.512,0.48400000000000004,0.0,0.522,0.45100000000000007,0.0,0.532,0.41800000000000004,0.0,0.49,0.517,0.0,0.5,0.48400000000000004,0.0,0.51,0.45100000000000007,0.0,0.49,0.41800000000000004,0.0,0.478,0.5225000000000001,0.0,0.488,0.49500000000000005,0.0,0.46799999999999997,0.4675,0.0,0.478,0.44000000000000006,0.0,0.47150000000000003,0.528,0.0,0.4515,0.506,0.0,0.4615,0.48400000000000004,0.0,0.47150000000000003,0.462,0.0,2026-05-22T14:13:58.490588
help,0.5,0.4,0.0,0.47,0.38,0.0,0.46,0.36000000000000004,0.0,0.45,0.34,0.0,0.41000000000000003,0.28,0.0,0.52,0.37,0.0,0.52,0.34,0.0,0.52,0.31000000000000005,0.0,0.52,0.30000000000000004,0.0,0.5,0.37,0.0,0.5,0.34,0.0,0.5,0.31000000000000005,0.0,0.5,0.30000000000000004,0.0,0.48,0.375,0.0,0.48,0.35000000000000003,0.0,0.48,0.325,0.0,0.48,0.32000000000000006,0.0,0.46499999999999997,0.38,0.0,0.46499999999999997,0.36000000000000004,0.0,0.46499999999999997,0.34,0.0,0.46499999999999997,0.34,0.0,0.5,0.55,0.0,0.533,0.528,0.0,0.544,0.506,0.0,0.555,0.48400000000000004,0.0,0.5660000000000001,0.462,0.0,0.532,0.517,0.0,0.512,0.48400000000000004,0.0,0.522,0.45100000000000007,0.0,0.532,0.41800000000000004,0.0,0.49,0.517,0.0,0.5,0.48400000000000004,0.0,0.51,0.45100000000000007,0.0,0.49,0.41800000000000004,0.0,0.478,0.5225000000000001,0.0,0.488,0.49500000000000005,0.0,0.46799999999999997,0.4675,0.0,0.478,0.44000000000000006,0.0,0.47150000000000003,0.528,0.0,0.4515,0.506,0.0,0.4615,0.48400000000000004,0.0,0.47150000000000003,0.462,0.0,2026-05-22T14:13:58.490588
help,0.5,0.4,0.0,0.47,0.38,0.0,0.46,0.36000000000000004,0.0,0.45,0.34,0.0,0.41000000000000003,0.28,0.0,0.52,0.37,0.0,0.52,0.34,0.0,0.52,0.31000000000000005,0.0,0.52,0.30000000000000004,0.0,0.5,0.37,0.0,0.5,0.34,0.0,0.5,0.31000000000000005,0.0,0.5,0.30000000000000004,0.0,0.48,0.375,0.0,0.48,0.35000000000000003,0.0,0.48,0.325,0.0,0.48,0.32000000000000006,0.0,0.46499999999999997,0.38,0.0,0.46499999999999997,0.36000000000000004,0.0,0.46499999999999997,0.34,0.0,0.46499999999999997,0.34,0.0,0.5,0.55,0.0,0.533,0.528,0.0,0.544,0.506,0.0,0.555,0.48400000000000004,0.0,0.5660000000000001,0.462,0.0,0.532,0.517,0.0,0.512,0.48400000000000004,0.0,0.522,0.45100000000000007,0.0,0.532,0.41800000000000004,0.0,0.49,0.517,0.0,0.5,0.48400000000000004,0.0,0.51,0.45100000000000007,0.0,0.49,0.41800000000000004,0.0,0.478,0.5225000000000001,0.0,0.488,0.49500000000000005,0.0,0.46799999999999997,0.4675,0.0,0.478,0.44000000000000006,0.0,0.47150000000000003,0.528,0.0,0.4515,0.506,0.0,0.4615,0.48400000000000004,0.0,0.47150000000000003,0.462,0.0,2026-05-22T14:13:58.490588
help,0.5,0.4,0.0,0.47,0.38,0.0,0.46,0.36000000000000004,0.0,0.45,0.34,0.0,0.41000000000000003,0.28,0.0,0.52,0.37,0.0,0.52,0.34,0.0,0.52,0.31000000000000005,0.0,0.52,0.30000000000000004,0.0,0.5,0.37,0.0,0.5,0.34,0.0,0.5,0.31000000000000005,0.0,0.5,0.30000000000000004,0.0,0.48,0.375,0.0,0.48,0.35000000000000003,0.0,0.48,0.325,0.0,0.48,0.32000000000000006,0.0,0.46499999999999997,0.38,0.0,0.46499999999999997,0.36000000000000004,0.0,0.46499999999999997,0.34,0.0,0.46499999999999997,0.34,0.0,0.5,0.55,0.0,0.533,0.528,0.0,0.544,0.506,0.0,0.555,0.48400000000000004,0.0,0.5660000000000001,0.462,0.0,0.532,0.517,0.0,0.512,0.48400000000000004,0.0,0.522,0.45100000000000007,0.0,0.532,0.41800000000000004,0.0,0.49,0.517,0.0,0.5,0.48400000000000004,0.0,0.51,0.45100000000000007,0.0,0.49,0.41800000000000004,0.0,0.478,0.5225000000000001,0.0,0.488,0.49500000000000005,0.0,0.46799999999999997,0.4675,0.0,0.478,0.44000000000000006,0.0,0.47150000000000003,0.528,0.0,0.4515,0.506,0.0,0.4615,0.48400000000000004,0.0,0.47150000000000003,0.462,0.0,2026-05-22T14:13:58.490588
help,0.5,0.4,0.0,0.53,0.38,0.0,0.54,0.36000000000000004,0.0,0.55,0.34,0.0,0.5900000000000001,0.28,0.0,0.52,0.37,0.0,0.52,0.34,0.0,0.52,0.31000000000000005,0.0,0.52,0.30000000000000004,0.0,0.5,0.37,0.0,0.5,0.34,0.0,0.5,0.31000000000000005,0.0,0.5,0.30000000000000004,0.0,0.48,0.375,0.0,0.48,0.35000000000000003,0.0,0.48,0.325,0.0,0.48,0.32000000000000006,0.0,0.46499999999999997,0.38,0.0,0.46499999999999997,0.36000000000000004,0.0,0.46499999999999997,0.34,0.0,0.46499999999999997,0.34,0.0,0.5,0.55,0.0,0.533,0.528,0.0,0.544,0.506,0.0,0.555,0.48400000000000004,0.0,0.5660000000000001,0.462,0.0,0.532,0.517,0.0,0.512,0.48400000000000004,0.0,0.522,0.45100000000000007,0.0,0.532,0.41800000000000004,0.0,0.49,0.517,0.0,0.5,0.48400000000000004,0.0,0.51,0.45100000000000007,0.0,0.49,0.41800000000000004,0.0,0.478,0.5225000000000001,0.0,0.488,0.49500000000000005,0.0,0.46799999999999997,0.4675,0.0,0.478,0.44000000000000006,0.0,0.47150000000000003,0.528,0.0,0.4515,0.506,0.0,0.4615,0.48400000000000004,0.0,0.47150000000000003,0.462,0.0,2026-05-22T14:13:58.490588
help,0.5,0.4,0.0,0.47,0.38,0.0,0.46,0.36000000000000004,0.0,0.45,0.34,0.0,0.41000000000000003,0.28,0.0,0.52,0.37,0.0,0.52,0.34,0.0,0.52,0.31000000000000005,0.0,0.52,0.30000000000000004,0.0,0.5,0.37,0.0,0.5,0.34,0.0,0.5,0.31000000000000005,0.0,0.5,0.30000000000000004,0.0,0.48,0.375,0.0,0.48,0.35000000000000003,0.0,0.48,0.325,0.0,0.48,0.32000000000000006,0.0,0.46499999999999997,0.38,0.0,0.46499999999999997,0.36000000000000004,0.0,0.46499999999999997,0.34,0.0,0.46499999999999997,0.34,0.0,0.5,0.55,0.0,0.533,0.528,0.0,0.544,0.506,0.0,0.555,0.48400000000000004,0.0,0.5660000000000001,0.462,0.0,0.532,0.517,0.0,0.512,0.48400000000000004,0.0,0.522,0.45100000000000007,0.0,0.532,0.41800000000000004,0.0,0.49,0.517,0.0,0.5,0.48400000000000004,0.0,0.51,0.45100000000000007,0.0,0.49,0.41800000000000004,0.0,0.478,0.5225000000000001,0.0,0.488,0.49500000000000005,0.0,0.46799999999999997,0.4675,0.0,0.478,0.44000000000000006,0.0,0.47150000000000003,0.528,0.0,0.4515,0.506,0.0,0.4615,0.48400000000000004,0.0,0.47150000000000003,0.462,0.0,2026-05-22T14:13:58.490588
help,0.5,0.4,0.0,0.47,0.38,0.0,0.46,0.36000000000000004,0.0,0.45,0.34,0.0,0.41000000000000003,0.28,0.0,0.52,0.37,0.0,0.52,0.34,0.0,0.52,0.31000000000000005,0.0,0.52,0.30000000000000004,0.0,0.5,0.37,0.0,0.5,0.34,0.0,0.5,0.31000000000000005,0.0,0.5,0.30000000000000004,0.0,0.48,0.375,0.0,0.48,0.35000000000000003,0.0,0.48,0.325,0.0,0.48,0.32000000000000006,0.0,0.46499999999999997,0.38,0.0,0.46499999999999997,0.36000000000000004,0.0,0.46499999999999997,0.34,0.0,0.46499999999999997,0.34,0.0,0.5,0.55,0.0,0.533,0.528,0.0,0.544,0.506,0.0,0.555,0.48400000000000004,0.0,0.5660000000000001,0.462,0.0,0.532,0.517,0.0,0.512,0.48400000000000004,0.0,0.522,0.45100000000000007,0.0,0.532,0.41800000000000004,0.0,0.49,0.517,0.0,0.5,0.48400000000000004,0.0,0.51,0.45100000000000007,0.0,0.49,0.41800000000000004,0.0,0.478,0.5225000000000001,0.0,0.488,0.49500000000000005,0.0,0.46799999999999997,0.4675,0.0,0.478,0.44000000000000006,0.0,0.47150000000000003,0.528,0.0,0.4515,0.506,0.0,0.4615,0.48400000000000004,0.0,0.47150000000000003,0.462,0.0,2026-05-22T14:13:58.490588
help,0.5,0.4,0.0,0.53,0.38,0.0,0.54,0.36000000000000004,0.0,0.55,0.34,0.0,0.5900000000000001,0.28,0.0,0.52,0.37,0.0,0.52,0.34,0.0,0.52,0.31000000000000005,0.0,0.52,0.30000000000000004,0.0,0.5,0.37,0.0,0.5,0.34,0.0,0.5,0.31000000000000005,0.0,0.5,0.30000000000000004,0.0,0.48,0.375,0.0,0.48,0.35000000000000003,0.0,0.48,0.325,0.0,0.48,0.32000000000000006,0.0,0.46499999999999997,0.38,0.0,0.46499999999999997,0.36000000000000004,0.0,0.46499999999999997,0.34,0.0,0.46499999999999997,0.34,0.0,0.5,0.55,0.0,0.533,0.528,0.0,0.544,0.506,0.0,0.555,0.48400000000000004,0.0,0.5660000000000001,0.462,0.0,0.532,0.517,0.0,0.512,0.48400000000000004,0.0,0.522,0.45100000000000007,0.0,0.532,0.41800000000000004,0.0,0.49,0.517,0.0,0.5,0.48400000000000004,0.0,0.51,0.45100000000000007,0.0,0.49,0.41800000000000004,0.0,0.478,0.5225000000000001,0.0,0.488,0.49500000000000005,0.0,0.46799999999999997,0.4675,0.0,0.478,0.44000000000000006,0.0,0.47150000000000003,0.528,0.0,0.4515,0.506,0.0,0.4615,0.48400000000000004,0.0,0.47150000000000003,0.462,0.0,2026-05-22T14:13:58.490588
help,0.5,0.4,0.0,0.47,0.38,0.0,0.46,0.36000000000000004,0.0,0.45,0.34,0.0,0.41000000000000003,0.28,0.0,0.52,0.37,0.0,0.52,0.34,0.0,0.52,0.31000000000000005,0.0,0.52,0.30000000000000004,0.0,0.5,0.37,0.0,0.5,0.34,0.0,0.5,0.31000000000000005,0.0,0.5,0.30000000000000004,0.0,0.48,0.375,0.0,0.48,0.35000000000000003,0.0,0.48,0.325,0.0,0.48,0.32000000000000006,0.0,0.46499999999999997,0.38,0.0,0.46499999999999997,0.36000000000000004,0.0,0.46499999999999997,0.34,0.0,0.46499999999999997,0.34,0.0,0.5,0.55,0.0,0.533,0.528,0.0,0.544,0.506,0.0,0.555,0.48400000000000004,0.0,0.5660000000000001,0.462,0.0,0.532,0.517,0.0,0.512,0.48400000000000004,0.0,0.522,0.45100000000000007,0.0,0.532,0.41800000000000004,0.0,0.49,0.517,0.0,0.5,0.48400000000000004,0.0,0.51,0.45100000000000007,0.0,0.49,0.41800000000000004,0.0,0.478,0.5225000000000001,0.0,0.488,0.49500000000000005,0.0,0.46799999999999997,0.4675,0.0,0.478,0.44000000000000006,0.0,0.47150000000000003,0.528,0.0,0.4515,0.506,0.0,0.4615,0.48400000000000004,0.0,0.47150000000000003,0.462,0.0,2026-05-22T14:13:58.490588
help,0.5,0.4,0.0,0.53,0.38,0.0,0.54,0.36000000000000004,0.0,0.55,0.34,0.0,0.5900000000000001,0.28,0.0,0.52,0.37,0.0,0.52,0.34,0.0,0.52,0.31000000000000005,0.0,0.52,0.30000000000000004,0.0,0.5,0.37,0.0,0.5,0.34,0.0,0.5,0.31000000000000005,0.0,0.5,0.30000000000000004,0.0,0.48,0.375,0.0,0.48,0.35000000000000003,0.0,0.48,0.325,0.0,0.48,0.32000000000000006,0.0,0.46499999999999997,0.38,0.0,0.46499999999999997,0.36000000000000004,0.0,0.46499999999999997,0.34,0.0,0.46499999999999997,0.34,0.0,0.5,0.55,0.0,0.533,0.528,0.0,0.544,0.506,0.0,0.555,0.48400000000000004,0.0,0.5660000000000001,0.462,0.0,0.532,0.517,0.0,0.512,0.48400000000000004,0.0,0.522,0.45100000000000007,0.0,0.532,0.41800000000000004,0.0,0.49,0.517,0.0,0.5,0.48400000000000004,0.0,0.51,0.45100000000000007,0.0,0.49,0.41800000000000004,0.0,0.478,0.5225000000000001,0.0,0.488,0.49500000000000005,0.0,0.46799999999999997,0.4675,0.0,0.478,0.44000000000000006,0.0,0.47150000000000003,0.528,0.0,0.4515,0.506,0.0,0.4615,0.48400000000000004,0.0,0.47150000000000003,0.462,0.0,2026-05-22T14:13:58.490588
help,0.5,0.4,0.0,0.53,0.38,0.0,0.54,0.36000000000000004,0.0,0.55,0.34,0.0,0.5900000000000001,0.28,0.0,0.52,0.37,0.0,0.52,0.34,0.0,0.52,0.31000000000000005,0.0,0.52,0.30000000000000004,0.0,0.5,0.37,0.0,0.5,0.34,0.0,0.5,0.31000000000000005,0.0,0.5,0.30000000000000004,0.0,0.48,0.375,0.0,0.48,0.35000000000000003,0.0,0.48,0.325,0.0,0.48,0.32000000000000006,0.0,0.46499999999999997,0.38,0.0,0.46499999999999997,0.36000000000000004,0.0,0.46499999999999997,0.34,0.0,0.46499999999999997,0.34,0.0,0.5,0.55,0.0,0.533,0.528,0.0,0.544,0.506,0.0,0.555,0.48400000000000004,0.0,0.5660000000000001,0.462,0.0,0.532,0.517,0.0,0.512,0.48400000000000004,0.0,0.522,0.45100000000000007,0.0,0.532,0.41800000000000004,0.0,0.49,0.517,0.0,0.5,0.48400000000000004,0.0,0.51,0.45100000000000007,0.0,0.49,0.41800000000000004,0.0,0.478,0.5225000000000001,0.0,0.488,0.49500000000000005,0.0,0.46799999999999997,0.4675,0.0,0.478,0.44000000000000006,0.0,0.47150000000000003,0.528,0.0,0.4515,0.506,0.0,0.4615,0.48400000000000004,0.0,0.47150000000000003,0.462,0.0,2026-05-22T14:13:58.490588
help,0.5,0.4,0.0,0.53,0.38,0.0,0.54,0.36000000000000004,0.0,0.55,0.34,0.0,0.5900000000000001,0.28,0.0,0.52,0.37,0.0,0.52,0.34,0.0,0.52,0.31000000000000005,0.0,0.52,0.30000000000000004,0.0,0.5,0.37,0.0,0.5,0.34,0.0,0.5,0.31000000000000005,0.0,0.5,0.30000000000000004,0.0,0.48,0.375,0.0,0.48,0.35000000000000003,0.0,0.48,0.325,0.0,0.48,0.32000000000000006,0.0,0.46499999999999997,0.38,0.0,0.46499999999999997,0.36000000000000004,0.0,0.46499999999999997,0.34,0.0,0.46499999999999997,0.34,0.0,0.5,0.55,0.0,0.533,0.528,0.0,0.544,0.506,0.0,0.555,0.48400000000000004,0.0,0.5660000000000001,0.462,0.0,0.532,0.517,0.0,0.512,0.48400000000000004,0.0,0.522,0.45100000000000007,0.0,0.532,0.41800000000000004,0.0,0.49,0.517,0.0,0.5,0.48400000000000004,0.0,0.51,0.45100000000000007,0.0,0.49,0.41800000000000004,0.0,0.478,0.5225000000000001,0.0,0.488,0.49500000000000005,0.0,0.46799999999999997,0.4675,0.0,0.478,0.44000000000000006,0.0,0.47150000000000003,0.528,0.0,0.4515,0.506,0.0,0.4615,0.48400000000000004,0.0,0.47150000000000003,0.462,0.0,2026-05-22T14:13:58.490588
help,0.5,0.4,0.0,0.47,0.38,0.0,0.46,0.36000000000000004,0.0,0.45,0.34,0.0,0.41000000000000003,0.28,0.0,0.52,0.37,0.0,0.52,0.34,0.0,0.52,0.31000000000000005,0.0,0.52,0.30000000000000004,0.0,0.5,0.37,0.0,0.5,0.34,0.0,0.5,0.31000000000000005,0.0,0.5,0.30000000000000004,0.0,0.48,0.375,0.0,0.48,0.35000000000000003,0.0,0.48,0.325,0.0,0.48,0.32000000000000006,0.0,0.46499999999999997,0.38,0.0,0.46499999999999997,0.36000000000000004,0.0,0.46499999999999997,0.34,0.0,0.46499999999999997,0.34,0.0,0.5,0.55,0.0,0.533,0.528,0.0,0.544,0.506,0.0,0.555,0.48400000000000004,0.0,0.5660000000000001,0.462,0.0,0.532,0.517,0.0,0.512,0.48400000000000004,0.0,0.522,0.45100000000000007,0.0,0.532,0.41800000000000004,0.0,0.49,0.517,0.0,0.5,0.48400000000000004,0.0,0.51,0.45100000000000007,0.0,0.49,0.41800000000000004,0.0,0.478,0.5225000000000001,0.0,0.488,0.49500000000000005,0.0,0.46799999999999997,0.4675,0.0,0.478,0.44000000000000006,0.0,0.47150000000000003,0.528,0.0,0.4515,0.506,0.0,0.4615,0.48400000000000004,0.0,0.47150000000000003,0.462,0.0,2026-05-22T14:13:58.490588
help,0.5,0.4,0.0,0.47,0.38,0.0,0.46,0.36000000000000004,0.0,0.45,0.34,0.0,0.41000000000000003,0.28,0.0,0.52,0.37,0.0,0.52,0.34,0.0,0.52,0.31000000000000005,0.0,0.52,0.30000000000000004,0.0,0.5,0.37,0.0,0.5,0.34,0.0,0.5,0.31000000000000005,0.0,0.5,0.30000000000000004,0.0,0.48,0.375,0.0,0.48,0.35000000000000003,0.0,0.48,0.325,0.0,0.48,0.32000000000000006,0.0,0.46499999999999997,0.38,0.0,0.46499999999999997,0.36000000000000004,0.0,0.46499999999999997,0.34,0.0,0.46499999999999997,0.34,0.0,0.5,0.55,0.0,0.533,0.528,0.0,0.544,0.506,0.0,0.555,0.48400000000000004,0.0,0.5660000000000001,0.462,0.0,0.532,0.517,0.0,0.512,0.48400000000000004,0.0,0.522,0.45100000000000007,0.0,0.532,0.41800000000000004,0.0,0.49,0.517,0.0,0.5,0.48400000000000004,0.0,0.51,0.45100000000000007,0.0,0.49,0.41800000000000004,0.0,0.478,0.5225000000000001,0.0,0.488,0.49500000000000005,0.0,0.46799999999999997,0.4675,0.0,0.478,0.44000000000000006,0.0,0.47150000000000003,0.528,0.0,0.4515,0.506,0.0,0.4615,0.48400000000000004,0.0,0.47150000000000003,0.462,0.0,2026-05-22T14:13:58.490588
help,0.5,0.4,0.0,0.53,0.38,0.0,0.54,0.36000000000000004,0.0,0.55,0.34,0.0,0.5900000000000001,0.28,0.0,0.52,0.37,0.0,0.52,0.34,0.0,0.52,0.31000000000000005,0.0,0.52,0.30000000000000004,0.0,0.5,0.37,0.0,0.5,0.34,0.0,0.5,0.31000000000000005,0.0,0.5,0.30000000000000004,0.0,0.48,0.375,0.0,0.48,0.35000000000000003,0.0,0.48,0.325,0.0,0.48,0.32000000000000006,0.0,0.46499999999999997,0.38,0.0,0.46499999999999997,0.36000000000000004,0.0,0.46499999999999997,0.34,0.0,0.46499999999999997,0.34,0.0,0.5,0.55,0.0,0.533,0.528,0.0,0.544,0.506,0.0,0.555,0.48400000000000004,0.0,0.5660000000000001,0.462,0.0,0.532,0.517,0.0,0.512,0.48400000000000004,0.0,0.522,0.45100000000000007,0.0,0.532,0.41800000000000004,0.0,0.49,0.517,0.0,0.5,0.48400000000000004,0.0,0.51,0.45100000000000007,0.0,0.49,0.41800000000000004,0.0,0.478,0.5225000000000001,0.0,0.488,0.49500000000000005,0.0,0.46799999999999997,0.4675,0.0,0.478,0.44000000000000006,0.0,0.47150000000000003,0.528,0.0,0.4515,0.506,0.0,0.4615,0.48400000000000004,0.0,0.47150000000000003,0.462,0.0,2026-05-22T14:13:58.491587
help,0.5,0.4,0.0,0.53,0.38,0.0,0.54,0.36000000000000004,0.0,0.55,0.34,0.0,0.5900000000000001,0.28,0.0,0.52,0.37,0.0,0.52,0.34,0.0,0.52,0.31000000000000005,0.0,0.52,0.30000000000000004,0.0,0.5,0.37,0.0,0.5,0.34,0.0,0.5,0.31000000000000005,0.0,0.5,0.30000000000000004,0.0,0.48,0.375,0.0,0.48,0.35000000000000003,0.0,0.48,0.325,0.0,0.48,0.32000000000000006,0.0,0.46499999999999997,0.38,0.0,0.46499999999999997,0.36000000000000004,0.0,0.46499999999999997,0.34,0.0,0.46499999999999997,0.34,0.0,0.5,0.55,0.0,0.533,0.528,0.0,0.544,0.506,0.0,0.555,0.48400000000000004,0.0,0.5660000000000001,0.462,0.0,0.532,0.517,0.0,0.512,0.48400000000000004,0.0,0.522,0.45100000000000007,0.0,0.532,0.41800000000000004,0.0,0.49,0.517,0.0,0.5,0.48400000000000004,0.0,0.51,0.45100000000000007,0.0,0.49,0.41800000000000004,0.0,0.478,0.5225000000000001,0.0,0.488,0.49500000000000005,0.0,0.46799999999999997,0.4675,0.0,0.478,0.44000000000000006,0.0,0.47150000000000003,0.528,0.0,0.4515,0.506,0.0,0.4615,0.48400000000000004,0.0,0.47150000000000003,0.462,0.0,2026-05-22T14:13:58.491587
help,0.5,0.4,0.0,0.53,0.38,0.0,0.54,0.36000000000000004,0.0,0.55,0.34,0.0,0.5900000000000001,0.28,0.0,0.52,0.37,0.0,0.52,0.34,0.0,0.52,0.31000000000000005,0.0,0.52,0.30000000000000004,0.0,0.5,0.37,0.0,0.5,0.34,0.0,0.5,0.31000000000000005,0.0,0.5,0.30000000000000004,0.0,0.48,0.375,0.0,0.48,0.35000000000000003,0.0,0.48,0.325,0.0,0.48,0.32000000000000006,0.0,0.46499999999999997,0.38,0.0,0.46499999999999997,0.36000000000000004,0.0,0.46499999999999997,0.34,0.0,0.46499999999999997,0.34,0.0,0.5,0.55,0.0,0.533,0.528,0.0,0.544,0.506,0.0,0.555,0.48400000000000004,0.0,0.5660000000000001,0.462,0.0,0.532,0.517,0.0,0.512,0.48400000000000004,0.0,0.522,0.45100000000000007,0.0,0.532,0.41800000000000004,0.0,0.49,0.517,0.0,0.5,0.48400000000000004,0.0,0.51,0.45100000000000007,0.0,0.49,0.41800000000000004,0.0,0.478,0.5225000000000001,0.0,0.488,0.49500000000000005,0.0,0.46799999999999997,0.4675,0.0,0.478,0.44000000000000006,0.0,0.47150000000000003,0.528,0.0,0.4515,0.506,0.0,0.4615,0.48400000000000004,0.0,0.47150000000000003,0.462,0.0,2026-05-22T14:13:58.491587
help,0.5,0.4,0.0,0.53,0.38,0.0,0.54,0.36000000000000004,0.0,0.55,0.34,0.0,0.5900000000000001,0.28,0.0,0.52,0.37,0.0,0.52,0.34,0.0,0.52,0.31000000000000005,0.0,0.52,0.30000000000000004,0.0,0.5,0.37,0.0,0.5,0.34,0.0,0.5,0.31000000000000005,0.0,0.5,0.30000000000000004,0.0,0.48,0.375,0.0,0.48,0.35000000000000003,0.0,0.48,0.325,0.0,0.48,0.32000000000000006,0.0,0.46499999999999997,0.38,0.0,0.46499999999999997,0.36000000000000004,0.0,0.46499999999999997,0.34,0.0,0.46499999999999997,0.34,0.0,0.5,0.55,0.0,0.533,0.528,0.0,0.544,0.506,0.0,0.555,0.48400000000000004,0.0,0.5660000000000001,0.462,0.0,0.532,0.517,0.0,0.512,0.48400000000000004,0.0,0.522,0.45100000000000007,0.0,0.532,0.41800000000000004,0.0,0.49,0.517,0.0,0.5,0.48400000000000004,0.0,0.51,0.45100000000000007,0.0,0.49,0.41800000000000004,0.0,0.478,0.5225000000000001,0.0,0.488,0.49500000000000005,0.0,0.46799999999999997,0.4675,0.0,0.478,0.44000000000000006,0.0,0.47150000000000003,0.528,0.0,0.4515,0.506,0.0,0.4615,0.48400000000000004,0.0,0.47150000000000003,0.462,0.0,2026-05-22T14:13:58.491587
help,0.5,0.4,0.0,0.53,0.38,0.0,0.54,0.36000000000000004,0.0,0.55,0.34,0.0,0.5900000000000001,0.28,0.0,0.52,0.37,0.0,0.52,0.34,0.0,0.52,0.31000000000000005,0.0,0.52,0.30000000000000004,0.0,0.5,0.37,0.0,0.5,0.34,0.0,0.5,0.31000000000000005,0.0,0.5,0.30000000000000004,0.0,0.48,0.375,0.0,0.48,0.35000000000000003,0.0,0.48,0.325,0.0,0.48,0.32000000000000006,0.0,0.46499999999999997,0.38,0.0,0.46499999999999997,0.36000000000000004,0.0,0.46499999999999997,0.34,0.0,0.46499999999999997,0.34,0.0,0.5,0.55,0.0,0.533,0.528,0.0,0.544,0.506,0.0,0.555,0.48400000000000004,0.0,0.5660000000000001,0.462,0.0,0.532,0.517,0.0,0.512,0.48400000000000004,0.0,0.522,0.45100000000000007,0.0,0.532,0.41800000000000004,0.0,0.49,0.517,0.0,0.5,0.48400000000000004,0.0,0.51,0.45100000000000007,0.0,0.49,0.41800000000000004,0.0,0.478,0.5225000000000001,0.0,0.488,0.49500000000000005,0.0,0.46799999999999997,0.4675,0.0,0.478,0.44000000000000006,0.0,0.47150000000000003,0.528,0.0,0.4515,0.506,0.0,0.4615,0.48400000000000004,0.0,0.47150000000000003,0.462,0.0,2026-05-22T14:13:58.491587
help,0.5,0.4,0.0,0.47,0.38,0.0,0.46,0.36000000000000004,0.0,0.45,0.34,0.0,0.41000000000000003,0.28,0.0,0.52,0.37,0.0,0.52,0.34,0.0,0.52,0.31000000000000005,0.0,0.52,0.30000000000000004,0.0,0.5,0.37,0.0,0.5,0.34,0.0,0.5,0.31000000000000005,0.0,0.5,0.30000000000000004,0.0,0.48,0.375,0.0,0.48,0.35000000000000003,0.0,0.48,0.325,0.0,0.48,0.32000000000000006,0.0,0.46499999999999997,0.38,0.0,0.46499999999999997,0.36000000000000004,0.0,0.46499999999999997,0.34,0.0,0.46499999999999997,0.34,0.0,0.5,0.55,0.0,0.533,0.528,0.0,0.544,0.506,0.0,0.555,0.48400000000000004,0.0,0.5660000000000001,0.462,0.0,0.532,0.517,0.0,0.512,0.48400000000000004,0.0,0.522,0.45100000000000007,0.0,0.532,0.41800000000000004,0.0,0.49,0.517,0.0,0.5,0.48400000000000004,0.0,0.51,0.45100000000000007,0.0,0.49,0.41800000000000004,0.0,0.478,0.5225000000000001,0.0,0.488,0.49500000000000005,0.0,0.46799999999999997,0.4675,0.0,0.478,0.44000000000000006,0.0,0.47150000000000003,0.528,0.0,0.4515,0.506,0.0,0.4615,0.48400000000000004,0.0,0.47150000000000003,0.462,0.0,2026-05-22T14:13:58.491587
help,0.5,0.4,0.0,0.53,0.38,0.0,0.54,0.36000000000000004,0.0,0.55,0.34,0.0,0.5900000000000001,0.28,0.0,0.52,0.37,0.0,0.52,0.34,0.0,0.52,0.31000000000000005,0.0,0.52,0.30000000000000004,0.0,0.5,0.37,0.0,0.5,0.34,0.0,0.5,0.31000000000000005,0.0,0.5,0.30000000000000004,0.0,0.48,0.375,0.0,0.48,0.35000000000000003,0.0,0.48,0.325,0.0,0.48,0.32000000000000006,0.0,0.46499999999999997,0.38,0.0,0.46499999999999997,0.36000000000000004,0.0,0.46499999999999997,0.34,0.0,0.46499999999999997,0.34,0.0,0.5,0.55,0.0,0.533,0.528,0.0,0.544,0.506,0.0,0.555,0.48400000000000004,0.0,0.5660000000000001,0.462,0.0,0.532,0.517,0.0,0.512,0.48400000000000004,0.0,0.522,0.45100000000000007,0.0,0.532,0.41800000000000004,0.0,0.49,0.517,0.0,0.5,0.48400000000000004,0.0,0.51,0.45100000000000007,0.0,0.49,0.41800000000000004,0.0,0.478,0.5225000000000001,0.0,0.488,0.49500000000000005,0.0,0.46799999999999997,0.4675,0.0,0.478,0.44000000000000006,0.0,0.47150000000000003,0.528,0.0,0.4515,0.506,0.0,0.4615,0.48400000000000004,0.0,0.47150000000000003,0.462,0.0,2026-05-22T14:13:58.491587
help,0.5,0.4,0.0,0.53,0.38,0.0,0.54,0.36000000000000004,0.0,0.55,0.34,0.0,0.5900000000000001,0.28,0.0,0.52,0.37,0.0,0.52,0.34,0.0,0.52,0.31000000000000005,0.0,0.52,0.30000000000000004,0.0,0.5,0.37,0.0,0.5,0.34,0.0,0.5,0.31000000000000005,0.0,0.5,0.30000000000000004,0.0,0.48,0.375,0.0,0.48,0.35000000000000003,0.0,0.48,0.325,0.0,0.48,0.32000000000000006,0.0,0.46499999999999997,0.38,0.0,0.46499999999999997,0.36000000000000004,0.0,0.46499999999999997,0.34,0.0,0.46499999999999997,0.34,0.0,0.5,0.55,0.0,0.533,0.528,0.0,0.544,0.506,0.0,0.555,0.48400000000000004,0.0,0.5660000000000001,0.462,0.0,0.532,0.517,0.0,0.512,0.48400000000000004,0.0,0.522,0.45100000000000007,0.0,0.532,0.41800000000000004,0.0,0.49,0.517,0.0,0.5,0.48400000000000004,0.0,0.51,0.45100000000000007,0.0,0.49,0.41800000000000004,0.0,0.478,0.5225000000000001,0.0,0.488,0.49500000000000005,0.0,0.46799999999999997,0.4675,0.0,0.478,0.44000000000000006,0.0,0.47150000000000003,0.528,0.0,0.4515,0.506,0.0,0.4615,0.48400000000000004,0.0,0.47150000000000003,0.462,0.0,2026-05-22T14:13:58.491587
help,0.5,0.4,0.0,0.47,0.38,0.0,0.46,0.36000000000000004,0.0,0.45,0.34,0.0,0.41000000000000003,0.28,0.0,0.52,0.37,0.0,0.52,0.34,0.0,0.52,0.31000000000000005,0.0,0.52,0.30000000000000004,0.0,0.5,0.37,0.0,0.5,0.34,0.0,0.5,0.31000000000000005,0.0,0.5,0.30000000000000004,0.0,0.48,0.375,0.0,0.48,0.35000000000000003,0.0,0.48,0.325,0.0,0.48,0.32000000000000006,0.0,0.46499999999999997,0.38,0.0,0.46499999999999997,0.36000000000000004,0.0,0.46499999999999997,0.34,0.0,0.46499999999999997,0.34,0.0,0.5,0.55,0.0,0.533,0.528,0.0,0.544,0.506,0.0,0.555,0.48400000000000004,0.0,0.5660000000000001,0.462,0.0,0.532,0.517,0.0,0.512,0.48400000000000004,0.0,0.522,0.45100000000000007,0.0,0.532,0.41800000000000004,0.0,0.49,0.517,0.0,0.5,0.48400000000000004,0.0,0.51,0.45100000000000007,0.0,0.49,0.41800000000000004,0.0,0.478,0.5225000000000001,0.0,0.488,0.49500000000000005,0.0,0.46799999999999997,0.4675,0.0,0.478,0.44000000000000006,0.0,0.47150000000000003,0.528,0.0,0.4515,0.506,0.0,0.4615,0.48400000000000004,0.0,0.47150000000000003,0.462,0.0,2026-05-22T14:13:58.491587
help,0.5,0.4,0.0,0.53,0.38,0.0,0.54,0.36000000000000004,0.0,0.55,0.34,0.0,0.5900000000000001,0.28,0.0,0.52,0.37,0.0,0.52,0.34,0.0,0.52,0.31000000000000005,0.0,0.52,0.30000000000000004,0.0,0.5,0.37,0.0,0.5,0.34,0.0,0.5,0.31000000000000005,0.0,0.5,0.30000000000000004,0.0,0.48,0.375,0.0,0.48,0.35000000000000003,0.0,0.48,0.325,0.0,0.48,0.32000000000000006,0.0,0.46499999999999997,0.38,0.0,0.46499999999999997,0.36000000000000004,0.0,0.46499999999999997,0.34,0.0,0.46499999999999997,0.34,0.0,0.5,0.55,0.0,0.533,0.528,0.0,0.544,0.506,0.0,0.555,0.48400000000000004,0.0,0.5660000000000001,0.462,0.0,0.532,0.517,0.0,0.512,0.48400000000000004,0.0,0.522,0.45100000000000007,0.0,0.532,0.41800000000000004,0.0,0.49,0.517,0.0,0.5,0.48400000000000004,0.0,0.51,0.45100000000000007,0.0,0.49,0.41800000000000004,0.0,0.478,0.5225000000000001,0.0,0.488,0.49500000000000005,0.0,0.46799999999999997,0.4675,0.0,0.478,0.44000000000000006,0.0,0.47150000000000003,0.528,0.0,0.4515,0.506,0.0,0.4615,0.48400000000000004,0.0,0.47150000000000003,0.462,0.0,2026-05-22T14:13:58.491587
help,0.5,0.4,0.0,0.53,0.38,0.0,0.54,0.36000000000000004,0.0,0.55,0.34,0.0,0.5900000000000001,0.28,0.0,0.52,0.37,0.0,0.52,0.34,0.0,0.52,0.31000000000000005,0.0,0.52,0.30000000000000004,0.0,0.5,0.37,0.0,0.5,0.34,0.0,0.5,0.31000000000000005,0.0,0.5,0.30000000000000004,0.0,0.48,0.375,0.0,0.48,0.35000000000000003,0.0,0.48,0.325,0.0,0.48,0.32000000000000006,0.0,0.46499999999999997,0.38,0.0,0.46499999999999997,0.36000000000000004,0.0,0.46499999999999997,0.34,0.0,0.46499999999999997,0.34,0.0,0.5,0.55,0.0,0.533,0.528,0.0,0.544,0.506,0.0,0.555,0.48400000000000004,0.0,0.5660000000000001,0.462,0.0,0.532,0.517,0.0,0.512,0.48400000000000004,0.0,0.522,0.45100000000000007,0.0,0.532,0.41800000000000004,0.0,0.49,0.517,0.0,0.5,0.48400000000000004,0.0,0.51,0.45100000000000007,0.0,0.49,0.41800000000000004,0.0,0.478,0.5225000000000001,0.0,0.488,0.49500000000000005,0.0,0.46799999999999997,0.4675,0.0,0.478,0.44000000000000006,0.0,0.47150000000000003,0.528,0.0,0.4515,0.506,0.0,0.4615,0.48400000000000004,0.0,0.47150000000000003,0.462,0.0,2026-05-22T14:13:58.491587
help,0.5,0.4,0.0,0.47,0.38,0.0,0.46,0.36000000000000004,0.0,0.45,0.34,0.0,0.41000000000000003,0.28,0.0,0.52,0.37,0.0,0.52,0.34,0.0,0.52,0.31000000000000005,0.0,0.52,0.30000000000000004,0.0,0.5,0.37,0.0,0.5,0.34,0.0,0.5,0.31000000000000005,0.0,0.5,0.30000000000000004,0.0,0.48,0.375,0.0,0.48,0.35000000000000003,0.0,0.48,0.325,0.0,0.48,0.32000000000000006,0.0,0.46499999999999997,0.38,0.0,0.46499999999999997,0.36000000000000004,0.0,0.46499999999999997,0.34,0.0,0.46499999999999997,0.34,0.0,0.5,0.55,0.0,0.533,0.528,0.0,0.544,0.506,0.0,0.555,0.48400000000000004,0.0,0.5660000000000001,0.462,0.0,0.532,0.517,0.0,0.512,0.48400000000000004,0.0,0.522,0.45100000000000007,0.0,0.532,0.41800000000000004,0.0,0.49,0.517,0.0,0.5,0.48400000000000004,0.0,0.51,0.45100000000000007,0.0,0.49,0.41800000000000004,0.0,0.478,0.5225000000000001,0.0,0.488,0.49500000000000005,0.0,0.46799999999999997,0.4675,0.0,0.478,0.44000000000000006,0.0,0.47150000000000003,0.528,0.0,0.4515,0.506,0.0,0.4615,0.48400000000000004,0.0,0.47150000000000003,0.462,0.0,2026-05-22T14:13:58.491587
help,0.5,0.4,0.0,0.47,0.38,0.0,0.46,0.36000000000000004,0.0,0.45,0.34,0.0,0.41000000000000003,0.28,0.0,0.52,0.37,0.0,0.52,0.34,0.0,0.52,0.31000000000000005,0.0,0.52,0.30000000000000004,0.0,0.5,0.37,0.0,0.5,0.34,0.0,0.5,0.31000000000000005,0.0,0.5,0.30000000000000004,0.0,0.48,0.375,0.0,0.48,0.35000000000000003,0.0,0.48,0.325,0.0,0.48,0.32000000000000006,0.0,0.46499999999999997,0.38,0.0,0.46499999999999997,0.36000000000000004,0.0,0.46499999999999997,0.34,0.0,0.46499999999999997,0.34,0.0,0.5,0.55,0.0,0.533,0.528,0.0,0.544,0.506,0.0,0.555,0.48400000000000004,0.0,0.5660000000000001,0.462,0.0,0.532,0.517,0.0,0.512,0.48400000000000004,0.0,0.522,0.45100000000000007,0.0,0.532,0.41800000000000004,0.0,0.49,0.517,0.0,0.5,0.48400000000000004,0.0,0.51,0.45100000000000007,0.0,0.49,0.41800000000000004,0.0,0.478,0.5225000000000001,0.0,0.488,0.49500000000000005,0.0,0.46799999999999997,0.4675,0.0,0.478,0.44000000000000006,0.0,0.47150000000000003,0.528,0.0,0.4515,0.506,0.0,0.4615,0.48400000000000004,0.0,0.47150000000000003,0.462,0.0,2026-05-22T14:13:58.491587
help,0.5,0.4,0.0,0.47,0.38,0.0,0.46,0.36000000000000004,0.0,0.45,0.34,0.0,0.41000000000000003,0.28,0.0,0.52,0.37,0.0,0.52,0.34,0.0,0.52,0.31000000000000005,0.0,0.52,0.30000000000000004,0.0,0.5,0.37,0.0,0.5,0.34,0.0,0.5,0.31000000000000005,0.0,0.5,0.30000000000000004,0.0,0.48,0.375,0.0,0.48,0.35000000000000003,0.0,0.48,0.325,0.0,0.48,0.32000000000000006,0.0,0.46499999999999997,0.38,0.0,0.46499999999999997,0.36000000000000004,0.0,0.46499999999999997,0.34,0.0,0.46499999999999997,0.34,0.0,0.5,0.55,0.0,0.533,0.528,0.0,0.544,0.506,0.0,0.555,0.48400000000000004,0.0,0.5660000000000001,0.462,0.0,0.532,0.517,0.0,0.512,0.48400000000000004,0.0,0.522,0.45100000000000007,0.0,0.532,0.41800000000000004,0.0,0.49,0.517,0.0,0.5,0.48400000000000004,0.0,0.51,0.45100000000000007,0.0,0.49,0.41800000000000004,0.0,0.478,0.5225000000000001,0.0,0.488,0.49500000000000005,0.0,0.46799999999999997,0.4675,0.0,0.478,0.44000000000000006,0.0,0.47150000000000003,0.528,0.0,0.4515,0.506,0.0,0.4615,0.48400000000000004,0.0,0.47150000000000003,0.462,0.0,2026-05-22T14:13:58.491587
help,0.5,0.4,0.0,0.53,0.38,0.0,0.54,0.36000000000000004,0.0,0.55,0.34,0.0,0.5900000000000001,0.28,0.0,0.52,0.37,0.0,0.52,0.34,0.0,0.52,0.31000000000000005,0.0,0.52,0.30000000000000004,0.0,0.5,0.37,0.0,0.5,0.34,0.0,0.5,0.31000000000000005,0.0,0.5,0.30000000000000004,0.0,0.48,0.375,0.0,0.48,0.35000000000000003,0.0,0.48,0.325,0.0,0.48,0.32000000000000006,0.0,0.46499999999999997,0.38,0.0,0.46499999999999997,0.36000000000000004,0.0,0.46499999999999997,0.34,0.0,0.46499999999999997,0.34,0.0,0.5,0.55,0.0,0.533,0.528,0.0,0.544,0.506,0.0,0.555,0.48400000000000004,0.0,0.5660000000000001,0.462,0.0,0.532,0.517,0.0,0.512,0.48400000000000004,0.0,0.522,0.45100000000000007,0.0,0.532,0.41800000000000004,0.0,0.49,0.517,0.0,0.5,0.48400000000000004,0.0,0.51,0.45100000000000007,0.0,0.49,0.41800000000000004,0.0,0.478,0.5225000000000001,0.0,0.488,0.49500000000000005,0.0,0.46799999999999997,0.4675,0.0,0.478,0.44000000000000006,0.0,0.47150000000000003,0.528,0.0,0.4515,0.506,0.0,0.4615,0.48400000000000004,0.0,0.47150000000000003,0.462,0.0,2026-05-22T14:13:58.492585
help,0.5,0.4,0.0,0.53,0.38,0.0,0.54,0.36000000000000004,0.0,0.55,0.34,0.0,0.5900000000000001,0.28,0.0,0.52,0.37,0.0,0.52,0.34,0.0,0.52,0.31000000000000005,0.0,0.52,0.30000000000000004,0.0,0.5,0.37,0.0,0.5,0.34,0.0,0.5,0.31000000000000005,0.0,0.5,0.30000000000000004,0.0,0.48,0.375,0.0,0.48,0.35000000000000003,0.0,0.48,0.325,0.0,0.48,0.32000000000000006,0.0,0.46499999999999997,0.38,0.0,0.46499999999999997,0.36000000000000004,0.0,0.46499999999999997,0.34,0.0,0.46499999999999997,0.34,0.0,0.5,0.55,0.0,0.533,0.528,0.0,0.544,0.506,0.0,0.555,0.48400000000000004,0.0,0.5660000000000001,0.462,0.0,0.532,0.517,0.0,0.512,0.48400000000000004,0.0,0.522,0.45100000000000007,0.0,0.532,0.41800000000000004,0.0,0.49,0.517,0.0,0.5,0.48400000000000004,0.0,0.51,0.45100000000000007,0.0,0.49,0.41800000000000004,0.0,0.478,0.5225000000000001,0.0,0.488,0.49500000000000005,0.0,0.46799999999999997,0.4675,0.0,0.478,0.44000000000000006,0.0,0.47150000000000003,0.528,0.0,0.4515,0.506,0.0,0.4615,0.48400000000000004,0.0,0.47150000000000003,0.462,0.0,2026-05-22T14:13:58.492585
help,0.5,0.4,0.0,0.47,0.38,0.0,0.46,0.36000000000000004,0.0,0.45,0.34,0.0,0.41000000000000003,0.28,0.0,0.52,0.37,0.0,0.52,0.34,0.0,0.52,0.31000000000000005,0.0,0.52,0.30000000000000004,0.0,0.5,0.37,0.0,0.5,0.34,0.0,0.5,0.31000000000000005,0.0,0.5,0.30000000000000004,0.0,0.48,0.375,0.0,0.48,0.35000000000000003,0.0,0.48,0.325,0.0,0.48,0.32000000000000006,0.0,0.46499999999999997,0.38,0.0,0.46499999999999997,0.36000000000000004,0.0,0.46499999999999997,0.34,0.0,0.46499999999999997,0.34,0.0,0.5,0.55,0.0,0.533,0.528,0.0,0.544,0.506,0.0,0.555,0.48400000000000004,0.0,0.5660000000000001,0.462,0.0,0.532,0.517,0.0,0.512,0.48400000000000004,0.0,0.522,0.45100000000000007,0.0,0.532,0.41800000000000004,0.0,0.49,0.517,0.0,0.5,0.48400000000000004,0.0,0.51,0.45100000000000007,0.0,0.49,0.41800000000000004,0.0,0.478,0.5225000000000001,0.0,0.488,0.49500000000000005,0.0,0.46799999999999997,0.4675,0.0,0.478,0.44000000000000006,0.0,0.47150000000000003,0.528,0.0,0.4515,0.506,0.0,0.4615,0.48400000000000004,0.0,0.47150000000000003,0.462,0.0,2026-05-22T14:13:58.492585
help,0.5,0.4,0.0,0.47,0.38,0.0,0.46,0.36000000000000004,0.0,0.45,0.34,0.0,0.41000000000000003,0.28,0.0,0.52,0.37,0.0,0.52,0.34,0.0,0.52,0.31000000000000005,0.0,0.52,0.30000000000000004,0.0,0.5,0.37,0.0,0.5,0.34,0.0,0.5,0.31000000000000005,0.0,0.5,0.30000000000000004,0.0,0.48,0.375,0.0,0.48,0.35000000000000003,0.0,0.48,0.325,0.0,0.48,0.32000000000000006,0.0,0.46499999999999997,0.38,0.0,0.46499999999999997,0.36000000000000004,0.0,0.46499999999999997,0.34,0.0,0.46499999999999997,0.34,0.0,0.5,0.55,0.0,0.533,0.528,0.0,0.544,0.506,0.0,0.555,0.48400000000000004,0.0,0.5660000000000001,0.462,0.0,0.532,0.517,0.0,0.512,0.48400000000000004,0.0,0.522,0.45100000000000007,0.0,0.532,0.41800000000000004,0.0,0.49,0.517,0.0,0.5,0.48400000000000004,0.0,0.51,0.45100000000000007,0.0,0.49,0.41800000000000004,0.0,0.478,0.5225000000000001,0.0,0.488,0.49500000000000005,0.0,0.46799999999999997,0.4675,0.0,0.478,0.44000000000000006,0.0,0.47150000000000003,0.528,0.0,0.4515,0.506,0.0,0.4615,0.48400000000000004,0.0,0.47150000000000003,0.462,0.0,2026-05-22T14:13:58.492585
help,0.5,0.4,0.0,0.53,0.38,0.0,0.54,0.36000000000000004,0.0,0.55,0.34,0.0,0.5900000000000001,0.28,0.0,0.52,0.37,0.0,0.52,0.34,0.0,0.52,0.31000000000000005,0.0,0.52,0.30000000000000004,0.0,0.5,0.37,0.0,0.5,0.34,0.0,0.5,0.31000000000000005,0.0,0.5,0.30000000000000004,0.0,0.48,0.375,0.0,0.48,0.35000000000000003,0.0,0.48,0.325,0.0,0.48,0.32000000000000006,0.0,0.46499999999999997,0.38,0.0,0.46499999999999997,0.36000000000000004,0.0,0.46499999999999997,0.34,0.0,0.46499999999999997,0.34,0.0,0.5,0.55,0.0,0.533,0.528,0.0,0.544,0.506,0.0,0.555,0.48400000000000004,0.0,0.5660000000000001,0.462,0.0,0.532,0.517,0.0,0.512,0.48400000000000004,0.0,0.522,0.45100000000000007,0.0,0.532,0.41800000000000004,0.0,0.49,0.517,0.0,0.5,0.48400000000000004,0.0,0.51,0.45100000000000007,0.0,0.49,0.41800000000000004,0.0,0.478,0.5225000000000001,0.0,0.488,0.49500000000000005,0.0,0.46799999999999997,0.4675,0.0,0.478,0.44000000000000006,0.0,0.47150000000000003,0.528,0.0,0.4515,0.506,0.0,0.4615,0.48400000000000004,0.0,0.47150000000000003,0.462,0.0,2026-05-22T14:13:58.492585
help,0.5,0.4,0.0,0.47,0.38,0.0,0.46,0.36000000000000004,0.0,0.45,0.34,0.0,0.41000000000000003,0.28,0.0,0.52,0.37,0.0,0.52,0.34,0.0,0.52,0.31000000000000005,0.0,0.52,0.30000000000000004,0.0,0.5,0.37,0.0,0.5,0.34,0.0,0.5,0.31000000000000005,0.0,0.5,0.30000000000000004,0.0,0.48,0.375,0.0,0.48,0.35000000000000003,0.0,0.48,0.325,0.0,0.48,0.32000000000000006,0.0,0.46499999999999997,0.38,0.0,0.46499999999999997,0.36000000000000004,0.0,0.46499999999999997,0.34,0.0,0.46499999999999997,0.34,0.0,0.5,0.55,0.0,0.533,0.528,0.0,0.544,0.506,0.0,0.555,0.48400000000000004,0.0,0.5660000000000001,0.462,0.0,0.532,0.517,0.0,0.512,0.48400000000000004,0.0,0.522,0.45100000000000007,0.0,0.532,0.41800000000000004,0.0,0.49,0.517,0.0,0.5,0.48400000000000004,0.0,0.51,0.45100000000000007,0.0,0.49,0.41800000000000004,0.0,0.478,0.5225000000000001,0.0,0.488,0.49500000000000005,0.0,0.46799999999999997,0.4675,0.0,0.478,0.44000000000000006,0.0,0.47150000000000003,0.528,0.0,0.4515,0.506,0.0,0.4615,0.48400000000000004,0.0,0.47150000000000003,0.462,0.0,2026-05-22T14:13:58.492585
help,0.5,0.4,0.0,0.47,0.38,0.0,0.46,0.36000000000000004,0.0,0.45,0.34,0.0,0.41000000000000003,0.28,0.0,0.52,0.37,0.0,0.52,0.34,0.0,0.52,0.31000000000000005,0.0,0.52,0.30000000000000004,0.0,0.5,0.37,0.0,0.5,0.34,0.0,0.5,0.31000000000000005,0.0,0.5,0.30000000000000004,0.0,0.48,0.375,0.0,0.48,0.35000000000000003,0.0,0.48,0.325,0.0,0.48,0.32000000000000006,0.0,0.46499999999999997,0.38,0.0,0.46499999999999997,0.36000000000000004,0.0,0.46499999999999997,0.34,0.0,0.46499999999999997,0.34,0.0,0.5,0.55,0.0,0.533,0.528,0.0,0.544,0.506,0.0,0.555,0.48400000000000004,0.0,0.5660000000000001,0.462,0.0,0.532,0.517,0.0,0.512,0.48400000000000004,0.0,0.522,0.45100000000000007,0.0,0.532,0.41800000000000004,0.0,0.49,0.517,0.0,0.5,0.48400000000000004,0.0,0.51,0.45100000000000007,0.0,0.49,0.41800000000000004,0.0,0.478,0.5225000000000001,0.0,0.488,0.49500000000000005,0.0,0.46799999999999997,0.4675,0.0,0.478,0.44000000000000006,0.0,0.47150000000000003,0.528,0.0,0.4515,0.506,0.0,0.4615,0.48400000000000004,0.0,0.47150000000000003,0.462,0.0,2026-05-22T14:13:58.492585
help,0.5,0.4,0.0,0.47,0.38,0.0,0.46,0.36000000000000004,0.0,0.45,0.34,0.0,0.41000000000000003,0.28,0.0,0.52,0.37,0.0,0.52,0.34,0.0,0.52,0.31000000000000005,0.0,0.52,0.30000000000000004,0.0,0.5,0.37,0.0,0.5,0.34,0.0,0.5,0.31000000000000005,0.0,0.5,0.30000000000000004,0.0,0.48,0.375,0.0,0.48,0.35000000000000003,0.0,0.48,0.325,0.0,0.48,0.32000000000000006,0.0,0.46499999999999997,0.38,0.0,0.46499999999999997,0.36000000000000004,0.0,0.46499999999999997,0.34,0.0,0.46499999999999997,0.34,0.0,0.5,0.55,0.0,0.533,0.528,0.0,0.544,0.506,0.0,0.555,0.48400000000000004,0.0,0.5660000000000001,0.462,0.0,0.532,0.517,0.0,0.512,0.48400000000000004,0.0,0.522,0.45100000000000007,0.0,0.532,0.41800000000000004,0.0,0.49,0.517,0.0,0.5,0.48400000000000004,0.0,0.51,0.45100000000000007,0.0,0.49,0.41800000000000004,0.0,0.478,0.5225000000000001,0.0,0.488,0.49500000000000005,0.0,0.46799999999999997,0.4675,0.0,0.478,0.44000000000000006,0.0,0.47150000000000003,0.528,0.0,0.4515,0.506,0.0,0.4615,0.48400000000000004,0.0,0.47150000000000003,0.462,0.0,2026-05-22T14:13:58.492585
help,0.5,0.4,0.0,0.53,0.38,0.0,0.54,0.36000000000000004,0.0,0.55,0.34,0.0,0.5900000000000001,0.28,0.0,0.52,0.37,0.0,0.52,0.34,0.0,0.52,0.31000000000000005,0.0,0.52,0.30000000000000004,0.0,0.5,0.37,0.0,0.5,0.34,0.0,0.5,0.31000000000000005,0.0,0.5,0.30000000000000004,0.0,0.48,0.375,0.0,0.48,0.35000000000000003,0.0,0.48,0.325,0.0,0.48,0.32000000000000006,0.0,0.46499999999999997,0.38,0.0,0.46499999999999997,0.36000000000000004,0.0,0.46499999999999997,0.34,0.0,0.46499999999999997,0.34,0.0,0.5,0.55,0.0,0.533,0.528,0.0,0.544,0.506,0.0,0.555,0.48400000000000004,0.0,0.5660000000000001,0.462,0.0,0.532,0.517,0.0,0.512,0.48400000000000004,0.0,0.522,0.45100000000000007,0.0,0.532,0.41800000000000004,0.0,0.49,0.517,0.0,0.5,0.48400000000000004,0.0,0.51,0.45100000000000007,0.0,0.49,0.41800000000000004,0.0,0.478,0.5225000000000001,0.0,0.488,0.49500000000000005,0.0,0.46799999999999997,0.4675,0.0,0.478,0.44000000000000006,0.0,0.47150000000000003,0.528,0.0,0.4515,0.506,0.0,0.4615,0.48400000000000004,0.0,0.47150000000000003,0.462,0.0,2026-05-22T14:13:58.492585
help,0.5,0.4,0.0,0.47,0.38,0.0,0.46,0.36000000000000004,0.0,0.45,0.34,0.0,0.41000000000000003,0.28,0.0,0.52,0.37,0.0,0.52,0.34,0.0,0.52,0.31000000000000005,0.0,0.52,0.30000000000000004,0.0,0.5,0.37,0.0,0.5,0.34,0.0,0.5,0.31000000000000005,0.0,0.5,0.30000000000000004,0.0,0.48,0.375,0.0,0.48,0.35000000000000003,0.0,0.48,0.325,0.0,0.48,0.32000000000000006,0.0,0.46499999999999997,0.38,0.0,0.46499999999999997,0.36000000000000004,0.0,0.46499999999999997,0.34,0.0,0.46499999999999997,0.34,0.0,0.5,0.55,0.0,0.533,0.528,0.0,0.544,0.506,0.0,0.555,0.48400000000000004,0.0,0.5660000000000001,0.462,0.0,0.532,0.517,0.0,0.512,0.48400000000000004,0.0,0.522,0.45100000000000007,0.0,0.532,0.41800000000000004,0.0,0.49,0.517,0.0,0.5,0.48400000000000004,0.0,0.51,0.45100000000000007,0.0,0.49,0.41800000000000004,0.0,0.478,0.5225000000000001,0.0,0.488,0.49500000000000005,0.0,0.46799999999999997,0.4675,0.0,0.478,0.44000000000000006,0.0,0.47150000000000003,0.528,0.0,0.4515,0.506,0.0,0.4615,0.48400000000000004,0.0,0.47150000000000003,0.462,0.0,2026-05-22T14:13:58.492585
help,0.5,0.4,0.0,0.47,0.38,0.0,0.46,0.36000000000000004,0.0,0.45,0.34,0.0,0.41000000000000003,0.28,0.0,0.52,0.37,0.0,0.52,0.34,0.0,0.52,0.31000000000000005,0.0,0.52,0.30000000000000004,0.0,0.5,0.37,0.0,0.5,0.34,0.0,0.5,0.31000000000000005,0.0,0.5,0.30000000000000004,0.0,0.48,0.375,0.0,0.48,0.35000000000000003,0.0,0.48,0.325,0.0,0.48,0.32000000000000006,0.0,0.46499999999999997,0.38,0.0,0.46499999999999997,0.36000000000000004,0.0,0.46499999999999997,0.34,0.0,0.46499999999999997,0.34,0.0,0.5,0.55,0.0,0.533,0.528,0.0,0.544,0.506,0.0,0.555,0.48400000000000004,0.0,0.5660000000000001,0.462,0.0,0.532,0.517,0.0,0.512,0.48400000000000004,0.0,0.522,0.45100000000000007,0.0,0.532,0.41800000000000004,0.0,0.49,0.517,0.0,0.5,0.48400000000000004,0.0,0.51,0.45100000000000007,0.0,0.49,0.41800000000000004,0.0,0.478,0.5225000000000001,0.0,0.488,0.49500000000000005,0.0,0.46799999999999997,0.4675,0.0,0.478,0.44000000000000006,0.0,0.47150000000000003,0.528,0.0,0.4515,0.506,0.0,0.4615,0.48400000000000004,0.0,0.47150000000000003,0.462,0.0,2026-05-22T14:13:58.492585
help,0.5,0.4,0.0,0.47,0.38,0.0,0.46,0.36000000000000004,0.0,0.45,0.34,0.0,0.41000000000000003,0.28,0.0,0.52,0.37,0.0,0.52,0.34,0.0,0.52,0.31000000000000005,0.0,0.52,0.30000000000000004,0.0,0.5,0.37,0.0,0.5,0.34,0.0,0.5,0.31000000000000005,0.0,0.5,0.30000000000000004,0.0,0.48,0.375,0.0,0.48,0.35000000000000003,0.0,0.48,0.325,0.0,0.48,0.32000000000000006,0.0,0.46499999999999997,0.38,0.0,0.46499999999999997,0.36000000000000004,0.0,0.46499999999999997,0.34,0.0,0.46499999999999997,0.34,0.0,0.5,0.55,0.0,0.533,0.528,0.0,0.544,0.506,0.0,0.555,0.48400000000000004,0.0,0.5660000000000001,0.462,0.0,0.532,0.517,0.0,0.512,0.48400000000000004,0.0,0.522,0.45100000000000007,0.0,0.532,0.41800000000000004,0.0,0.49,0.517,0.0,0.5,0.48400000000000004,0.0,0.51,0.45100000000000007,0.0,0.49,0.41800000000000004,0.0,0.478,0.5225000000000001,0.0,0.488,0.49500000000000005,0.0,0.46799999999999997,0.4675,0.0,0.478,0.44000000000000006,0.0,0.47150000000000003,0.528,0.0,0.4515,0.506,0.0,0.4615,0.48400000000000004,0.0,0.47150000000000003,0.462,0.0,2026-05-22T14:13:58.492585
help,0.5,0.4,0.0,0.53,0.38,0.0,0.54,0.36000000000000004,0.0,0.55,0.34,0.0,0.5900000000000001,0.28,0.0,0.52,0.37,0.0,0.52,0.34,0.0,0.52,0.31000000000000005,0.0,0.52,0.30000000000000004,0.0,0.5,0.37,0.0,0.5,0.34,0.0,0.5,0.31000000000000005,0.0,0.5,0.30000000000000004,0.0,0.48,0.375,0.0,0.48,0.35000000000000003,0.0,0.48,0.325,0.0,0.48,0.32000000000000006,0.0,0.46499999999999997,0.38,0.0,0.46499999999999997,0.36000000000000004,0.0,0.46499999999999997,0.34,0.0,0.46499999999999997,0.34,0.0,0.5,0.55,0.0,0.533,0.528,0.0,0.544,0.506,0.0,0.555,0.48400000000000004,0.0,0.5660000000000001,0.462,0.0,0.532,0.517,0.0,0.512,0.48400000000000004,0.0,0.522,0.45100000000000007,0.0,0.532,0.41800000000000004,0.0,0.49,0.517,0.0,0.5,0.48400000000000004,0.0,0.51,0.45100000000000007,0.0,0.49,0.41800000000000004,0.0,0.478,0.5225000000000001,0.0,0.488,0.49500000000000005,0.0,0.46799999999999997,0.4675,0.0,0.478,0.44000000000000006,0.0,0.47150000000000003,0.528,0.0,0.4515,0.506,0.0,0.4615,0.48400000000000004,0.0,0.47150000000000003,0.462,0.0,2026-05-22T14:13:58.492585
help,0.5,0.4,0.0,0.47,0.38,0.0,0.46,0.36000000000000004,0.0,0.45,0.34,0.0,0.41000000000000003,0.28,0.0,0.52,0.37,0.0,0.52,0.34,0.0,0.52,0.31000000000000005,0.0,0.52,0.30000000000000004,0.0,0.5,0.37,0.0,0.5,0.34,0.0,0.5,0.31000000000000005,0.0,0.5,0.30000000000000004,0.0,0.48,0.375,0.0,0.48,0.35000000000000003,0.0,0.48,0.325,0.0,0.48,0.32000000000000006,0.0,0.46499999999999997,0.38,0.0,0.46499999999999997,0.36000000000000004,0.0,0.46499999999999997,0.34,0.0,0.46499999999999997,0.34,0.0,0.5,0.55,0.0,0.533,0.528,0.0,0.544,0.506,0.0,0.555,0.48400000000000004,0.0,0.5660000000000001,0.462,0.0,0.532,0.517,0.0,0.512,0.48400000000000004,0.0,0.522,0.45100000000000007,0.0,0.532,0.41800000000000004,0.0,0.49,0.517,0.0,0.5,0.48400000000000004,0.0,0.51,0.45100000000000007,0.0,0.49,0.41800000000000004,0.0,0.478,0.5225000000000001,0.0,0.488,0.49500000000000005,0.0,0.46799999999999997,0.4675,0.0,0.478,0.44000000000000006,0.0,0.47150000000000003,0.528,0.0,0.4515,0.506,0.0,0.4615,0.48400000000000004,0.0,0.47150000000000003,0.462,0.0,2026-05-22T14:13:58.492585
help,0.5,0.4,0.0,0.53,0.38,0.0,0.54,0.36000000000000004,0.0,0.55,0.34,0.0,0.5900000000000001,0.28,0.0,0.52,0.37,0.0,0.52,0.34,0.0,0.52,0.31000000000000005,0.0,0.52,0.30000000000000004,0.0,0.5,0.37,0.0,0.5,0.34,0.0,0.5,0.31000000000000005,0.0,0.5,0.30000000000000004,0.0,0.48,0.375,0.0,0.48,0.35000000000000003,0.0,0.48,0.325,0.0,0.48,0.32000000000000006,0.0,0.46499999999999997,0.38,0.0,0.46499999999999997,0.36000000000000004,0.0,0.46499999999999997,0.34,0.0,0.46499999999999997,0.34,0.0,0.5,0.55,0.0,0.533,0.528,0.0,0.544,0.506,0.0,0.555,0.48400000000000004,0.0,0.5660000000000001,0.462,0.0,0.532,0.517,0.0,0.512,0.48400000000000004,0.0,0.522,0.45100000000000007,0.0,0.532,0.41800000000000004,0.0,0.49,0.517,0.0,0.5,0.48400000000000004,0.0,0.51,0.45100000000000007,0.0,0.49,0.41800000000000004,0.0,0.478,0.5225000000000001,0.0,0.488,0.49500000000000005,0.0,0.46799999999999997,0.4675,0.0,0.478,0.44000000000000006,0.0,0.47150000000000003,0.528,0.0,0.4515,0.506,0.0,0.4615,0.48400000000000004,0.0,0.47150000000000003,0.462,0.0,2026-05-22T14:13:58.493584
help,0.5,0.4,0.0,0.53,0.38,0.0,0.54,0.36000000000000004,0.0,0.55,0.34,0.0,0.5900000000000001,0.28,0.0,0.52,0.37,0.0,0.52,0.34,0.0,0.52,0.31000000000000005,0.0,0.52,0.30000000000000004,0.0,0.5,0.37,0.0,0.5,0.34,0.0,0.5,0.31000000000000005,0.0,0.5,0.30000000000000004,0.0,0.48,0.375,0.0,0.48,0.35000000000000003,0.0,0.48,0.325,0.0,0.48,0.32000000000000006,0.0,0.46499999999999997,0.38,0.0,0.46499999999999997,0.36000000000000004,0.0,0.46499999999999997,0.34,0.0,0.46499999999999997,0.34,0.0,0.5,0.55,0.0,0.533,0.528,0.0,0.544,0.506,0.0,0.555,0.48400000000000004,0.0,0.5660000000000001,0.462,0.0,0.532,0.517,0.0,0.512,0.48400000000000004,0.0,0.522,0.45100000000000007,0.0,0.532,0.41800000000000004,0.0,0.49,0.517,0.0,0.5,0.48400000000000004,0.0,0.51,0.45100000000000007,0.0,0.49,0.41800000000000004,0.0,0.478,0.5225000000000001,0.0,0.488,0.49500000000000005,0.0,0.46799999999999997,0.4675,0.0,0.478,0.44000000000000006,0.0,0.47150000000000003,0.528,0.0,0.4515,0.506,0.0,0.4615,0.48400000000000004,0.0,0.47150000000000003,0.462,0.0,2026-05-22T14:13:58.493584
help,0.5,0.4,0.0,0.53,0.38,0.0,0.54,0.36000000000000004,0.0,0.55,0.34,0.0,0.5900000000000001,0.28,0.0,0.52,0.37,0.0,0.52,0.34,0.0,0.52,0.31000000000000005,0.0,0.52,0.30000000000000004,0.0,0.5,0.37,0.0,0.5,0.34,0.0,0.5,0.31000000000000005,0.0,0.5,0.30000000000000004,0.0,0.48,0.375,0.0,0.48,0.35000000000000003,0.0,0.48,0.325,0.0,0.48,0.32000000000000006,0.0,0.46499999999999997,0.38,0.0,0.46499999999999997,0.36000000000000004,0.0,0.46499999999999997,0.34,0.0,0.46499999999999997,0.34,0.0,0.5,0.55,0.0,0.533,0.528,0.0,0.544,0.506,0.0,0.555,0.48400000000000004,0.0,0.5660000000000001,0.462,0.0,0.532,0.517,0.0,0.512,0.48400000000000004,0.0,0.522,0.45100000000000007,0.0,0.532,0.41800000000000004,0.0,0.49,0.517,0.0,0.5,0.48400000000000004,0.0,0.51,0.45100000000000007,0.0,0.49,0.41800000000000004,0.0,0.478,0.5225000000000001,0.0,0.488,0.49500000000000005,0.0,0.46799999999999997,0.4675,0.0,0.478,0.44000000000000006,0.0,0.47150000000000003,0.528,0.0,0.4515,0.506,0.0,0.4615,0.48400000000000004,0.0,0.47150000000000003,0.462,0.0,2026-05-22T14:13:58.493584
help,0.5,0.4,0.0,0.53,0.38,0.0,0.54,0.36000000000000004,0.0,0.55,0.34,0.0,0.5900000000000001,0.28,0.0,0.52,0.37,0.0,0.52,0.34,0.0,0.52,0.31000000000000005,0.0,0.52,0.30000000000000004,0.0,0.5,0.37,0.0,0.5,0.34,0.0,0.5,0.31000000000000005,0.0,0.5,0.30000000000000004,0.0,0.48,0.375,0.0,0.48,0.35000000000000003,0.0,0.48,0.325,0.0,0.48,0.32000000000000006,0.0,0.46499999999999997,0.38,0.0,0.46499999999999997,0.36000000000000004,0.0,0.46499999999999997,0.34,0.0,0.46499999999999997,0.34,0.0,0.5,0.55,0.0,0.533,0.528,0.0,0.544,0.506,0.0,0.555,0.48400000000000004,0.0,0.5660000000000001,0.462,0.0,0.532,0.517,0.0,0.512,0.48400000000000004,0.0,0.522,0.45100000000000007,0.0,0.532,0.41800000000000004,0.0,0.49,0.517,0.0,0.5,0.48400000000000004,0.0,0.51,0.45100000000000007,0.0,0.49,0.41800000000000004,0.0,0.478,0.5225000000000001,0.0,0.488,0.49500000000000005,0.0,0.46799999999999997,0.4675,0.0,0.478,0.44000000000000006,0.0,0.47150000000000003,0.528,0.0,0.4515,0.506,0.0,0.4615,0.48400000000000004,0.0,0.47150000000000003,0.462,0.0,2026-05-22T14:13:58.493584
help,0.5,0.4,0.0,0.47,0.38,0.0,0.46,0.36000000000000004,0.0,0.45,0.34,0.0,0.41000000000000003,0.28,0.0,0.52,0.37,0.0,0.52,0.34,0.0,0.52,0.31000000000000005,0.0,0.52,0.30000000000000004,0.0,0.5,0.37,0.0,0.5,0.34,0.0,0.5,0.31000000000000005,0.0,0.5,0.30000000000000004,0.0,0.48,0.375,0.0,0.48,0.35000000000000003,0.0,0.48,0.325,0.0,0.48,0.32000000000000006,0.0,0.46499999999999997,0.38,0.0,0.46499999999999997,0.36000000000000004,0.0,0.46499999999999997,0.34,0.0,0.46499999999999997,0.34,0.0,0.5,0.55,0.0,0.533,0.528,0.0,0.544,0.506,0.0,0.555,0.48400000000000004,0.0,0.5660000000000001,0.462,0.0,0.532,0.517,0.0,0.512,0.48400000000000004,0.0,0.522,0.45100000000000007,0.0,0.532,0.41800000000000004,0.0,0.49,0.517,0.0,0.5,0.48400000000000004,0.0,0.51,0.45100000000000007,0.0,0.49,0.41800000000000004,0.0,0.478,0.5225000000000001,0.0,0.488,0.49500000000000005,0.0,0.46799999999999997,0.4675,0.0,0.478,0.44000000000000006,0.0,0.47150000000000003,0.528,0.0,0.4515,0.506,0.0,0.4615,0.48400000000000004,0.0,0.47150000000000003,0.462,0.0,2026-05-22T14:13:58.493584
help,0.5,0.4,0.0,0.47,0.38,0.0,0.46,0.36000000000000004,0.0,0.45,0.34,0.0,0.41000000000000003,0.28,0.0,0.52,0.37,0.0,0.52,0.34,0.0,0.52,0.31000000000000005,0.0,0.52,0.30000000000000004,0.0,0.5,0.37,0.0,0.5,0.34,0.0,0.5,0.31000000000000005,0.0,0.5,0.30000000000000004,0.0,0.48,0.375,0.0,0.48,0.35000000000000003,0.0,0.48,0.325,0.0,0.48,0.32000000000000006,0.0,0.46499999999999997,0.38,0.0,0.46499999999999997,0.36000000000000004,0.0,0.46499999999999997,0.34,0.0,0.46499999999999997,0.34,0.0,0.5,0.55,0.0,0.533,0.528,0.0,0.544,0.506,0.0,0.555,0.48400000000000004,0.0,0.5660000000000001,0.462,0.0,0.532,0.517,0.0,0.512,0.48400000000000004,0.0,0.522,0.45100000000000007,0.0,0.532,0.41800000000000004,0.0,0.49,0.517,0.0,0.5,0.48400000000000004,0.0,0.51,0.45100000000000007,0.0,0.49,0.41800000000000004,0.0,0.478,0.5225000000000001,0.0,0.488,0.49500000000000005,0.0,0.46799999999999997,0.4675,0.0,0.478,0.44000000000000006,0.0,0.47150000000000003,0.528,0.0,0.4515,0.506,0.0,0.4615,0.48400000000000004,0.0,0.47150000000000003,0.462,0.0,2026-05-22T14:13:58.493584
help,0.5,0.4,0.0,0.53,0.38,0.0,0.54,0.36000000000000004,0.0,0.55,0.34,0.0,0.5900000000000001,0.28,0.0,0.52,0.37,0.0,0.52,0.34,0.0,0.52,0.31000000000000005,0.0,0.52,0.30000000000000004,0.0,0.5,0.37,0.0,0.5,0.34,0.0,0.5,0.31000000000000005,0.0,0.5,0.30000000000000004,0.0,0.48,0.375,0.0,0.48,0.35000000000000003,0.0,0.48,0.325,0.0,0.48,0.32000000000000006,0.0,0.46499999999999997,0.38,0.0,0.46499999999999997,0.36000000000000004,0.0,0.46499999999999997,0.34,0.0,0.46499999999999997,0.34,0.0,0.5,0.55,0.0,0.533,0.528,0.0,0.544,0.506,0.0,0.555,0.48400000000000004,0.0,0.5660000000000001,0.462,0.0,0.532,0.517,0.0,0.512,0.48400000000000004,0.0,0.522,0.45100000000000007,0.0,0.532,0.41800000000000004,0.0,0.49,0.517,0.0,0.5,0.48400000000000004,0.0,0.51,0.45100000000000007,0.0,0.49,0.41800000000000004,0.0,0.478,0.5225000000000001,0.0,0.488,0.49500000000000005,0.0,0.46799999999999997,0.4675,0.0,0.478,0.44000000000000006,0.0,0.47150000000000003,0.528,0.0,0.4515,0.506,0.0,0.4615,0.48400000000000004,0.0,0.47150000000000003,0.462,0.0,2026-05-22T14:13:58.493584
help,0.5,0.4,0.0,0.47,0.38,0.0,0.46,0.36000000000000004,0.0,0.45,0.34,0.0,0.41000000000000003,0.28,0.0,0.52,0.37,0.0,0.52,0.34,0.0,0.52,0.31000000000000005,0.0,0.52,0.30000000000000004,0.0,0.5,0.37,0.0,0.5,0.34,0.0,0.5,0.31000000000000005,0.0,0.5,0.30000000000000004,0.0,0.48,0.375,0.0,0.48,0.35000000000000003,0.0,0.48,0.325,0.0,0.48,0.32000000000000006,0.0,0.46499999999999997,0.38,0.0,0.46499999999999997,0.36000000000000004,0.0,0.46499999999999997,0.34,0.0,0.46499999999999997,0.34,0.0,0.5,0.55,0.0,0.533,0.528,0.0,0.544,0.506,0.0,0.555,0.48400000000000004,0.0,0.5660000000000001,0.462,0.0,0.532,0.517,0.0,0.512,0.48400000000000004,0.0,0.522,0.45100000000000007,0.0,0.532,0.41800000000000004,0.0,0.49,0.517,0.0,0.5,0.48400000000000004,0.0,0.51,0.45100000000000007,0.0,0.49,0.41800000000000004,0.0,0.478,0.5225000000000001,0.0,0.488,0.49500000000000005,0.0,0.46799999999999997,0.4675,0.0,0.478,0.44000000000000006,0.0,0.47150000000000003,0.528,0.0,0.4515,0.506,0.0,0.4615,0.48400000000000004,0.0,0.47150000000000003,0.462,0.0,2026-05-22T14:13:58.493584
help,0.5,0.4,0.0,0.53,0.38,0.0,0.54,0.36000000000000004,0.0,0.55,0.34,0.0,0.5900000000000001,0.28,0.0,0.52,0.37,0.0,0.52,0.34,0.0,0.52,0.31000000000000005,0.0,0.52,0.30000000000000004,0.0,0.5,0.37,0.0,0.5,0.34,0.0,0.5,0.31000000000000005,0.0,0.5,0.30000000000000004,0.0,0.48,0.375,0.0,0.48,0.35000000000000003,0.0,0.48,0.325,0.0,0.48,0.32000000000000006,0.0,0.46499999999999997,0.38,0.0,0.46499999999999997,0.36000000000000004,0.0,0.46499999999999997,0.34,0.0,0.46499999999999997,0.34,0.0,0.5,0.55,0.0,0.533,0.528,0.0,0.544,0.506,0.0,0.555,0.48400000000000004,0.0,0.5660000000000001,0.462,0.0,0.532,0.517,0.0,0.512,0.48400000000000004,0.0,0.522,0.45100000000000007,0.0,0.532,0.41800000000000004,0.0,0.49,0.517,0.0,0.5,0.48400000000000004,0.0,0.51,0.45100000000000007,0.0,0.49,0.41800000000000004,0.0,0.478,0.5225000000000001,0.0,0.488,0.49500000000000005,0.0,0.46799999999999997,0.4675,0.0,0.478,0.44000000000000006,0.0,0.47150000000000003,0.528,0.0,0.4515,0.506,0.0,0.4615,0.48400000000000004,0.0,0.47150000000000003,0.462,0.0,2026-05-22T14:13:58.493584
help,0.5,0.4,0.0,0.53,0.38,0.0,0.54,0.36000000000000004,0.0,0.55,0.34,0.0,0.5900000000000001,0.28,0.0,0.52,0.37,0.0,0.52,0.34,0.0,0.52,0.31000000000000005,0.0,0.52,0.30000000000000004,0.0,0.5,0.37,0.0,0.5,0.34,0.0,0.5,0.31000000000000005,0.0,0.5,0.30000000000000004,0.0,0.48,0.375,0.0,0.48,0.35000000000000003,0.0,0.48,0.325,0.0,0.48,0.32000000000000006,0.0,0.46499999999999997,0.38,0.0,0.46499999999999997,0.36000000000000004,0.0,0.46499999999999997,0.34,0.0,0.46499999999999997,0.34,0.0,0.5,0.55,0.0,0.533,0.528,0.0,0.544,0.506,0.0,0.555,0.48400000000000004,0.0,0.5660000000000001,0.462,0.0,0.532,0.517,0.0,0.512,0.48400000000000004,0.0,0.522,0.45100000000000007,0.0,0.532,0.41800000000000004,0.0,0.49,0.517,0.0,0.5,0.48400000000000004,0.0,0.51,0.45100000000000007,0.0,0.49,0.41800000000000004,0.0,0.478,0.5225000000000001,0.0,0.488,0.49500000000000005,0.0,0.46799999999999997,0.4675,0.0,0.478,0.44000000000000006,0.0,0.47150000000000003,0.528,0.0,0.4515,0.506,0.0,0.4615,0.48400000000000004,0.0,0.47150000000000003,0.462,0.0,2026-05-22T14:13:58.493584
help,0.5,0.4,0.0,0.53,0.38,0.0,0.54,0.36000000000000004,0.0,0.55,0.34,0.0,0.5900000000000001,0.28,0.0,0.52,0.37,0.0,0.52,0.34,0.0,0.52,0.31000000000000005,0.0,0.52,0.30000000000000004,0.0,0.5,0.37,0.0,0.5,0.34,0.0,0.5,0.31000000000000005,0.0,0.5,0.30000000000000004,0.0,0.48,0.375,0.0,0.48,0.35000000000000003,0.0,0.48,0.325,0.0,0.48,0.32000000000000006,0.0,0.46499999999999997,0.38,0.0,0.46499999999999997,0.36000000000000004,0.0,0.46499999999999997,0.34,0.0,0.46499999999999997,0.34,0.0,0.5,0.55,0.0,0.533,0.528,0.0,0.544,0.506,0.0,0.555,0.48400000000000004,0.0,0.5660000000000001,0.462,0.0,0.532,0.517,0.0,0.512,0.48400000000000004,0.0,0.522,0.45100000000000007,0.0,0.532,0.41800000000000004,0.0,0.49,0.517,0.0,0.5,0.48400000000000004,0.0,0.51,0.45100000000000007,0.0,0.49,0.41800000000000004,0.0,0.478,0.5225000000000001,0.0,0.488,0.49500000000000005,0.0,0.46799999999999997,0.4675,0.0,0.478,0.44000000000000006,0.0,0.47150000000000003,0.528,0.0,0.4515,0.506,0.0,0.4615,0.48400000000000004,0.0,0.47150000000000003,0.462,0.0,2026-05-22T14:13:58.493584
help,0.5,0.4,0.0,0.53,0.38,0.0,0.54,0.36000000000000004,0.0,0.55,0.34,0.0,0.5900000000000001,0.28,0.0,0.52,0.37,0.0,0.52,0.34,0.0,0.52,0.31000000000000005,0.0,0.52,0.30000000000000004,0.0,0.5,0.37,0.0,0.5,0.34,0.0,0.5,0.31000000000000005,0.0,0.5,0.30000000000000004,0.0,0.48,0.375,0.0,0.48,0.35000000000000003,0.0,0.48,0.325,0.0,0.48,0.32000000000000006,0.0,0.46499999999999997,0.38,0.0,0.46499999999999997,0.36000000000000004,0.0,0.46499999999999997,0.34,0.0,0.46499999999999997,0.34,0.0,0.5,0.55,0.0,0.533,0.528,0.0,0.544,0.506,0.0,0.555,0.48400000000000004,0.0,0.5660000000000001,0.462,0.0,0.532,0.517,0.0,0.512,0.48400000000000004,0.0,0.522,0.45100000000000007,0.0,0.532,0.41800000000000004,0.0,0.49,0.517,0.0,0.5,0.48400000000000004,0.0,0.51,0.45100000000000007,0.0,0.49,0.41800000000000004,0.0,0.478,0.5225000000000001,0.0,0.488,0.49500000000000005,0.0,0.46799999999999997,0.4675,0.0,0.478,0.44000000000000006,0.0,0.47150000000000003,0.528,0.0,0.4515,0.506,0.0,0.4615,0.48400000000000004,0.0,0.47150000000000003,0.462,0.0,2026-05-22T14:13:58.493584
help,0.5,0.4,0.0,0.47,0.38,0.0,0.46,0.36000000000000004,0.0,0.45,0.34,0.0,0.41000000000000003,0.28,0.0,0.52,0.37,0.0,0.52,0.34,0.0,0.52,0.31000000000000005,0.0,0.52,0.30000000000000004,0.0,0.5,0.37,0.0,0.5,0.34,0.0,0.5,0.31000000000000005,0.0,0.5,0.30000000000000004,0.0,0.48,0.375,0.0,0.48,0.35000000000000003,0.0,0.48,0.325,0.0,0.48,0.32000000000000006,0.0,0.46499999999999997,0.38,0.0,0.46499999999999997,0.36000000000000004,0.0,0.46499999999999997,0.34,0.0,0.46499999999999997,0.34,0.0,0.5,0.55,0.0,0.533,0.528,0.0,0.544,0.506,0.0,0.555,0.48400000000000004,0.0,0.5660000000000001,0.462,0.0,0.532,0.517,0.0,0.512,0.48400000000000004,0.0,0.522,0.45100000000000007,0.0,0.532,0.41800000000000004,0.0,0.49,0.517,0.0,0.5,0.48400000000000004,0.0,0.51,0.45100000000000007,0.0,0.49,0.41800000000000004,0.0,0.478,0.5225000000000001,0.0,0.488,0.49500000000000005,0.0,0.46799999999999997,0.4675,0.0,0.478,0.44000000000000006,0.0,0.47150000000000003,0.528,0.0,0.4515,0.506,0.0,0.4615,0.48400000000000004,0.0,0.47150000000000003,0.462,0.0,2026-05-22T14:13:58.493584
help,0.5,0.4,0.0,0.47,0.38,0.0,0.46,0.36000000000000004,0.0,0.45,0.34,0.0,0.41000000000000003,0.28,0.0,0.52,0.37,0.0,0.52,0.34,0.0,0.52,0.31000000000000005,0.0,0.52,0.30000000000000004,0.0,0.5,0.37,0.0,0.5,0.34,0.0,0.5,0.31000000000000005,0.0,0.5,0.30000000000000004,0.0,0.48,0.375,0.0,0.48,0.35000000000000003,0.0,0.48,0.325,0.0,0.48,0.32000000000000006,0.0,0.46499999999999997,0.38,0.0,0.46499999999999997,0.36000000000000004,0.0,0.46499999999999997,0.34,0.0,0.46499999999999997,0.34,0.0,0.5,0.55,0.0,0.533,0.528,0.0,0.544,0.506,0.0,0.555,0.48400000000000004,0.0,0.5660000000000001,0.462,0.0,0.532,0.517,0.0,0.512,0.48400000000000004,0.0,0.522,0.45100000000000007,0.0,0.532,0.41800000000000004,0.0,0.49,0.517,0.0,0.5,0.48400000000000004,0.0,0.51,0.45100000000000007,0.0,0.49,0.41800000000000004,0.0,0.478,0.5225000000000001,0.0,0.488,0.49500000000000005,0.0,0.46799999999999997,0.4675,0.0,0.478,0.44000000000000006,0.0,0.47150000000000003,0.528,0.0,0.4515,0.506,0.0,0.4615,0.48400000000000004,0.0,0.47150000000000003,0.462,0.0,2026-05-22T14:13:58.493584
help,0.5,0.4,0.0,0.47,0.38,0.0,0.46,0.36000000000000004,0.0,0.45,0.34,0.0,0.41000000000000003,0.28,0.0,0.52,0.37,0.0,0.52,0.34,0.0,0.52,0.31000000000000005,0.0,0.52,0.30000000000000004,0.0,0.5,0.37,0.0,0.5,0.34,0.0,0.5,0.31000000000000005,0.0,0.5,0.30000000000000004,0.0,0.48,0.375,0.0,0.48,0.35000000000000003,0.0,0.48,0.325,0.0,0.48,0.32000000000000006,0.0,0.46499999999999997,0.38,0.0,0.46499999999999997,0.36000000000000004,0.0,0.46499999999999997,0.34,0.0,0.46499999999999997,0.34,0.0,0.5,0.55,0.0,0.533,0.528,0.0,0.544,0.506,0.0,0.555,0.48400000000000004,0.0,0.5660000000000001,0.462,0.0,0.532,0.517,0.0,0.512,0.48400000000000004,0.0,0.522,0.45100000000000007,0.0,0.532,0.41800000000000004,0.0,0.49,0.517,0.0,0.5,0.48400000000000004,0.0,0.51,0.45100000000000007,0.0,0.49,0.41800000000000004,0.0,0.478,0.5225000000000001,0.0,0.488,0.49500000000000005,0.0,0.46799999999999997,0.4675,0.0,0.478,0.44000000000000006,0.0,0.47150000000000003,0.528,0.0,0.4515,0.506,0.0,0.4615,0.48400000000000004,0.0,0.47150000000000003,0.462,0.0,2026-05-22T14:13:58.494584
help,0.5,0.4,0.0,0.53,0.38,0.0,0.54,0.36000000000000004,0.0,0.55,0.34,0.0,0.5900000000000001,0.28,0.0,0.52,0.37,0.0,0.52,0.34,0.0,0.52,0.31000000000000005,0.0,0.52,0.30000000000000004,0.0,0.5,0.37,0.0,0.5,0.34,0.0,0.5,0.31000000000000005,0.0,0.5,0.30000000000000004,0.0,0.48,0.375,0.0,0.48,0.35000000000000003,0.0,0.48,0.325,0.0,0.48,0.32000000000000006,0.0,0.46499999999999997,0.38,0.0,0.46499999999999997,0.36000000000000004,0.0,0.46499999999999997,0.34,0.0,0.46499999999999997,0.34,0.0,0.5,0.55,0.0,0.533,0.528,0.0,0.544,0.506,0.0,0.555,0.48400000000000004,0.0,0.5660000000000001,0.462,0.0,0.532,0.517,0.0,0.512,0.48400000000000004,0.0,0.522,0.45100000000000007,0.0,0.532,0.41800000000000004,0.0,0.49,0.517,0.0,0.5,0.48400000000000004,0.0,0.51,0.45100000000000007,0.0,0.49,0.41800000000000004,0.0,0.478,0.5225000000000001,0.0,0.488,0.49500000000000005,0.0,0.46799999999999997,0.4675,0.0,0.478,0.44000000000000006,0.0,0.47150000000000003,0.528,0.0,0.4515,0.506,0.0,0.4615,0.48400000000000004,0.0,0.47150000000000003,0.462,0.0,2026-05-22T14:13:58.494584
help,0.5,0.4,0.0,0.47,0.38,0.0,0.46,0.36000000000000004,0.0,0.45,0.34,0.0,0.41000000000000003,0.28,0.0,0.52,0.37,0.0,0.52,0.34,0.0,0.52,0.31000000000000005,0.0,0.52,0.30000000000000004,0.0,0.5,0.37,0.0,0.5,0.34,0.0,0.5,0.31000000000000005,0.0,0.5,0.30000000000000004,0.0,0.48,0.375,0.0,0.48,0.35000000000000003,0.0,0.48,0.325,0.0,0.48,0.32000000000000006,0.0,0.46499999999999997,0.38,0.0,0.46499999999999997,0.36000000000000004,0.0,0.46499999999999997,0.34,0.0,0.46499999999999997,0.34,0.0,0.5,0.55,0.0,0.533,0.528,0.0,0.544,0.506,0.0,0.555,0.48400000000000004,0.0,0.5660000000000001,0.462,0.0,0.532,0.517,0.0,0.512,0.48400000000000004,0.0,0.522,0.45100000000000007,0.0,0.532,0.41800000000000004,0.0,0.49,0.517,0.0,0.5,0.48400000000000004,0.0,0.51,0.45100000000000007,0.0,0.49,0.41800000000000004,0.0,0.478,0.5225000000000001,0.0,0.488,0.49500000000000005,0.0,0.46799999999999997,0.4675,0.0,0.478,0.44000000000000006,0.0,0.47150000000000003,0.528,0.0,0.4515,0.506,0.0,0.4615,0.48400000000000004,0.0,0.47150000000000003,0.462,0.0,2026-05-22T14:13:58.494584
help,0.5,0.4,0.0,0.47,0.38,0.0,0.46,0.36000000000000004,0.0,0.45,0.34,0.0,0.41000000000000003,0.28,0.0,0.52,0.37,0.0,0.52,0.34,0.0,0.52,0.31000000000000005,0.0,0.52,0.30000000000000004,0.0,0.5,0.37,0.0,0.5,0.34,0.0,0.5,0.31000000000000005,0.0,0.5,0.30000000000000004,0.0,0.48,0.375,0.0,0.48,0.35000000000000003,0.0,0.48,0.325,0.0,0.48,0.32000000000000006,0.0,0.46499999999999997,0.38,0.0,0.46499999999999997,0.36000000000000004,0.0,0.46499999999999997,0.34,0.0,0.46499999999999997,0.34,0.0,0.5,0.55,0.0,0.533,0.528,0.0,0.544,0.506,0.0,0.555,0.48400000000000004,0.0,0.5660000000000001,0.462,0.0,0.532,0.517,0.0,0.512,0.48400000000000004,0.0,0.522,0.45100000000000007,0.0,0.532,0.41800000000000004,0.0,0.49,0.517,0.0,0.5,0.48400000000000004,0.0,0.51,0.45100000000000007,0.0,0.49,0.41800000000000004,0.0,0.478,0.5225000000000001,0.0,0.488,0.49500000000000005,0.0,0.46799999999999997,0.4675,0.0,0.478,0.44000000000000006,0.0,0.47150000000000003,0.528,0.0,0.4515,0.506,0.0,0.4615,0.48400000000000004,0.0,0.47150000000000003,0.462,0.0,2026-05-22T14:13:58.494584
help,0.5,0.4,0.0,0.47,0.38,0.0,0.46,0.36000000000000004,0.0,0.45,0.34,0.0,0.41000000000000003,0.28,0.0,0.52,0.37,0.0,0.52,0.34,0.0,0.52,0.31000000000000005,0.0,0.52,0.30000000000000004,0.0,0.5,0.37,0.0,0.5,0.34,0.0,0.5,0.31000000000000005,0.0,0.5,0.30000000000000004,0.0,0.48,0.375,0.0,0.48,0.35000000000000003,0.0,0.48,0.325,0.0,0.48,0.32000000000000006,0.0,0.46499999999999997,0.38,0.0,0.46499999999999997,0.36000000000000004,0.0,0.46499999999999997,0.34,0.0,0.46499999999999997,0.34,0.0,0.5,0.55,0.0,0.533,0.528,0.0,0.544,0.506,0.0,0.555,0.48400000000000004,0.0,0.5660000000000001,0.462,0.0,0.532,0.517,0.0,0.512,0.48400000000000004,0.0,0.522,0.45100000000000007,0.0,0.532,0.41800000000000004,0.0,0.49,0.517,0.0,0.5,0.48400000000000004,0.0,0.51,0.45100000000000007,0.0,0.49,0.41800000000000004,0.0,0.478,0.5225000000000001,0.0,0.488,0.49500000000000005,0.0,0.46799999999999997,0.4675,0.0,0.478,0.44000000000000006,0.0,0.47150000000000003,0.528,0.0,0.4515,0.506,0.0,0.4615,0.48400000000000004,0.0,0.47150000000000003,0.462,0.0,2026-05-22T14:13:58.494584
help,0.5,0.4,0.0,0.47,0.38,0.0,0.46,0.36000000000000004,0.0,0.45,0.34,0.0,0.41000000000000003,0.28,0.0,0.52,0.37,0.0,0.52,0.34,0.0,0.52,0.31000000000000005,0.0,0.52,0.30000000000000004,0.0,0.5,0.37,0.0,0.5,0.34,0.0,0.5,0.31000000000000005,0.0,0.5,0.30000000000000004,0.0,0.48,0.375,0.0,0.48,0.35000000000000003,0.0,0.48,0.325,0.0,0.48,0.32000000000000006,0.0,0.46499999999999997,0.38,0.0,0.46499999999999997,0.36000000000000004,0.0,0.46499999999999997,0.34,0.0,0.46499999999999997,0.34,0.0,0.5,0.55,0.0,0.533,0.528,0.0,0.544,0.506,0.0,0.555,0.48400000000000004,0.0,0.5660000000000001,0.462,0.0,0.532,0.517,0.0,0.512,0.48400000000000004,0.0,0.522,0.45100000000000007,0.0,0.532,0.41800000000000004,0.0,0.49,0.517,0.0,0.5,0.48400000000000004,0.0,0.51,0.45100000000000007,0.0,0.49,0.41800000000000004,0.0,0.478,0.5225000000000001,0.0,0.488,0.49500000000000005,0.0,0.46799999999999997,0.4675,0.0,0.478,0.44000000000000006,0.0,0.47150000000000003,0.528,0.0,0.4515,0.506,0.0,0.4615,0.48400000000000004,0.0,0.47150000000000003,0.462,0.0,2026-05-22T14:13:58.494584
help,0.5,0.4,0.0,0.47,0.38,0.0,0.46,0.36000000000000004,0.0,0.45,0.34,0.0,0.41000000000000003,0.28,0.0,0.52,0.37,0.0,0.52,0.34,0.0,0.52,0.31000000000000005,0.0,0.52,0.30000000000000004,0.0,0.5,0.37,0.0,0.5,0.34,0.0,0.5,0.31000000000000005,0.0,0.5,0.30000000000000004,0.0,0.48,0.375,0.0,0.48,0.35000000000000003,0.0,0.48,0.325,0.0,0.48,0.32000000000000006,0.0,0.46499999999999997,0.38,0.0,0.46499999999999997,0.36000000000000004,0.0,0.46499999999999997,0.34,0.0,0.46499999999999997,0.34,0.0,0.5,0.55,0.0,0.533,0.528,0.0,0.544,0.506,0.0,0.555,0.48400000000000004,0.0,0.5660000000000001,0.462,0.0,0.532,0.517,0.0,0.512,0.48400000000000004,0.0,0.522,0.45100000000000007,0.0,0.532,0.41800000000000004,0.0,0.49,0.517,0.0,0.5,0.48400000000000004,0.0,0.51,0.45100000000000007,0.0,0.49,0.41800000000000004,0.0,0.478,0.5225000000000001,0.0,0.488,0.49500000000000005,0.0,0.46799999999999997,0.4675,0.0,0.478,0.44000000000000006,0.0,0.47150000000000003,0.528,0.0,0.4515,0.506,0.0,0.4615,0.48400000000000004,0.0,0.47150000000000003,0.462,0.0,2026-05-22T14:13:58.494584
help,0.5,0.4,0.0,0.47,0.38,0.0,0.46,0.36000000000000004,0.0,0.45,0.34,0.0,0.41000000000000003,0.28,0.0,0.52,0.37,0.0,0.52,0.34,0.0,0.52,0.31000000000000005,0.0,0.52,0.30000000000000004,0.0,0.5,0.37,0.0,0.5,0.34,0.0,0.5,0.31000000000000005,0.0,0.5,0.30000000000000004,0.0,0.48,0.375,0.0,0.48,0.35000000000000003,0.0,0.48,0.325,0.0,0.48,0.32000000000000006,0.0,0.46499999999999997,0.38,0.0,0.46499999999999997,0.36000000000000004,0.0,0.46499999999999997,0.34,0.0,0.46499999999999997,0.34,0.0,0.5,0.55,0.0,0.533,0.528,0.0,0.544,0.506,0.0,0.555,0.48400000000000004,0.0,0.5660000000000001,0.462,0.0,0.532,0.517,0.0,0.512,0.48400000000000004,0.0,0.522,0.45100000000000007,0.0,0.532,0.41800000000000004,0.0,0.49,0.517,0.0,0.5,0.48400000000000004,0.0,0.51,0.45100000000000007,0.0,0.49,0.41800000000000004,0.0,0.478,0.5225000000000001,0.0,0.488,0.49500000000000005,0.0,0.46799999999999997,0.4675,0.0,0.478,0.44000000000000006,0.0,0.47150000000000003,0.528,0.0,0.4515,0.506,0.0,0.4615,0.48400000000000004,0.0,0.47150000000000003,0.462,0.0,2026-05-22T14:13:58.494584
help,0.5,0.4,0.0,0.53,0.38,0.0,0.54,0.36000000000000004,0.0,0.55,0.34,0.0,0.5900000000000001,0.28,0.0,0.52,0.37,0.0,0.52,0.34,0.0,0.52,0.31000000000000005,0.0,0.52,0.30000000000000004,0.0,0.5,0.37,0.0,0.5,0.34,0.0,0.5,0.31000000000000005,0.0,0.5,0.30000000000000004,0.0,0.48,0.375,0.0,0.48,0.35000000000000003,0.0,0.48,0.325,0.0,0.48,0.32000000000000006,0.0,0.46499999999999997,0.38,0.0,0.46499999999999997,0.36000000000000004,0.0,0.46499999999999997,0.34,0.0,0.46499999999999997,0.34,0.0,0.5,0.55,0.0,0.533,0.528,0.0,0.544,0.506,0.0,0.555,0.48400000000000004,0.0,0.5660000000000001,0.462,0.0,0.532,0.517,0.0,0.512,0.48400000000000004,0.0,0.522,0.45100000000000007,0.0,0.532,0.41800000000000004,0.0,0.49,0.517,0.0,0.5,0.48400000000000004,0.0,0.51,0.45100000000000007,0.0,0.49,0.41800000000000004,0.0,0.478,0.5225000000000001,0.0,0.488,0.49500000000000005,0.0,0.46799999999999997,0.4675,0.0,0.478,0.44000000000000006,0.0,0.47150000000000003,0.528,0.0,0.4515,0.506,0.0,0.4615,0.48400000000000004,0.0,0.47150000000000003,0.462,0.0,2026-05-22T14:13:58.494584
help,0.5,0.4,0.0,0.47,0.38,0.0,0.46,0.36000000000000004,0.0,0.45,0.34,0.0,0.41000000000000003,0.28,0.0,0.52,0.37,0.0,0.52,0.34,0.0,0.52,0.31000000000000005,0.0,0.52,0.30000000000000004,0.0,0.5,0.37,0.0,0.5,0.34,0.0,0.5,0.31000000000000005,0.0,0.5,0.30000000000000004,0.0,0.48,0.375,0.0,0.48,0.35000000000000003,0.0,0.48,0.325,0.0,0.48,0.32000000000000006,0.0,0.46499999999999997,0.38,0.0,0.46499999999999997,0.36000000000000004,0.0,0.46499999999999997,0.34,0.0,0.46499999999999997,0.34,0.0,0.5,0.55,0.0,0.533,0.528,0.0,0.544,0.506,0.0,0.555,0.48400000000000004,0.0,0.5660000000000001,0.462,0.0,0.532,0.517,0.0,0.512,0.48400000000000004,0.0,0.522,0.45100000000000007,0.0,0.532,0.41800000000000004,0.0,0.49,0.517,0.0,0.5,0.48400000000000004,0.0,0.51,0.45100000000000007,0.0,0.49,0.41800000000000004,0.0,0.478,0.5225000000000001,0.0,0.488,0.49500000000000005,0.0,0.46799999999999997,0.4675,0.0,0.478,0.44000000000000006,0.0,0.47150000000000003,0.528,0.0,0.4515,0.506,0.0,0.4615,0.48400000000000004,0.0,0.47150000000000003,0.462,0.0,2026-05-22T14:13:58.494584
help,0.5,0.4,0.0,0.47,0.38,0.0,0.46,0.36000000000000004,0.0,0.45,0.34,0.0,0.41000000000000003,0.28,0.0,0.52,0.37,0.0,0.52,0.34,0.0,0.52,0.31000000000000005,0.0,0.52,0.30000000000000004,0.0,0.5,0.37,0.0,0.5,0.34,0.0,0.5,0.31000000000000005,0.0,0.5,0.30000000000000004,0.0,0.48,0.375,0.0,0.48,0.35000000000000003,0.0,0.48,0.325,0.0,0.48,0.32000000000000006,0.0,0.46499999999999997,0.38,0.0,0.46499999999999997,0.36000000000000004,0.0,0.46499999999999997,0.34,0.0,0.46499999999999997,0.34,0.0,0.5,0.55,0.0,0.533,0.528,0.0,0.544,0.506,0.0,0.555,0.48400000000000004,0.0,0.5660000000000001,0.462,0.0,0.532,0.517,0.0,0.512,0.48400000000000004,0.0,0.522,0.45100000000000007,0.0,0.532,0.41800000000000004,0.0,0.49,0.517,0.0,0.5,0.48400000000000004,0.0,0.51,0.45100000000000007,0.0,0.49,0.41800000000000004,0.0,0.478,0.5225000000000001,0.0,0.488,0.49500000000000005,0.0,0.46799999999999997,0.4675,0.0,0.478,0.44000000000000006,0.0,0.47150000000000003,0.528,0.0,0.4515,0.506,0.0,0.4615,0.48400000000000004,0.0,0.47150000000000003,0.462,0.0,2026-05-22T14:13:58.494584
help,0.5,0.4,0.0,0.47,0.38,0.0,0.46,0.36000000000000004,0.0,0.45,0.34,0.0,0.41000000000000003,0.28,0.0,0.52,0.37,0.0,0.52,0.34,0.0,0.52,0.31000000000000005,0.0,0.52,0.30000000000000004,0.0,0.5,0.37,0.0,0.5,0.34,0.0,0.5,0.31000000000000005,0.0,0.5,0.30000000000000004,0.0,0.48,0.375,0.0,0.48,0.35000000000000003,0.0,0.48,0.325,0.0,0.48,0.32000000000000006,0.0,0.46499999999999997,0.38,0.0,0.46499999999999997,0.36000000000000004,0.0,0.46499999999999997,0.34,0.0,0.46499999999999997,0.34,0.0,0.5,0.55,0.0,0.533,0.528,0.0,0.544,0.506,0.0,0.555,0.48400000000000004,0.0,0.5660000000000001,0.462,0.0,0.532,0.517,0.0,0.512,0.48400000000000004,0.0,0.522,0.45100000000000007,0.0,0.532,0.41800000000000004,0.0,0.49,0.517,0.0,0.5,0.48400000000000004,0.0,0.51,0.45100000000000007,0.0,0.49,0.41800000000000004,0.0,0.478,0.5225000000000001,0.0,0.488,0.49500000000000005,0.0,0.46799999999999997,0.4675,0.0,0.478,0.44000000000000006,0.0,0.47150000000000003,0.528,0.0,0.4515,0.506,0.0,0.4615,0.48400000000000004,0.0,0.47150000000000003,0.462,0.0,2026-05-22T14:13:58.494584
help,0.5,0.4,0.0,0.53,0.38,0.0,0.54,0.36000000000000004,0.0,0.55,0.34,0.0,0.5900000000000001,0.28,0.0,0.52,0.37,0.0,0.52,0.34,0.0,0.52,0.31000000000000005,0.0,0.52,0.30000000000000004,0.0,0.5,0.37,0.0,0.5,0.34,0.0,0.5,0.31000000000000005,0.0,0.5,0.30000000000000004,0.0,0.48,0.375,0.0,0.48,0.35000000000000003,0.0,0.48,0.325,0.0,0.48,0.32000000000000006,0.0,0.46499999999999997,0.38,0.0,0.46499999999999997,0.36000000000000004,0.0,0.46499999999999997,0.34,0.0,0.46499999999999997,0.34,0.0,0.5,0.55,0.0,0.533,0.528,0.0,0.544,0.506,0.0,0.555,0.48400000000000004,0.0,0.5660000000000001,0.462,0.0,0.532,0.517,0.0,0.512,0.48400000000000004,0.0,0.522,0.45100000000000007,0.0,0.532,0.41800000000000004,0.0,0.49,0.517,0.0,0.5,0.48400000000000004,0.0,0.51,0.45100000000000007,0.0,0.49,0.41800000000000004,0.0,0.478,0.5225000000000001,0.0,0.488,0.49500000000000005,0.0,0.46799999999999997,0.4675,0.0,0.478,0.44000000000000006,0.0,0.47150000000000003,0.528,0.0,0.4515,0.506,0.0,0.4615,0.48400000000000004,0.0,0.47150000000000003,0.462,0.0,2026-05-22T14:13:58.494584
help,0.5,0.4,0.0,0.53,0.38,0.0,0.54,0.36000000000000004,0.0,0.55,0.34,0.0,0.5900000000000001,0.28,0.0,0.52,0.37,0.0,0.52,0.34,0.0,0.52,0.31000000000000005,0.0,0.52,0.30000000000000004,0.0,0.5,0.37,0.0,0.5,0.34,0.0,0.5,0.31000000000000005,0.0,0.5,0.30000000000000004,0.0,0.48,0.375,0.0,0.48,0.35000000000000003,0.0,0.48,0.325,0.0,0.48,0.32000000000000006,0.0,0.46499999999999997,0.38,0.0,0.46499999999999997,0.36000000000000004,0.0,0.46499999999999997,0.34,0.0,0.46499999999999997,0.34,0.0,0.5,0.55,0.0,0.533,0.528,0.0,0.544,0.506,0.0,0.555,0.48400000000000004,0.0,0.5660000000000001,0.462,0.0,0.532,0.517,0.0,0.512,0.48400000000000004,0.0,0.522,0.45100000000000007,0.0,0.532,0.41800000000000004,0.0,0.49,0.517,0.0,0.5,0.48400000000000004,0.0,0.51,0.45100000000000007,0.0,0.49,0.41800000000000004,0.0,0.478,0.5225000000000001,0.0,0.488,0.49500000000000005,0.0,0.46799999999999997,0.4675,0.0,0.478,0.44000000000000006,0.0,0.47150000000000003,0.528,0.0,0.4515,0.506,0.0,0.4615,0.48400000000000004,0.0,0.47150000000000003,0.462,0.0,2026-05-22T14:13:58.494584
help,0.5,0.4,0.0,0.53,0.38,0.0,0.54,0.36000000000000004,0.0,0.55,0.34,0.0,0.5900000000000001,0.28,0.0,0.52,0.37,0.0,0.52,0.34,0.0,0.52,0.31000000000000005,0.0,0.52,0.30000000000000004,0.0,0.5,0.37,0.0,0.5,0.34,0.0,0.5,0.31000000000000005,0.0,0.5,0.30000000000000004,0.0,0.48,0.375,0.0,0.48,0.35000000000000003,0.0,0.48,0.325,0.0,0.48,0.32000000000000006,0.0,0.46499999999999997,0.38,0.0,0.46499999999999997,0.36000000000000004,0.0,0.46499999999999997,0.34,0.0,0.46499999999999997,0.34,0.0,0.5,0.55,0.0,0.533,0.528,0.0,0.544,0.506,0.0,0.555,0.48400000000000004,0.0,0.5660000000000001,0.462,0.0,0.532,0.517,0.0,0.512,0.48400000000000004,0.0,0.522,0.45100000000000007,0.0,0.532,0.41800000000000004,0.0,0.49,0.517,0.0,0.5,0.48400000000000004,0.0,0.51,0.45100000000000007,0.0,0.49,0.41800000000000004,0.0,0.478,0.5225000000000001,0.0,0.488,0.49500000000000005,0.0,0.46799999999999997,0.4675,0.0,0.478,0.44000000000000006,0.0,0.47150000000000003,0.528,0.0,0.4515,0.506,0.0,0.4615,0.48400000000000004,0.0,0.47150000000000003,0.462,0.0,2026-05-22T14:13:58.494584
help,0.5,0.4,0.0,0.47,0.38,0.0,0.46,0.36000000000000004,0.0,0.45,0.34,0.0,0.41000000000000003,0.28,0.0,0.52,0.37,0.0,0.52,0.34,0.0,0.52,0.31000000000000005,0.0,0.52,0.30000000000000004,0.0,0.5,0.37,0.0,0.5,0.34,0.0,0.5,0.31000000000000005,0.0,0.5,0.30000000000000004,0.0,0.48,0.375,0.0,0.48,0.35000000000000003,0.0,0.48,0.325,0.0,0.48,0.32000000000000006,0.0,0.46499999999999997,0.38,0.0,0.46499999999999997,0.36000000000000004,0.0,0.46499999999999997,0.34,0.0,0.46499999999999997,0.34,0.0,0.5,0.55,0.0,0.533,0.528,0.0,0.544,0.506,0.0,0.555,0.48400000000000004,0.0,0.5660000000000001,0.462,0.0,0.532,0.517,0.0,0.512,0.48400000000000004,0.0,0.522,0.45100000000000007,0.0,0.532,0.41800000000000004,0.0,0.49,0.517,0.0,0.5,0.48400000000000004,0.0,0.51,0.45100000000000007,0.0,0.49,0.41800000000000004,0.0,0.478,0.5225000000000001,0.0,0.488,0.49500000000000005,0.0,0.46799999999999997,0.4675,0.0,0.478,0.44000000000000006,0.0,0.47150000000000003,0.528,0.0,0.4515,0.506,0.0,0.4615,0.48400000000000004,0.0,0.47150000000000003,0.462,0.0,2026-05-22T14:13:58.494584
help,0.5,0.4,0.0,0.47,0.38,0.0,0.46,0.36000000000000004,0.0,0.45,0.34,0.0,0.41000000000000003,0.28,0.0,0.52,0.37,0.0,0.52,0.34,0.0,0.52,0.31000000000000005,0.0,0.52,0.30000000000000004,0.0,0.5,0.37,0.0,0.5,0.34,0.0,0.5,0.31000000000000005,0.0,0.5,0.30000000000000004,0.0,0.48,0.375,0.0,0.48,0.35000000000000003,0.0,0.48,0.325,0.0,0.48,0.32000000000000006,0.0,0.46499999999999997,0.38,0.0,0.46499999999999997,0.36000000000000004,0.0,0.46499999999999997,0.34,0.0,0.46499999999999997,0.34,0.0,0.5,0.55,0.0,0.533,0.528,0.0,0.544,0.506,0.0,0.555,0.48400000000000004,0.0,0.5660000000000001,0.462,0.0,0.532,0.517,0.0,0.512,0.48400000000000004,0.0,0.522,0.45100000000000007,0.0,0.532,0.41800000000000004,0.0,0.49,0.517,0.0,0.5,0.48400000000000004,0.0,0.51,0.45100000000000007,0.0,0.49,0.41800000000000004,0.0,0.478,0.5225000000000001,0.0,0.488,0.49500000000000005,0.0,0.46799999999999997,0.4675,0.0,0.478,0.44000000000000006,0.0,0.47150000000000003,0.528,0.0,0.4515,0.506,0.0,0.4615,0.48400000000000004,0.0,0.47150000000000003,0.462,0.0,2026-05-22T14:13:58.495584
help,0.5,0.4,0.0,0.47,0.38,0.0,0.46,0.36000000000000004,0.0,0.45,0.34,0.0,0.41000000000000003,0.28,0.0,0.52,0.37,0.0,0.52,0.34,0.0,0.52,0.31000000000000005,0.0,0.52,0.30000000000000004,0.0,0.5,0.37,0.0,0.5,0.34,0.0,0.5,0.31000000000000005,0.0,0.5,0.30000000000000004,0.0,0.48,0.375,0.0,0.48,0.35000000000000003,0.0,0.48,0.325,0.0,0.48,0.32000000000000006,0.0,0.46499999999999997,0.38,0.0,0.46499999999999997,0.36000000000000004,0.0,0.46499999999999997,0.34,0.0,0.46499999999999997,0.34,0.0,0.5,0.55,0.0,0.533,0.528,0.0,0.544,0.506,0.0,0.555,0.48400000000000004,0.0,0.5660000000000001,0.462,0.0,0.532,0.517,0.0,0.512,0.48400000000000004,0.0,0.522,0.45100000000000007,0.0,0.532,0.41800000000000004,0.0,0.49,0.517,0.0,0.5,0.48400000000000004,0.0,0.51,0.45100000000000007,0.0,0.49,0.41800000000000004,0.0,0.478,0.5225000000000001,0.0,0.488,0.49500000000000005,0.0,0.46799999999999997,0.4675,0.0,0.478,0.44000000000000006,0.0,0.47150000000000003,0.528,0.0,0.4515,0.506,0.0,0.4615,0.48400000000000004,0.0,0.47150000000000003,0.462,0.0,2026-05-22T14:13:58.495584
help,0.5,0.4,0.0,0.47,0.38,0.0,0.46,0.36000000000000004,0.0,0.45,0.34,0.0,0.41000000000000003,0.28,0.0,0.52,0.37,0.0,0.52,0.34,0.0,0.52,0.31000000000000005,0.0,0.52,0.30000000000000004,0.0,0.5,0.37,0.0,0.5,0.34,0.0,0.5,0.31000000000000005,0.0,0.5,0.30000000000000004,0.0,0.48,0.375,0.0,0.48,0.35000000000000003,0.0,0.48,0.325,0.0,0.48,0.32000000000000006,0.0,0.46499999999999997,0.38,0.0,0.46499999999999997,0.36000000000000004,0.0,0.46499999999999997,0.34,0.0,0.46499999999999997,0.34,0.0,0.5,0.55,0.0,0.533,0.528,0.0,0.544,0.506,0.0,0.555,0.48400000000000004,0.0,0.5660000000000001,0.462,0.0,0.532,0.517,0.0,0.512,0.48400000000000004,0.0,0.522,0.45100000000000007,0.0,0.532,0.41800000000000004,0.0,0.49,0.517,0.0,0.5,0.48400000000000004,0.0,0.51,0.45100000000000007,0.0,0.49,0.41800000000000004,0.0,0.478,0.5225000000000001,0.0,0.488,0.49500000000000005,0.0,0.46799999999999997,0.4675,0.0,0.478,0.44000000000000006,0.0,0.47150000000000003,0.528,0.0,0.4515,0.506,0.0,0.4615,0.48400000000000004,0.0,0.47150000000000003,0.462,0.0,2026-05-22T14:13:58.495584
help,0.5,0.4,0.0,0.53,0.38,0.0,0.54,0.36000000000000004,0.0,0.55,0.34,0.0,0.5900000000000001,0.28,0.0,0.52,0.37,0.0,0.52,0.34,0.0,0.52,0.31000000000000005,0.0,0.52,0.30000000000000004,0.0,0.5,0.37,0.0,0.5,0.34,0.0,0.5,0.31000000000000005,0.0,0.5,0.30000000000000004,0.0,0.48,0.375,0.0,0.48,0.35000000000000003,0.0,0.48,0.325,0.0,0.48,0.32000000000000006,0.0,0.46499999999999997,0.38,0.0,0.46499999999999997,0.36000000000000004,0.0,0.46499999999999997,0.34,0.0,0.46499999999999997,0.34,0.0,0.5,0.55,0.0,0.533,0.528,0.0,0.544,0.506,0.0,0.555,0.48400000000000004,0.0,0.5660000000000001,0.462,0.0,0.532,0.517,0.0,0.512,0.48400000000000004,0.0,0.522,0.45100000000000007,0.0,0.532,0.41800000000000004,0.0,0.49,0.517,0.0,0.5,0.48400000000000004,0.0,0.51,0.45100000000000007,0.0,0.49,0.41800000000000004,0.0,0.478,0.5225000000000001,0.0,0.488,0.49500000000000005,0.0,0.46799999999999997,0.4675,0.0,0.478,0.44000000000000006,0.0,0.47150000000000003,0.528,0.0,0.4515,0.506,0.0,0.4615,0.48400000000000004,0.0,0.47150000000000003,0.462,0.0,2026-05-22T14:13:58.495584
help,0.5,0.4,0.0,0.47,0.38,0.0,0.46,0.36000000000000004,0.0,0.45,0.34,0.0,0.41000000000000003,0.28,0.0,0.52,0.37,0.0,0.52,0.34,0.0,0.52,0.31000000000000005,0.0,0.52,0.30000000000000004,0.0,0.5,0.37,0.0,0.5,0.34,0.0,0.5,0.31000000000000005,0.0,0.5,0.30000000000000004,0.0,0.48,0.375,0.0,0.48,0.35000000000000003,0.0,0.48,0.325,0.0,0.48,0.32000000000000006,0.0,0.46499999999999997,0.38,0.0,0.46499999999999997,0.36000000000000004,0.0,0.46499999999999997,0.34,0.0,0.46499999999999997,0.34,0.0,0.5,0.55,0.0,0.533,0.528,0.0,0.544,0.506,0.0,0.555,0.48400000000000004,0.0,0.5660000000000001,0.462,0.0,0.532,0.517,0.0,0.512,0.48400000000000004,0.0,0.522,0.45100000000000007,0.0,0.532,0.41800000000000004,0.0,0.49,0.517,0.0,0.5,0.48400000000000004,0.0,0.51,0.45100000000000007,0.0,0.49,0.41800000000000004,0.0,0.478,0.5225000000000001,0.0,0.488,0.49500000000000005,0.0,0.46799999999999997,0.4675,0.0,0.478,0.44000000000000006,0.0,0.47150000000000003,0.528,0.0,0.4515,0.506,0.0,0.4615,0.48400000000000004,0.0,0.47150000000000003,0.462,0.0,2026-05-22T14:13:58.495584
help,0.5,0.4,0.0,0.47,0.38,0.0,0.46,0.36000000000000004,0.0,0.45,0.34,0.0,0.41000000000000003,0.28,0.0,0.52,0.37,0.0,0.52,0.34,0.0,0.52,0.31000000000000005,0.0,0.52,0.30000000000000004,0.0,0.5,0.37,0.0,0.5,0.34,0.0,0.5,0.31000000000000005,0.0,0.5,0.30000000000000004,0.0,0.48,0.375,0.0,0.48,0.35000000000000003,0.0,0.48,0.325,0.0,0.48,0.32000000000000006,0.0,0.46499999999999997,0.38,0.0,0.46499999999999997,0.36000000000000004,0.0,0.46499999999999997,0.34,0.0,0.46499999999999997,0.34,0.0,0.5,0.55,0.0,0.533,0.528,0.0,0.544,0.506,0.0,0.555,0.48400000000000004,0.0,0.5660000000000001,0.462,0.0,0.532,0.517,0.0,0.512,0.48400000000000004,0.0,0.522,0.45100000000000007,0.0,0.532,0.41800000000000004,0.0,0.49,0.517,0.0,0.5,0.48400000000000004,0.0,0.51,0.45100000000000007,0.0,0.49,0.41800000000000004,0.0,0.478,0.5225000000000001,0.0,0.488,0.49500000000000005,0.0,0.46799999999999997,0.4675,0.0,0.478,0.44000000000000006,0.0,0.47150000000000003,0.528,0.0,0.4515,0.506,0.0,0.4615,0.48400000000000004,0.0,0.47150000000000003,0.462,0.0,2026-05-22T14:13:58.495584
help,0.5,0.4,0.0,0.47,0.38,0.0,0.46,0.36000000000000004,0.0,0.45,0.34,0.0,0.41000000000000003,0.28,0.0,0.52,0.37,0.0,0.52,0.34,0.0,0.52,0.31000000000000005,0.0,0.52,0.30000000000000004,0.0,0.5,0.37,0.0,0.5,0.34,0.0,0.5,0.31000000000000005,0.0,0.5,0.30000000000000004,0.0,0.48,0.375,0.0,0.48,0.35000000000000003,0.0,0.48,0.325,0.0,0.48,0.32000000000000006,0.0,0.46499999999999997,0.38,0.0,0.46499999999999997,0.36000000000000004,0.0,0.46499999999999997,0.34,0.0,0.46499999999999997,0.34,0.0,0.5,0.55,0.0,0.533,0.528,0.0,0.544,0.506,0.0,0.555,0.48400000000000004,0.0,0.5660000000000001,0.462,0.0,0.532,0.517,0.0,0.512,0.48400000000000004,0.0,0.522,0.45100000000000007,0.0,0.532,0.41800000000000004,0.0,0.49,0.517,0.0,0.5,0.48400000000000004,0.0,0.51,0.45100000000000007,0.0,0.49,0.41800000000000004,0.0,0.478,0.5225000000000001,0.0,0.488,0.49500000000000005,0.0,0.46799999999999997,0.4675,0.0,0.478,0.44000000000000006,0.0,0.47150000000000003,0.528,0.0,0.4515,0.506,0.0,0.4615,0.48400000000000004,0.0,0.47150000000000003,0.462,0.0,2026-05-22T14:13:58.495584
help,0.5,0.4,0.0,0.47,0.38,0.0,0.46,0.36000000000000004,0.0,0.45,0.34,0.0,0.41000000000000003,0.28,0.0,0.52,0.37,0.0,0.52,0.34,0.0,0.52,0.31000000000000005,0.0,0.52,0.30000000000000004,0.0,0.5,0.37,0.0,0.5,0.34,0.0,0.5,0.31000000000000005,0.0,0.5,0.30000000000000004,0.0,0.48,0.375,0.0,0.48,0.35000000000000003,0.0,0.48,0.325,0.0,0.48,0.32000000000000006,0.0,0.46499999999999997,0.38,0.0,0.46499999999999997,0.36000000000000004,0.0,0.46499999999999997,0.34,0.0,0.46499999999999997,0.34,0.0,0.5,0.55,0.0,0.533,0.528,0.0,0.544,0.506,0.0,0.555,0.48400000000000004,0.0,0.5660000000000001,0.462,0.0,0.532,0.517,0.0,0.512,0.48400000000000004,0.0,0.522,0.45100000000000007,0.0,0.532,0.41800000000000004,0.0,0.49,0.517,0.0,0.5,0.48400000000000004,0.0,0.51,0.45100000000000007,0.0,0.49,0.41800000000000004,0.0,0.478,0.5225000000000001,0.0,0.488,0.49500000000000005,0.0,0.46799999999999997,0.4675,0.0,0.478,0.44000000000000006,0.0,0.47150000000000003,0.528,0.0,0.4515,0.506,0.0,0.4615,0.48400000000000004,0.0,0.47150000000000003,0.462,0.0,2026-05-22T14:13:58.496094
help,0.5,0.4,0.0,0.53,0.38,0.0,0.54,0.36000000000000004,0.0,0.55,0.34,0.0,0.5900000000000001,0.28,0.0,0.52,0.37,0.0,0.52,0.34,0.0,0.52,0.31000000000000005,0.0,0.52,0.30000000000000004,0.0,0.5,0.37,0.0,0.5,0.34,0.0,0.5,0.31000000000000005,0.0,0.5,0.30000000000000004,0.0,0.48,0.375,0.0,0.48,0.35000000000000003,0.0,0.48,0.325,0.0,0.48,0.32000000000000006,0.0,0.46499999999999997,0.38,0.0,0.46499999999999997,0.36000000000000004,0.0,0.46499999999999997,0.34,0.0,0.46499999999999997,0.34,0.0,0.5,0.55,0.0,0.533,0.528,0.0,0.544,0.506,0.0,0.555,0.48400000000000004,0.0,0.5660000000000001,0.462,0.0,0.532,0.517,0.0,0.512,0.48400000000000004,0.0,0.522,0.45100000000000007,0.0,0.532,0.41800000000000004,0.0,0.49,0.517,0.0,0.5,0.48400000000000004,0.0,0.51,0.45100000000000007,0.0,0.49,0.41800000000000004,0.0,0.478,0.5225000000000001,0.0,0.488,0.49500000000000005,0.0,0.46799999999999997,0.4675,0.0,0.478,0.44000000000000006,0.0,0.47150000000000003,0.528,0.0,0.4515,0.506,0.0,0.4615,0.48400000000000004,0.0,0.47150000000000003,0.462,0.0,2026-05-22T14:13:58.496094
help,0.5,0.4,0.0,0.47,0.38,0.0,0.46,0.36000000000000004,0.0,0.45,0.34,0.0,0.41000000000000003,0.28,0.0,0.52,0.37,0.0,0.52,0.34,0.0,0.52,0.31000000000000005,0.0,0.52,0.30000000000000004,0.0,0.5,0.37,0.0,0.5,0.34,0.0,0.5,0.31000000000000005,0.0,0.5,0.30000000000000004,0.0,0.48,0.375,0.0,0.48,0.35000000000000003,0.0,0.48,0.325,0.0,0.48,0.32000000000000006,0.0,0.46499999999999997,0.38,0.0,0.46499999999999997,0.36000000000000004,0.0,0.46499999999999997,0.34,0.0,0.46499999999999997,0.34,0.0,0.5,0.55,0.0,0.533,0.528,0.0,0.544,0.506,0.0,0.555,0.48400000000000004,0.0,0.5660000000000001,0.462,0.0,0.532,0.517,0.0,0.512,0.48400000000000004,0.0,0.522,0.45100000000000007,0.0,0.532,0.41800000000000004,0.0,0.49,0.517,0.0,0.5,0.48400000000000004,0.0,0.51,0.45100000000000007,0.0,0.49,0.41800000000000004,0.0,0.478,0.5225000000000001,0.0,0.488,0.49500000000000005,0.0,0.46799999999999997,0.4675,0.0,0.478,0.44000000000000006,0.0,0.47150000000000003,0.528,0.0,0.4515,0.506,0.0,0.4615,0.48400000000000004,0.0,0.47150000000000003,0.462,0.0,2026-05-22T14:13:58.496094
help,0.5,0.4,0.0,0.47,0.38,0.0,0.46,0.36000000000000004,0.0,0.45,0.34,0.0,0.41000000000000003,0.28,0.0,0.52,0.37,0.0,0.52,0.34,0.0,0.52,0.31000000000000005,0.0,0.52,0.30000000000000004,0.0,0.5,0.37,0.0,0.5,0.34,0.0,0.5,0.31000000000000005,0.0,0.5,0.30000000000000004,0.0,0.48,0.375,0.0,0.48,0.35000000000000003,0.0,0.48,0.325,0.0,0.48,0.32000000000000006,0.0,0.46499999999999997,0.38,0.0,0.46499999999999997,0.36000000000000004,0.0,0.46499999999999997,0.34,0.0,0.46499999999999997,0.34,0.0,0.5,0.55,0.0,0.533,0.528,0.0,0.544,0.506,0.0,0.555,0.48400000000000004,0.0,0.5660000000000001,0.462,0.0,0.532,0.517,0.0,0.512,0.48400000000000004,0.0,0.522,0.45100000000000007,0.0,0.532,0.41800000000000004,0.0,0.49,0.517,0.0,0.5,0.48400000000000004,0.0,0.51,0.45100000000000007,0.0,0.49,0.41800000000000004,0.0,0.478,0.5225000000000001,0.0,0.488,0.49500000000000005,0.0,0.46799999999999997,0.4675,0.0,0.478,0.44000000000000006,0.0,0.47150000000000003,0.528,0.0,0.4515,0.506,0.0,0.4615,0.48400000000000004,0.0,0.47150000000000003,0.462,0.0,2026-05-22T14:13:58.496094
help,0.5,0.4,0.0,0.47,0.38,0.0,0.46,0.36000000000000004,0.0,0.45,0.34,0.0,0.41000000000000003,0.28,0.0,0.52,0.37,0.0,0.52,0.34,0.0,0.52,0.31000000000000005,0.0,0.52,0.30000000000000004,0.0,0.5,0.37,0.0,0.5,0.34,0.0,0.5,0.31000000000000005,0.0,0.5,0.30000000000000004,0.0,0.48,0.375,0.0,0.48,0.35000000000000003,0.0,0.48,0.325,0.0,0.48,0.32000000000000006,0.0,0.46499999999999997,0.38,0.0,0.46499999999999997,0.36000000000000004,0.0,0.46499999999999997,0.34,0.0,0.46499999999999997,0.34,0.0,0.5,0.55,0.0,0.533,0.528,0.0,0.544,0.506,0.0,0.555,0.48400000000000004,0.0,0.5660000000000001,0.462,0.0,0.532,0.517,0.0,0.512,0.48400000000000004,0.0,0.522,0.45100000000000007,0.0,0.532,0.41800000000000004,0.0,0.49,0.517,0.0,0.5,0.48400000000000004,0.0,0.51,0.45100000000000007,0.0,0.49,0.41800000000000004,0.0,0.478,0.5225000000000001,0.0,0.488,0.49500000000000005,0.0,0.46799999999999997,0.4675,0.0,0.478,0.44000000000000006,0.0,0.47150000000000003,0.528,0.0,0.4515,0.506,0.0,0.4615,0.48400000000000004,0.0,0.47150000000000003,0.462,0.0,2026-05-22T14:13:58.496094
help,0.5,0.4,0.0,0.47,0.38,0.0,0.46,0.36000000000000004,0.0,0.45,0.34,0.0,0.41000000000000003,0.28,0.0,0.52,0.37,0.0,0.52,0.34,0.0,0.52,0.31000000000000005,0.0,0.52,0.30000000000000004,0.0,0.5,0.37,0.0,0.5,0.34,0.0,0.5,0.31000000000000005,0.0,0.5,0.30000000000000004,0.0,0.48,0.375,0.0,0.48,0.35000000000000003,0.0,0.48,0.325,0.0,0.48,0.32000000000000006,0.0,0.46499999999999997,0.38,0.0,0.46499999999999997,0.36000000000000004,0.0,0.46499999999999997,0.34,0.0,0.46499999999999997,0.34,0.0,0.5,0.55,0.0,0.533,0.528,0.0,0.544,0.506,0.0,0.555,0.48400000000000004,0.0,0.5660000000000001,0.462,0.0,0.532,0.517,0.0,0.512,0.48400000000000004,0.0,0.522,0.45100000000000007,0.0,0.532,0.41800000000000004,0.0,0.49,0.517,0.0,0.5,0.48400000000000004,0.0,0.51,0.45100000000000007,0.0,0.49,0.41800000000000004,0.0,0.478,0.5225000000000001,0.0,0.488,0.49500000000000005,0.0,0.46799999999999997,0.4675,0.0,0.478,0.44000000000000006,0.0,0.47150000000000003,0.528,0.0,0.4515,0.506,0.0,0.4615,0.48400000000000004,0.0,0.47150000000000003,0.462,0.0,2026-05-22T14:13:58.496094
help,0.5,0.4,0.0,0.47,0.38,0.0,0.46,0.36000000000000004,0.0,0.45,0.34,0.0,0.41000000000000003,0.28,0.0,0.52,0.37,0.0,0.52,0.34,0.0,0.52,0.31000000000000005,0.0,0.52,0.30000000000000004,0.0,0.5,0.37,0.0,0.5,0.34,0.0,0.5,0.31000000000000005,0.0,0.5,0.30000000000000004,0.0,0.48,0.375,0.0,0.48,0.35000000000000003,0.0,0.48,0.325,0.0,0.48,0.32000000000000006,0.0,0.46499999999999997,0.38,0.0,0.46499999999999997,0.36000000000000004,0.0,0.46499999999999997,0.34,0.0,0.46499999999999997,0.34,0.0,0.5,0.55,0.0,0.533,0.528,0.0,0.544,0.506,0.0,0.555,0.48400000000000004,0.0,0.5660000000000001,0.462,0.0,0.532,0.517,0.0,0.512,0.48400000000000004,0.0,0.522,0.45100000000000007,0.0,0.532,0.41800000000000004,0.0,0.49,0.517,0.0,0.5,0.48400000000000004,0.0,0.51,0.45100000000000007,0.0,0.49,0.41800000000000004,0.0,0.478,0.5225000000000001,0.0,0.488,0.49500000000000005,0.0,0.46799999999999997,0.4675,0.0,0.478,0.44000000000000006,0.0,0.47150000000000003,0.528,0.0,0.4515,0.506,0.0,0.4615,0.48400000000000004,0.0,0.47150000000000003,0.462,0.0,2026-05-22T14:13:58.496094
help,0.5,0.4,0.0,0.47,0.38,0.0,0.46,0.36000000000000004,0.0,0.45,0.34,0.0,0.41000000000000003,0.28,0.0,0.52,0.37,0.0,0.52,0.34,0.0,0.52,0.31000000000000005,0.0,0.52,0.30000000000000004,0.0,0.5,0.37,0.0,0.5,0.34,0.0,0.5,0.31000000000000005,0.0,0.5,0.30000000000000004,0.0,0.48,0.375,0.0,0.48,0.35000000000000003,0.0,0.48,0.325,0.0,0.48,0.32000000000000006,0.0,0.46499999999999997,0.38,0.0,0.46499999999999997,0.36000000000000004,0.0,0.46499999999999997,0.34,0.0,0.46499999999999997,0.34,0.0,0.5,0.55,0.0,0.533,0.528,0.0,0.544,0.506,0.0,0.555,0.48400000000000004,0.0,0.5660000000000001,0.462,0.0,0.532,0.517,0.0,0.512,0.48400000000000004,0.0,0.522,0.45100000000000007,0.0,0.532,0.41800000000000004,0.0,0.49,0.517,0.0,0.5,0.48400000000000004,0.0,0.51,0.45100000000000007,0.0,0.49,0.41800000000000004,0.0,0.478,0.5225000000000001,0.0,0.488,0.49500000000000005,0.0,0.46799999999999997,0.4675,0.0,0.478,0.44000000000000006,0.0,0.47150000000000003,0.528,0.0,0.4515,0.506,0.0,0.4615,0.48400000000000004,0.0,0.47150000000000003,0.462,0.0,2026-05-22T14:13:58.496094
help,0.5,0.4,0.0,0.47,0.38,0.0,0.46,0.36000000000000004,0.0,0.45,0.34,0.0,0.41000000000000003,0.28,0.0,0.52,0.37,0.0,0.52,0.34,0.0,0.52,0.31000000000000005,0.0,0.52,0.30000000000000004,0.0,0.5,0.37,0.0,0.5,0.34,0.0,0.5,0.31000000000000005,0.0,0.5,0.30000000000000004,0.0,0.48,0.375,0.0,0.48,0.35000000000000003,0.0,0.48,0.325,0.0,0.48,0.32000000000000006,0.0,0.46499999999999997,0.38,0.0,0.46499999999999997,0.36000000000000004,0.0,0.46499999999999997,0.34,0.0,0.46499999999999997,0.34,0.0,0.5,0.55,0.0,0.533,0.528,0.0,0.544,0.506,0.0,0.555,0.48400000000000004,0.0,0.5660000000000001,0.462,0.0,0.532,0.517,0.0,0.512,0.48400000000000004,0.0,0.522,0.45100000000000007,0.0,0.532,0.41800000000000004,0.0,0.49,0.517,0.0,0.5,0.48400000000000004,0.0,0.51,0.45100000000000007,0.0,0.49,0.41800000000000004,0.0,0.478,0.5225000000000001,0.0,0.488,0.49500000000000005,0.0,0.46799999999999997,0.4675,0.0,0.478,0.44000000000000006,0.0,0.47150000000000003,0.528,0.0,0.4515,0.506,0.0,0.4615,0.48400000000000004,0.0,0.47150000000000003,0.462,0.0,2026-05-22T14:13:58.496094
help,0.5,0.4,0.0,0.47,0.38,0.0,0.46,0.36000000000000004,0.0,0.45,0.34,0.0,0.41000000000000003,0.28,0.0,0.52,0.37,0.0,0.52,0.34,0.0,0.52,0.31000000000000005,0.0,0.52,0.30000000000000004,0.0,0.5,0.37,0.0,0.5,0.34,0.0,0.5,0.31000000000000005,0.0,0.5,0.30000000000000004,0.0,0.48,0.375,0.0,0.48,0.35000000000000003,0.0,0.48,0.325,0.0,0.48,0.32000000000000006,0.0,0.46499999999999997,0.38,0.0,0.46499999999999997,0.36000000000000004,0.0,0.46499999999999997,0.34,0.0,0.46499999999999997,0.34,0.0,0.5,0.55,0.0,0.533,0.528,0.0,0.544,0.506,0.0,0.555,0.48400000000000004,0.0,0.5660000000000001,0.462,0.0,0.532,0.517,0.0,0.512,0.48400000000000004,0.0,0.522,0.45100000000000007,0.0,0.532,0.41800000000000004,0.0,0.49,0.517,0.0,0.5,0.48400000000000004,0.0,0.51,0.45100000000000007,0.0,0.49,0.41800000000000004,0.0,0.478,0.5225000000000001,0.0,0.488,0.49500000000000005,0.0,0.46799999999999997,0.4675,0.0,0.478,0.44000000000000006,0.0,0.47150000000000003,0.528,0.0,0.4515,0.506,0.0,0.4615,0.48400000000000004,0.0,0.47150000000000003,0.462,0.0,2026-05-22T14:13:58.496094
help,0.5,0.4,0.0,0.47,0.38,0.0,0.46,0.36000000000000004,0.0,0.45,0.34,0.0,0.41000000000000003,0.28,0.0,0.52,0.37,0.0,0.52,0.34,0.0,0.52,0.31000000000000005,0.0,0.52,0.30000000000000004,0.0,0.5,0.37,0.0,0.5,0.34,0.0,0.5,0.31000000000000005,0.0,0.5,0.30000000000000004,0.0,0.48,0.375,0.0,0.48,0.35000000000000003,0.0,0.48,0.325,0.0,0.48,0.32000000000000006,0.0,0.46499999999999997,0.38,0.0,0.46499999999999997,0.36000000000000004,0.0,0.46499999999999997,0.34,0.0,0.46499999999999997,0.34,0.0,0.5,0.55,0.0,0.533,0.528,0.0,0.544,0.506,0.0,0.555,0.48400000000000004,0.0,0.5660000000000001,0.462,0.0,0.532,0.517,0.0,0.512,0.48400000000000004,0.0,0.522,0.45100000000000007,0.0,0.532,0.41800000000000004,0.0,0.49,0.517,0.0,0.5,0.48400000000000004,0.0,0.51,0.45100000000000007,0.0,0.49,0.41800000000000004,0.0,0.478,0.5225000000000001,0.0,0.488,0.49500000000000005,0.0,0.46799999999999997,0.4675,0.0,0.478,0.44000000000000006,0.0,0.47150000000000003,0.528,0.0,0.4515,0.506,0.0,0.4615,0.48400000000000004,0.0,0.47150000000000003,0.462,0.0,2026-05-22T14:13:58.496094
help,0.5,0.4,0.0,0.47,0.38,0.0,0.46,0.36000000000000004,0.0,0.45,0.34,0.0,0.41000000000000003,0.28,0.0,0.52,0.37,0.0,0.52,0.34,0.0,0.52,0.31000000000000005,0.0,0.52,0.30000000000000004,0.0,0.5,0.37,0.0,0.5,0.34,0.0,0.5,0.31000000000000005,0.0,0.5,0.30000000000000004,0.0,0.48,0.375,0.0,0.48,0.35000000000000003,0.0,0.48,0.325,0.0,0.48,0.32000000000000006,0.0,0.46499999999999997,0.38,0.0,0.46499999999999997,0.36000000000000004,0.0,0.46499999999999997,0.34,0.0,0.46499999999999997,0.34,0.0,0.5,0.55,0.0,0.533,0.528,0.0,0.544,0.506,0.0,0.555,0.48400000000000004,0.0,0.5660000000000001,0.462,0.0,0.532,0.517,0.0,0.512,0.48400000000000004,0.0,0.522,0.45100000000000007,0.0,0.532,0.41800000000000004,0.0,0.49,0.517,0.0,0.5,0.48400000000000004,0.0,0.51,0.45100000000000007,0.0,0.49,0.41800000000000004,0.0,0.478,0.5225000000000001,0.0,0.488,0.49500000000000005,0.0,0.46799999999999997,0.4675,0.0,0.478,0.44000000000000006,0.0,0.47150000000000003,0.528,0.0,0.4515,0.506,0.0,0.4615,0.48400000000000004,0.0,0.47150000000000003,0.462,0.0,2026-05-22T14:13:58.496094
help,0.5,0.4,0.0,0.53,0.38,0.0,0.54,0.36000000000000004,0.0,0.55,0.34,0.0,0.5900000000000001,0.28,0.0,0.52,0.37,0.0,0.52,0.34,0.0,0.52,0.31000000000000005,0.0,0.52,0.30000000000000004,0.0,0.5,0.37,0.0,0.5,0.34,0.0,0.5,0.31000000000000005,0.0,0.5,0.30000000000000004,0.0,0.48,0.375,0.0,0.48,0.35000000000000003,0.0,0.48,0.325,0.0,0.48,0.32000000000000006,0.0,0.46499999999999997,0.38,0.0,0.46499999999999997,0.36000000000000004,0.0,0.46499999999999997,0.34,0.0,0.46499999999999997,0.34,0.0,0.5,0.55,0.0,0.533,0.528,0.0,0.544,0.506,0.0,0.555,0.48400000000000004,0.0,0.5660000000000001,0.462,0.0,0.532,0.517,0.0,0.512,0.48400000000000004,0.0,0.522,0.45100000000000007,0.0,0.532,0.41800000000000004,0.0,0.49,0.517,0.0,0.5,0.48400000000000004,0.0,0.51,0.45100000000000007,0.0,0.49,0.41800000000000004,0.0,0.478,0.5225000000000001,0.0,0.488,0.49500000000000005,0.0,0.46799999999999997,0.4675,0.0,0.478,0.44000000000000006,0.0,0.47150000000000003,0.528,0.0,0.4515,0.506,0.0,0.4615,0.48400000000000004,0.0,0.47150000000000003,0.462,0.0,2026-05-22T14:13:58.496094
help,0.5,0.4,0.0,0.47,0.38,0.0,0.46,0.36000000000000004,0.0,0.45,0.34,0.0,0.41000000000000003,0.28,0.0,0.52,0.37,0.0,0.52,0.34,0.0,0.52,0.31000000000000005,0.0,0.52,0.30000000000000004,0.0,0.5,0.37,0.0,0.5,0.34,0.0,0.5,0.31000000000000005,0.0,0.5,0.30000000000000004,0.0,0.48,0.375,0.0,0.48,0.35000000000000003,0.0,0.48,0.325,0.0,0.48,0.32000000000000006,0.0,0.46499999999999997,0.38,0.0,0.46499999999999997,0.36000000000000004,0.0,0.46499999999999997,0.34,0.0,0.46499999999999997,0.34,0.0,0.5,0.55,0.0,0.533,0.528,0.0,0.544,0.506,0.0,0.555,0.48400000000000004,0.0,0.5660000000000001,0.462,0.0,0.532,0.517,0.0,0.512,0.48400000000000004,0.0,0.522,0.45100000000000007,0.0,0.532,0.41800000000000004,0.0,0.49,0.517,0.0,0.5,0.48400000000000004,0.0,0.51,0.45100000000000007,0.0,0.49,0.41800000000000004,0.0,0.478,0.5225000000000001,0.0,0.488,0.49500000000000005,0.0,0.46799999999999997,0.4675,0.0,0.478,0.44000000000000006,0.0,0.47150000000000003,0.528,0.0,0.4515,0.506,0.0,0.4615,0.48400000000000004,0.0,0.47150000000000003,0.462,0.0,2026-05-22T14:13:58.496094
help,0.5,0.4,0.0,0.47,0.38,0.0,0.46,0.36000000000000004,0.0,0.45,0.34,0.0,0.41000000000000003,0.28,0.0,0.52,0.37,0.0,0.52,0.34,0.0,0.52,0.31000000000000005,0.0,0.52,0.30000000000000004,0.0,0.5,0.37,0.0,0.5,0.34,0.0,0.5,0.31000000000000005,0.0,0.5,0.30000000000000004,0.0,0.48,0.375,0.0,0.48,0.35000000000000003,0.0,0.48,0.325,0.0,0.48,0.32000000000000006,0.0,0.46499999999999997,0.38,0.0,0.46499999999999997,0.36000000000000004,0.0,0.46499999999999997,0.34,0.0,0.46499999999999997,0.34,0.0,0.5,0.55,0.0,0.533,0.528,0.0,0.544,0.506,0.0,0.555,0.48400000000000004,0.0,0.5660000000000001,0.462,0.0,0.532,0.517,0.0,0.512,0.48400000000000004,0.0,0.522,0.45100000000000007,0.0,0.532,0.41800000000000004,0.0,0.49,0.517,0.0,0.5,0.48400000000000004,0.0,0.51,0.45100000000000007,0.0,0.49,0.41800000000000004,0.0,0.478,0.5225000000000001,0.0,0.488,0.49500000000000005,0.0,0.46799999999999997,0.4675,0.0,0.478,0.44000000000000006,0.0,0.47150000000000003,0.528,0.0,0.4515,0.506,0.0,0.4615,0.48400000000000004,0.0,0.47150000000000003,0.462,0.0,2026-05-22T14:13:58.496094
help,0.5,0.4,0.0,0.53,0.38,0.0,0.54,0.36000000000000004,0.0,0.55,0.34,0.0,0.5900000000000001,0.28,0.0,0.52,0.37,0.0,0.52,0.34,0.0,0.52,0.31000000000000005,0.0,0.52,0.30000000000000004,0.0,0.5,0.37,0.0,0.5,0.34,0.0,0.5,0.31000000000000005,0.0,0.5,0.30000000000000004,0.0,0.48,0.375,0.0,0.48,0.35000000000000003,0.0,0.48,0.325,0.0,0.48,0.32000000000000006,0.0,0.46499999999999997,0.38,0.0,0.46499999999999997,0.36000000000000004,0.0,0.46499999999999997,0.34,0.0,0.46499999999999997,0.34,0.0,0.5,0.55,0.0,0.533,0.528,0.0,0.544,0.506,0.0,0.555,0.48400000000000004,0.0,0.5660000000000001,0.462,0.0,0.532,0.517,0.0,0.512,0.48400000000000004,0.0,0.522,0.45100000000000007,0.0,0.532,0.41800000000000004,0.0,0.49,0.517,0.0,0.5,0.48400000000000004,0.0,0.51,0.45100000000000007,0.0,0.49,0.41800000000000004,0.0,0.478,0.5225000000000001,0.0,0.488,0.49500000000000005,0.0,0.46799999999999997,0.4675,0.0,0.478,0.44000000000000006,0.0,0.47150000000000003,0.528,0.0,0.4515,0.506,0.0,0.4615,0.48400000000000004,0.0,0.47150000000000003,0.462,0.0,2026-05-22T14:13:58.497095
help,0.5,0.4,0.0,0.53,0.38,0.0,0.54,0.36000000000000004,0.0,0.55,0.34,0.0,0.5900000000000001,0.28,0.0,0.52,0.37,0.0,0.52,0.34,0.0,0.52,0.31000000000000005,0.0,0.52,0.30000000000000004,0.0,0.5,0.37,0.0,0.5,0.34,0.0,0.5,0.31000000000000005,0.0,0.5,0.30000000000000004,0.0,0.48,0.375,0.0,0.48,0.35000000000000003,0.0,0.48,0.325,0.0,0.48,0.32000000000000006,0.0,0.46499999999999997,0.38,0.0,0.46499999999999997,0.36000000000000004,0.0,0.46499999999999997,0.34,0.0,0.46499999999999997,0.34,0.0,0.5,0.55,0.0,0.533,0.528,0.0,0.544,0.506,0.0,0.555,0.48400000000000004,0.0,0.5660000000000001,0.462,0.0,0.532,0.517,0.0,0.512,0.48400000000000004,0.0,0.522,0.45100000000000007,0.0,0.532,0.41800000000000004,0.0,0.49,0.517,0.0,0.5,0.48400000000000004,0.0,0.51,0.45100000000000007,0.0,0.49,0.41800000000000004,0.0,0.478,0.5225000000000001,0.0,0.488,0.49500000000000005,0.0,0.46799999999999997,0.4675,0.0,0.478,0.44000000000000006,0.0,0.47150000000000003,0.528,0.0,0.4515,0.506,0.0,0.4615,0.48400000000000004,0.0,0.47150000000000003,0.462,0.0,2026-05-22T14:13:58.497095
help,0.5,0.4,0.0,0.53,0.38,0.0,0.54,0.36000000000000004,0.0,0.55,0.34,0.0,0.5900000000000001,0.28,0.0,0.52,0.37,0.0,0.52,0.34,0.0,0.52,0.31000000000000005,0.0,0.52,0.30000000000000004,0.0,0.5,0.37,0.0,0.5,0.34,0.0,0.5,0.31000000000000005,0.0,0.5,0.30000000000000004,0.0,0.48,0.375,0.0,0.48,0.35000000000000003,0.0,0.48,0.325,0.0,0.48,0.32000000000000006,0.0,0.46499999999999997,0.38,0.0,0.46499999999999997,0.36000000000000004,0.0,0.46499999999999997,0.34,0.0,0.46499999999999997,0.34,0.0,0.5,0.55,0.0,0.533,0.528,0.0,0.544,0.506,0.0,0.555,0.48400000000000004,0.0,0.5660000000000001,0.462,0.0,0.532,0.517,0.0,0.512,0.48400000000000004,0.0,0.522,0.45100000000000007,0.0,0.532,0.41800000000000004,0.0,0.49,0.517,0.0,0.5,0.48400000000000004,0.0,0.51,0.45100000000000007,0.0,0.49,0.41800000000000004,0.0,0.478,0.5225000000000001,0.0,0.488,0.49500000000000005,0.0,0.46799999999999997,0.4675,0.0,0.478,0.44000000000000006,0.0,0.47150000000000003,0.528,0.0,0.4515,0.506,0.0,0.4615,0.48400000000000004,0.0,0.47150000000000003,0.462,0.0,2026-05-22T14:13:58.497095
help,0.5,0.4,0.0,0.47,0.38,0.0,0.46,0.36000000000000004,0.0,0.45,0.34,0.0,0.41000000000000003,0.28,0.0,0.52,0.37,0.0,0.52,0.34,0.0,0.52,0.31000000000000005,0.0,0.52,0.30000000000000004,0.0,0.5,0.37,0.0,0.5,0.34,0.0,0.5,0.31000000000000005,0.0,0.5,0.30000000000000004,0.0,0.48,0.375,0.0,0.48,0.35000000000000003,0.0,0.48,0.325,0.0,0.48,0.32000000000000006,0.0,0.46499999999999997,0.38,0.0,0.46499999999999997,0.36000000000000004,0.0,0.46499999999999997,0.34,0.0,0.46499999999999997,0.34,0.0,0.5,0.55,0.0,0.533,0.528,0.0,0.544,0.506,0.0,0.555,0.48400000000000004,0.0,0.5660000000000001,0.462,0.0,0.532,0.517,0.0,0.512,0.48400000000000004,0.0,0.522,0.45100000000000007,0.0,0.532,0.41800000000000004,0.0,0.49,0.517,0.0,0.5,0.48400000000000004,0.0,0.51,0.45100000000000007,0.0,0.49,0.41800000000000004,0.0,0.478,0.5225000000000001,0.0,0.488,0.49500000000000005,0.0,0.46799999999999997,0.4675,0.0,0.478,0.44000000000000006,0.0,0.47150000000000003,0.528,0.0,0.4515,0.506,0.0,0.4615,0.48400000000000004,0.0,0.47150000000000003,0.462,0.0,2026-05-22T14:13:58.497095
help,0.5,0.4,0.0,0.47,0.38,0.0,0.46,0.36000000000000004,0.0,0.45,0.34,0.0,0.41000000000000003,0.28,0.0,0.52,0.37,0.0,0.52,0.34,0.0,0.52,0.31000000000000005,0.0,0.52,0.30000000000000004,0.0,0.5,0.37,0.0,0.5,0.34,0.0,0.5,0.31000000000000005,0.0,0.5,0.30000000000000004,0.0,0.48,0.375,0.0,0.48,0.35000000000000003,0.0,0.48,0.325,0.0,0.48,0.32000000000000006,0.0,0.46499999999999997,0.38,0.0,0.46499999999999997,0.36000000000000004,0.0,0.46499999999999997,0.34,0.0,0.46499999999999997,0.34,0.0,0.5,0.55,0.0,0.533,0.528,0.0,0.544,0.506,0.0,0.555,0.48400000000000004,0.0,0.5660000000000001,0.462,0.0,0.532,0.517,0.0,0.512,0.48400000000000004,0.0,0.522,0.45100000000000007,0.0,0.532,0.41800000000000004,0.0,0.49,0.517,0.0,0.5,0.48400000000000004,0.0,0.51,0.45100000000000007,0.0,0.49,0.41800000000000004,0.0,0.478,0.5225000000000001,0.0,0.488,0.49500000000000005,0.0,0.46799999999999997,0.4675,0.0,0.478,0.44000000000000006,0.0,0.47150000000000003,0.528,0.0,0.4515,0.506,0.0,0.4615,0.48400000000000004,0.0,0.47150000000000003,0.462,0.0,2026-05-22T14:13:58.497095
help,0.5,0.4,0.0,0.53,0.38,0.0,0.54,0.36000000000000004,0.0,0.55,0.34,0.0,0.5900000000000001,0.28,0.0,0.52,0.37,0.0,0.52,0.34,0.0,0.52,0.31000000000000005,0.0,0.52,0.30000000000000004,0.0,0.5,0.37,0.0,0.5,0.34,0.0,0.5,0.31000000000000005,0.0,0.5,0.30000000000000004,0.0,0.48,0.375,0.0,0.48,0.35000000000000003,0.0,0.48,0.325,0.0,0.48,0.32000000000000006,0.0,0.46499999999999997,0.38,0.0,0.46499999999999997,0.36000000000000004,0.0,0.46499999999999997,0.34,0.0,0.46499999999999997,0.34,0.0,0.5,0.55,0.0,0.533,0.528,0.0,0.544,0.506,0.0,0.555,0.48400000000000004,0.0,0.5660000000000001,0.462,0.0,0.532,0.517,0.0,0.512,0.48400000000000004,0.0,0.522,0.45100000000000007,0.0,0.532,0.41800000000000004,0.0,0.49,0.517,0.0,0.5,0.48400000000000004,0.0,0.51,0.45100000000000007,0.0,0.49,0.41800000000000004,0.0,0.478,0.5225000000000001,0.0,0.488,0.49500000000000005,0.0,0.46799999999999997,0.4675,0.0,0.478,0.44000000000000006,0.0,0.47150000000000003,0.528,0.0,0.4515,0.506,0.0,0.4615,0.48400000000000004,0.0,0.47150000000000003,0.462,0.0,2026-05-22T14:13:58.497095
help,0.5,0.4,0.0,0.53,0.38,0.0,0.54,0.36000000000000004,0.0,0.55,0.34,0.0,0.5900000000000001,0.28,0.0,0.52,0.37,0.0,0.52,0.34,0.0,0.52,0.31000000000000005,0.0,0.52,0.30000000000000004,0.0,0.5,0.37,0.0,0.5,0.34,0.0,0.5,0.31000000000000005,0.0,0.5,0.30000000000000004,0.0,0.48,0.375,0.0,0.48,0.35000000000000003,0.0,0.48,0.325,0.0,0.48,0.32000000000000006,0.0,0.46499999999999997,0.38,0.0,0.46499999999999997,0.36000000000000004,0.0,0.46499999999999997,0.34,0.0,0.46499999999999997,0.34,0.0,0.5,0.55,0.0,0.533,0.528,0.0,0.544,0.506,0.0,0.555,0.48400000000000004,0.0,0.5660000000000001,0.462,0.0,0.532,0.517,0.0,0.512,0.48400000000000004,0.0,0.522,0.45100000000000007,0.0,0.532,0.41800000000000004,0.0,0.49,0.517,0.0,0.5,0.48400000000000004,0.0,0.51,0.45100000000000007,0.0,0.49,0.41800000000000004,0.0,0.478,0.5225000000000001,0.0,0.488,0.49500000000000005,0.0,0.46799999999999997,0.4675,0.0,0.478,0.44000000000000006,0.0,0.47150000000000003,0.528,0.0,0.4515,0.506,0.0,0.4615,0.48400000000000004,0.0,0.47150000000000003,0.462,0.0,2026-05-22T14:13:58.497095
help,0.5,0.4,0.0,0.53,0.38,0.0,0.54,0.36000000000000004,0.0,0.55,0.34,0.0,0.5900000000000001,0.28,0.0,0.52,0.37,0.0,0.52,0.34,0.0,0.52,0.31000000000000005,0.0,0.52,0.30000000000000004,0.0,0.5,0.37,0.0,0.5,0.34,0.0,0.5,0.31000000000000005,0.0,0.5,0.30000000000000004,0.0,0.48,0.375,0.0,0.48,0.35000000000000003,0.0,0.48,0.325,0.0,0.48,0.32000000000000006,0.0,0.46499999999999997,0.38,0.0,0.46499999999999997,0.36000000000000004,0.0,0.46499999999999997,0.34,0.0,0.46499999999999997,0.34,0.0,0.5,0.55,0.0,0.533,0.528,0.0,0.544,0.506,0.0,0.555,0.48400000000000004,0.0,0.5660000000000001,0.462,0.0,0.532,0.517,0.0,0.512,0.48400000000000004,0.0,0.522,0.45100000000000007,0.0,0.532,0.41800000000000004,0.0,0.49,0.517,0.0,0.5,0.48400000000000004,0.0,0.51,0.45100000000000007,0.0,0.49,0.41800000000000004,0.0,0.478,0.5225000000000001,0.0,0.488,0.49500000000000005,0.0,0.46799999999999997,0.4675,0.0,0.478,0.44000000000000006,0.0,0.47150000000000003,0.528,0.0,0.4515,0.506,0.0,0.4615,0.48400000000000004,0.0,0.47150000000000003,0.462,0.0,2026-05-22T14:13:58.497095
help,0.5,0.4,0.0,0.53,0.38,0.0,0.54,0.36000000000000004,0.0,0.55,0.34,0.0,0.5900000000000001,0.28,0.0,0.52,0.37,0.0,0.52,0.34,0.0,0.52,0.31000000000000005,0.0,0.52,0.30000000000000004,0.0,0.5,0.37,0.0,0.5,0.34,0.0,0.5,0.31000000000000005,0.0,0.5,0.30000000000000004,0.0,0.48,0.375,0.0,0.48,0.35000000000000003,0.0,0.48,0.325,0.0,0.48,0.32000000000000006,0.0,0.46499999999999997,0.38,0.0,0.46499999999999997,0.36000000000000004,0.0,0.46499999999999997,0.34,0.0,0.46499999999999997,0.34,0.0,0.5,0.55,0.0,0.533,0.528,0.0,0.544,0.506,0.0,0.555,0.48400000000000004,0.0,0.5660000000000001,0.462,0.0,0.532,0.517,0.0,0.512,0.48400000000000004,0.0,0.522,0.45100000000000007,0.0,0.532,0.41800000000000004,0.0,0.49,0.517,0.0,0.5,0.48400000000000004,0.0,0.51,0.45100000000000007,0.0,0.49,0.41800000000000004,0.0,0.478,0.5225000000000001,0.0,0.488,0.49500000000000005,0.0,0.46799999999999997,0.4675,0.0,0.478,0.44000000000000006,0.0,0.47150000000000003,0.528,0.0,0.4515,0.506,0.0,0.4615,0.48400000000000004,0.0,0.47150000000000003,0.462,0.0,2026-05-22T14:13:58.497095
help,0.5,0.4,0.0,0.47,0.38,0.0,0.46,0.36000000000000004,0.0,0.45,0.34,0.0,0.41000000000000003,0.28,0.0,0.52,0.37,0.0,0.52,0.34,0.0,0.52,0.31000000000000005,0.0,0.52,0.30000000000000004,0.0,0.5,0.37,0.0,0.5,0.34,0.0,0.5,0.31000000000000005,0.0,0.5,0.30000000000000004,0.0,0.48,0.375,0.0,0.48,0.35000000000000003,0.0,0.48,0.325,0.0,0.48,0.32000000000000006,0.0,0.46499999999999997,0.38,0.0,0.46499999999999997,0.36000000000000004,0.0,0.46499999999999997,0.34,0.0,0.46499999999999997,0.34,0.0,0.5,0.55,0.0,0.533,0.528,0.0,0.544,0.506,0.0,0.555,0.48400000000000004,0.0,0.5660000000000001,0.462,0.0,0.532,0.517,0.0,0.512,0.48400000000000004,0.0,0.522,0.45100000000000007,0.0,0.532,0.41800000000000004,0.0,0.49,0.517,0.0,0.5,0.48400000000000004,0.0,0.51,0.45100000000000007,0.0,0.49,0.41800000000000004,0.0,0.478,0.5225000000000001,0.0,0.488,0.49500000000000005,0.0,0.46799999999999997,0.4675,0.0,0.478,0.44000000000000006,0.0,0.47150000000000003,0.528,0.0,0.4515,0.506,0.0,0.4615,0.48400000000000004,0.0,0.47150000000000003,0.462,0.0,2026-05-22T14:13:58.497095
help,0.5,0.4,0.0,0.53,0.38,0.0,0.54,0.36000000000000004,0.0,0.55,0.34,0.0,0.5900000000000001,0.28,0.0,0.52,0.37,0.0,0.52,0.34,0.0,0.52,0.31000000000000005,0.0,0.52,0.30000000000000004,0.0,0.5,0.37,0.0,0.5,0.34,0.0,0.5,0.31000000000000005,0.0,0.5,0.30000000000000004,0.0,0.48,0.375,0.0,0.48,0.35000000000000003,0.0,0.48,0.325,0.0,0.48,0.32000000000000006,0.0,0.46499999999999997,0.38,0.0,0.46499999999999997,0.36000000000000004,0.0,0.46499999999999997,0.34,0.0,0.46499999999999997,0.34,0.0,0.5,0.55,0.0,0.533,0.528,0.0,0.544,0.506,0.0,0.555,0.48400000000000004,0.0,0.5660000000000001,0.462,0.0,0.532,0.517,0.0,0.512,0.48400000000000004,0.0,0.522,0.45100000000000007,0.0,0.532,0.41800000000000004,0.0,0.49,0.517,0.0,0.5,0.48400000000000004,0.0,0.51,0.45100000000000007,0.0,0.49,0.41800000000000004,0.0,0.478,0.5225000000000001,0.0,0.488,0.49500000000000005,0.0,0.46799999999999997,0.4675,0.0,0.478,0.44000000000000006,0.0,0.47150000000000003,0.528,0.0,0.4515,0.506,0.0,0.4615,0.48400000000000004,0.0,0.47150000000000003,0.462,0.0,2026-05-22T14:13:58.497095
help,0.5,0.4,0.0,0.53,0.38,0.0,0.54,0.36000000000000004,0.0,0.55,0.34,0.0,0.5900000000000001,0.28,0.0,0.52,0.37,0.0,0.52,0.34,0.0,0.52,0.31000000000000005,0.0,0.52,0.30000000000000004,0.0,0.5,0.37,0.0,0.5,0.34,0.0,0.5,0.31000000000000005,0.0,0.5,0.30000000000000004,0.0,0.48,0.375,0.0,0.48,0.35000000000000003,0.0,0.48,0.325,0.0,0.48,0.32000000000000006,0.0,0.46499999999999997,0.38,0.0,0.46499999999999997,0.36000000000000004,0.0,0.46499999999999997,0.34,0.0,0.46499999999999997,0.34,0.0,0.5,0.55,0.0,0.533,0.528,0.0,0.544,0.506,0.0,0.555,0.48400000000000004,0.0,0.5660000000000001,0.462,0.0,0.532,0.517,0.0,0.512,0.48400000000000004,0.0,0.522,0.45100000000000007,0.0,0.532,0.41800000000000004,0.0,0.49,0.517,0.0,0.5,0.48400000000000004,0.0,0.51,0.45100000000000007,0.0,0.49,0.41800000000000004,0.0,0.478,0.5225000000000001,0.0,0.488,0.49500000000000005,0.0,0.46799999999999997,0.4675,0.0,0.478,0.44000000000000006,0.0,0.47150000000000003,0.528,0.0,0.4515,0.506,0.0,0.4615,0.48400000000000004,0.0,0.47150000000000003,0.462,0.0,2026-05-22T14:13:58.497095
help,0.5,0.4,0.0,0.53,0.38,0.0,0.54,0.36000000000000004,0.0,0.55,0.34,0.0,0.5900000000000001,0.28,0.0,0.52,0.37,0.0,0.52,0.34,0.0,0.52,0.31000000000000005,0.0,0.52,0.30000000000000004,0.0,0.5,0.37,0.0,0.5,0.34,0.0,0.5,0.31000000000000005,0.0,0.5,0.30000000000000004,0.0,0.48,0.375,0.0,0.48,0.35000000000000003,0.0,0.48,0.325,0.0,0.48,0.32000000000000006,0.0,0.46499999999999997,0.38,0.0,0.46499999999999997,0.36000000000000004,0.0,0.46499999999999997,0.34,0.0,0.46499999999999997,0.34,0.0,0.5,0.55,0.0,0.533,0.528,0.0,0.544,0.506,0.0,0.555,0.48400000000000004,0.0,0.5660000000000001,0.462,0.0,0.532,0.517,0.0,0.512,0.48400000000000004,0.0,0.522,0.45100000000000007,0.0,0.532,0.41800000000000004,0.0,0.49,0.517,0.0,0.5,0.48400000000000004,0.0,0.51,0.45100000000000007,0.0,0.49,0.41800000000000004,0.0,0.478,0.5225000000000001,0.0,0.488,0.49500000000000005,0.0,0.46799999999999997,0.4675,0.0,0.478,0.44000000000000006,0.0,0.47150000000000003,0.528,0.0,0.4515,0.506,0.0,0.4615,0.48400000000000004,0.0,0.47150000000000003,0.462,0.0,2026-05-22T14:13:58.497095
help,0.5,0.4,0.0,0.53,0.38,0.0,0.54,0.36000000000000004,0.0,0.55,0.34,0.0,0.5900000000000001,0.28,0.0,0.52,0.37,0.0,0.52,0.34,0.0,0.52,0.31000000000000005,0.0,0.52,0.30000000000000004,0.0,0.5,0.37,0.0,0.5,0.34,0.0,0.5,0.31000000000000005,0.0,0.5,0.30000000000000004,0.0,0.48,0.375,0.0,0.48,0.35000000000000003,0.0,0.48,0.325,0.0,0.48,0.32000000000000006,0.0,0.46499999999999997,0.38,0.0,0.46499999999999997,0.36000000000000004,0.0,0.46499999999999997,0.34,0.0,0.46499999999999997,0.34,0.0,0.5,0.55,0.0,0.533,0.528,0.0,0.544,0.506,0.0,0.555,0.48400000000000004,0.0,0.5660000000000001,0.462,0.0,0.532,0.517,0.0,0.512,0.48400000000000004,0.0,0.522,0.45100000000000007,0.0,0.532,0.41800000000000004,0.0,0.49,0.517,0.0,0.5,0.48400000000000004,0.0,0.51,0.45100000000000007,0.0,0.49,0.41800000000000004,0.0,0.478,0.5225000000000001,0.0,0.488,0.49500000000000005,0.0,0.46799999999999997,0.4675,0.0,0.478,0.44000000000000006,0.0,0.47150000000000003,0.528,0.0,0.4515,0.506,0.0,0.4615,0.48400000000000004,0.0,0.47150000000000003,0.462,0.0,2026-05-22T14:13:58.497095
help,0.5,0.4,0.0,0.47,0.38,0.0,0.46,0.36000000000000004,0.0,0.45,0.34,0.0,0.41000000000000003,0.28,0.0,0.52,0.37,0.0,0.52,0.34,0.0,0.52,0.31000000000000005,0.0,0.52,0.30000000000000004,0.0,0.5,0.37,0.0,0.5,0.34,0.0,0.5,0.31000000000000005,0.0,0.5,0.30000000000000004,0.0,0.48,0.375,0.0,0.48,0.35000000000000003,0.0,0.48,0.325,0.0,0.48,0.32000000000000006,0.0,0.46499999999999997,0.38,0.0,0.46499999999999997,0.36000000000000004,0.0,0.46499999999999997,0.34,0.0,0.46499999999999997,0.34,0.0,0.5,0.55,0.0,0.533,0.528,0.0,0.544,0.506,0.0,0.555,0.48400000000000004,0.0,0.5660000000000001,0.462,0.0,0.532,0.517,0.0,0.512,0.48400000000000004,0.0,0.522,0.45100000000000007,0.0,0.532,0.41800000000000004,0.0,0.49,0.517,0.0,0.5,0.48400000000000004,0.0,0.51,0.45100000000000007,0.0,0.49,0.41800000000000004,0.0,0.478,0.5225000000000001,0.0,0.488,0.49500000000000005,0.0,0.46799999999999997,0.4675,0.0,0.478,0.44000000000000006,0.0,0.47150000000000003,0.528,0.0,0.4515,0.506,0.0,0.4615,0.48400000000000004,0.0,0.47150000000000003,0.462,0.0,2026-05-22T14:13:58.497095
help,0.5,0.4,0.0,0.47,0.38,0.0,0.46,0.36000000000000004,0.0,0.45,0.34,0.0,0.41000000000000003,0.28,0.0,0.52,0.37,0.0,0.52,0.34,0.0,0.52,0.31000000000000005,0.0,0.52,0.30000000000000004,0.0,0.5,0.37,0.0,0.5,0.34,0.0,0.5,0.31000000000000005,0.0,0.5,0.30000000000000004,0.0,0.48,0.375,0.0,0.48,0.35000000000000003,0.0,0.48,0.325,0.0,0.48,0.32000000000000006,0.0,0.46499999999999997,0.38,0.0,0.46499999999999997,0.36000000000000004,0.0,0.46499999999999997,0.34,0.0,0.46499999999999997,0.34,0.0,0.5,0.55,0.0,0.533,0.528,0.0,0.544,0.506,0.0,0.555,0.48400000000000004,0.0,0.5660000000000001,0.462,0.0,0.532,0.517,0.0,0.512,0.48400000000000004,0.0,0.522,0.45100000000000007,0.0,0.532,0.41800000000000004,0.0,0.49,0.517,0.0,0.5,0.48400000000000004,0.0,0.51,0.45100000000000007,0.0,0.49,0.41800000000000004,0.0,0.478,0.5225000000000001,0.0,0.488,0.49500000000000005,0.0,0.46799999999999997,0.4675,0.0,0.478,0.44000000000000006,0.0,0.47150000000000003,0.528,0.0,0.4515,0.506,0.0,0.4615,0.48400000000000004,0.0,0.47150000000000003,0.462,0.0,2026-05-22T14:13:58.497095
help,0.5,0.4,0.0,0.53,0.38,0.0,0.54,0.36000000000000004,0.0,0.55,0.34,0.0,0.5900000000000001,0.28,0.0,0.52,0.37,0.0,0.52,0.34,0.0,0.52,0.31000000000000005,0.0,0.52,0.30000000000000004,0.0,0.5,0.37,0.0,0.5,0.34,0.0,0.5,0.31000000000000005,0.0,0.5,0.30000000000000004,0.0,0.48,0.375,0.0,0.48,0.35000000000000003,0.0,0.48,0.325,0.0,0.48,0.32000000000000006,0.0,0.46499999999999997,0.38,0.0,0.46499999999999997,0.36000000000000004,0.0,0.46499999999999997,0.34,0.0,0.46499999999999997,0.34,0.0,0.5,0.55,0.0,0.533,0.528,0.0,0.544,0.506,0.0,0.555,0.48400000000000004,0.0,0.5660000000000001,0.462,0.0,0.532,0.517,0.0,0.512,0.48400000000000004,0.0,0.522,0.45100000000000007,0.0,0.532,0.41800000000000004,0.0,0.49,0.517,0.0,0.5,0.48400000000000004,0.0,0.51,0.45100000000000007,0.0,0.49,0.41800000000000004,0.0,0.478,0.5225000000000001,0.0,0.488,0.49500000000000005,0.0,0.46799999999999997,0.4675,0.0,0.478,0.44000000000000006,0.0,0.47150000000000003,0.528,0.0,0.4515,0.506,0.0,0.4615,0.48400000000000004,0.0,0.47150000000000003,0.462,0.0,2026-05-22T14:13:58.498095
help,0.5,0.4,0.0,0.47,0.38,0.0,0.46,0.36000000000000004,0.0,0.45,0.34,0.0,0.41000000000000003,0.28,0.0,0.52,0.37,0.0,0.52,0.34,0.0,0.52,0.31000000000000005,0.0,0.52,0.30000000000000004,0.0,0.5,0.37,0.0,0.5,0.34,0.0,0.5,0.31000000000000005,0.0,0.5,0.30000000000000004,0.0,0.48,0.375,0.0,0.48,0.35000000000000003,0.0,0.48,0.325,0.0,0.48,0.32000000000000006,0.0,0.46499999999999997,0.38,0.0,0.46499999999999997,0.36000000000000004,0.0,0.46499999999999997,0.34,0.0,0.46499999999999997,0.34,0.0,0.5,0.55,0.0,0.533,0.528,0.0,0.544,0.506,0.0,0.555,0.48400000000000004,0.0,0.5660000000000001,0.462,0.0,0.532,0.517,0.0,0.512,0.48400000000000004,0.0,0.522,0.45100000000000007,0.0,0.532,0.41800000000000004,0.0,0.49,0.517,0.0,0.5,0.48400000000000004,0.0,0.51,0.45100000000000007,0.0,0.49,0.41800000000000004,0.0,0.478,0.5225000000000001,0.0,0.488,0.49500000000000005,0.0,0.46799999999999997,0.4675,0.0,0.478,0.44000000000000006,0.0,0.47150000000000003,0.528,0.0,0.4515,0.506,0.0,0.4615,0.48400000000000004,0.0,0.47150000000000003,0.462,0.0,2026-05-22T14:13:58.498095
help,0.5,0.4,0.0,0.47,0.38,0.0,0.46,0.36000000000000004,0.0,0.45,0.34,0.0,0.41000000000000003,0.28,0.0,0.52,0.37,0.0,0.52,0.34,0.0,0.52,0.31000000000000005,0.0,0.52,0.30000000000000004,0.0,0.5,0.37,0.0,0.5,0.34,0.0,0.5,0.31000000000000005,0.0,0.5,0.30000000000000004,0.0,0.48,0.375,0.0,0.48,0.35000000000000003,0.0,0.48,0.325,0.0,0.48,0.32000000000000006,0.0,0.46499999999999997,0.38,0.0,0.46499999999999997,0.36000000000000004,0.0,0.46499999999999997,0.34,0.0,0.46499999999999997,0.34,0.0,0.5,0.55,0.0,0.533,0.528,0.0,0.544,0.506,0.0,0.555,0.48400000000000004,0.0,0.5660000000000001,0.462,0.0,0.532,0.517,0.0,0.512,0.48400000000000004,0.0,0.522,0.45100000000000007,0.0,0.532,0.41800000000000004,0.0,0.49,0.517,0.0,0.5,0.48400000000000004,0.0,0.51,0.45100000000000007,0.0,0.49,0.41800000000000004,0.0,0.478,0.5225000000000001,0.0,0.488,0.49500000000000005,0.0,0.46799999999999997,0.4675,0.0,0.478,0.44000000000000006,0.0,0.47150000000000003,0.528,0.0,0.4515,0.506,0.0,0.4615,0.48400000000000004,0.0,0.47150000000000003,0.462,0.0,2026-05-22T14:13:58.498095
help,0.5,0.4,0.0,0.53,0.38,0.0,0.54,0.36000000000000004,0.0,0.55,0.34,0.0,0.5900000000000001,0.28,0.0,0.52,0.37,0.0,0.52,0.34,0.0,0.52,0.31000000000000005,0.0,0.52,0.30000000000000004,0.0,0.5,0.37,0.0,0.5,0.34,0.0,0.5,0.31000000000000005,0.0,0.5,0.30000000000000004,0.0,0.48,0.375,0.0,0.48,0.35000000000000003,0.0,0.48,0.325,0.0,0.48,0.32000000000000006,0.0,0.46499999999999997,0.38,0.0,0.46499999999999997,0.36000000000000004,0.0,0.46499999999999997,0.34,0.0,0.46499999999999997,0.34,0.0,0.5,0.55,0.0,0.533,0.528,0.0,0.544,0.506,0.0,0.555,0.48400000000000004,0.0,0.5660000000000001,0.462,0.0,0.532,0.517,0.0,0.512,0.48400000000000004,0.0,0.522,0.45100000000000007,0.0,0.532,0.41800000000000004,0.0,0.49,0.517,0.0,0.5,0.48400000000000004,0.0,0.51,0.45100000000000007,0.0,0.49,0.41800000000000004,0.0,0.478,0.5225000000000001,0.0,0.488,0.49500000000000005,0.0,0.46799999999999997,0.4675,0.0,0.478,0.44000000000000006,0.0,0.47150000000000003,0.528,0.0,0.4515,0.506,0.0,0.4615,0.48400000000000004,0.0,0.47150000000000003,0.462,0.0,2026-05-22T14:13:58.498095
help,0.5,0.4,0.0,0.53,0.38,0.0,0.54,0.36000000000000004,0.0,0.55,0.34,0.0,0.5900000000000001,0.28,0.0,0.52,0.37,0.0,0.52,0.34,0.0,0.52,0.31000000000000005,0.0,0.52,0.30000000000000004,0.0,0.5,0.37,0.0,0.5,0.34,0.0,0.5,0.31000000000000005,0.0,0.5,0.30000000000000004,0.0,0.48,0.375,0.0,0.48,0.35000000000000003,0.0,0.48,0.325,0.0,0.48,0.32000000000000006,0.0,0.46499999999999997,0.38,0.0,0.46499999999999997,0.36000000000000004,0.0,0.46499999999999997,0.34,0.0,0.46499999999999997,0.34,0.0,0.5,0.55,0.0,0.533,0.528,0.0,0.544,0.506,0.0,0.555,0.48400000000000004,0.0,0.5660000000000001,0.462,0.0,0.532,0.517,0.0,0.512,0.48400000000000004,0.0,0.522,0.45100000000000007,0.0,0.532,0.41800000000000004,0.0,0.49,0.517,0.0,0.5,0.48400000000000004,0.0,0.51,0.45100000000000007,0.0,0.49,0.41800000000000004,0.0,0.478,0.5225000000000001,0.0,0.488,0.49500000000000005,0.0,0.46799999999999997,0.4675,0.0,0.478,0.44000000000000006,0.0,0.47150000000000003,0.528,0.0,0.4515,0.506,0.0,0.4615,0.48400000000000004,0.0,0.47150000000000003,0.462,0.0,2026-05-22T14:13:58.498095
help,0.5,0.4,0.0,0.53,0.38,0.0,0.54,0.36000000000000004,0.0,0.55,0.34,0.0,0.5900000000000001,0.28,0.0,0.52,0.37,0.0,0.52,0.34,0.0,0.52,0.31000000000000005,0.0,0.52,0.30000000000000004,0.0,0.5,0.37,0.0,0.5,0.34,0.0,0.5,0.31000000000000005,0.0,0.5,0.30000000000000004,0.0,0.48,0.375,0.0,0.48,0.35000000000000003,0.0,0.48,0.325,0.0,0.48,0.32000000000000006,0.0,0.46499999999999997,0.38,0.0,0.46499999999999997,0.36000000000000004,0.0,0.46499999999999997,0.34,0.0,0.46499999999999997,0.34,0.0,0.5,0.55,0.0,0.533,0.528,0.0,0.544,0.506,0.0,0.555,0.48400000000000004,0.0,0.5660000000000001,0.462,0.0,0.532,0.517,0.0,0.512,0.48400000000000004,0.0,0.522,0.45100000000000007,0.0,0.532,0.41800000000000004,0.0,0.49,0.517,0.0,0.5,0.48400000000000004,0.0,0.51,0.45100000000000007,0.0,0.49,0.41800000000000004,0.0,0.478,0.5225000000000001,0.0,0.488,0.49500000000000005,0.0,0.46799999999999997,0.4675,0.0,0.478,0.44000000000000006,0.0,0.47150000000000003,0.528,0.0,0.4515,0.506,0.0,0.4615,0.48400000000000004,0.0,0.47150000000000003,0.462,0.0,2026-05-22T14:13:58.498095
help,0.5,0.4,0.0,0.47,0.38,0.0,0.46,0.36000000000000004,0.0,0.45,0.34,0.0,0.41000000000000003,0.28,0.0,0.52,0.37,0.0,0.52,0.34,0.0,0.52,0.31000000000000005,0.0,0.52,0.30000000000000004,0.0,0.5,0.37,0.0,0.5,0.34,0.0,0.5,0.31000000000000005,0.0,0.5,0.30000000000000004,0.0,0.48,0.375,0.0,0.48,0.35000000000000003,0.0,0.48,0.325,0.0,0.48,0.32000000000000006,0.0,0.46499999999999997,0.38,0.0,0.46499999999999997,0.36000000000000004,0.0,0.46499999999999997,0.34,0.0,0.46499999999999997,0.34,0.0,0.5,0.55,0.0,0.533,0.528,0.0,0.544,0.506,0.0,0.555,0.48400000000000004,0.0,0.5660000000000001,0.462,0.0,0.532,0.517,0.0,0.512,0.48400000000000004,0.0,0.522,0.45100000000000007,0.0,0.532,0.41800000000000004,0.0,0.49,0.517,0.0,0.5,0.48400000000000004,0.0,0.51,0.45100000000000007,0.0,0.49,0.41800000000000004,0.0,0.478,0.5225000000000001,0.0,0.488,0.49500000000000005,0.0,0.46799999999999997,0.4675,0.0,0.478,0.44000000000000006,0.0,0.47150000000000003,0.528,0.0,0.4515,0.506,0.0,0.4615,0.48400000000000004,0.0,0.47150000000000003,0.462,0.0,2026-05-22T14:13:58.498095
help,0.5,0.4,0.0,0.47,0.38,0.0,0.46,0.36000000000000004,0.0,0.45,0.34,0.0,0.41000000000000003,0.28,0.0,0.52,0.37,0.0,0.52,0.34,0.0,0.52,0.31000000000000005,0.0,0.52,0.30000000000000004,0.0,0.5,0.37,0.0,0.5,0.34,0.0,0.5,0.31000000000000005,0.0,0.5,0.30000000000000004,0.0,0.48,0.375,0.0,0.48,0.35000000000000003,0.0,0.48,0.325,0.0,0.48,0.32000000000000006,0.0,0.46499999999999997,0.38,0.0,0.46499999999999997,0.36000000000000004,0.0,0.46499999999999997,0.34,0.0,0.46499999999999997,0.34,0.0,0.5,0.55,0.0,0.533,0.528,0.0,0.544,0.506,0.0,0.555,0.48400000000000004,0.0,0.5660000000000001,0.462,0.0,0.532,0.517,0.0,0.512,0.48400000000000004,0.0,0.522,0.45100000000000007,0.0,0.532,0.41800000000000004,0.0,0.49,0.517,0.0,0.5,0.48400000000000004,0.0,0.51,0.45100000000000007,0.0,0.49,0.41800000000000004,0.0,0.478,0.5225000000000001,0.0,0.488,0.49500000000000005,0.0,0.46799999999999997,0.4675,0.0,0.478,0.44000000000000006,0.0,0.47150000000000003,0.528,0.0,0.4515,0.506,0.0,0.4615,0.48400000000000004,0.0,0.47150000000000003,0.462,0.0,2026-05-22T14:13:58.498095
help,0.5,0.4,0.0,0.47,0.38,0.0,0.46,0.36000000000000004,0.0,0.45,0.34,0.0,0.41000000000000003,0.28,0.0,0.52,0.37,0.0,0.52,0.34,0.0,0.52,0.31000000000000005,0.0,0.52,0.30000000000000004,0.0,0.5,0.37,0.0,0.5,0.34,0.0,0.5,0.31000000000000005,0.0,0.5,0.30000000000000004,0.0,0.48,0.375,0.0,0.48,0.35000000000000003,0.0,0.48,0.325,0.0,0.48,0.32000000000000006,0.0,0.46499999999999997,0.38,0.0,0.46499999999999997,0.36000000000000004,0.0,0.46499999999999997,0.34,0.0,0.46499999999999997,0.34,0.0,0.5,0.55,0.0,0.533,0.528,0.0,0.544,0.506,0.0,0.555,0.48400000000000004,0.0,0.5660000000000001,0.462,0.0,0.532,0.517,0.0,0.512,0.48400000000000004,0.0,0.522,0.45100000000000007,0.0,0.532,0.41800000000000004,0.0,0.49,0.517,0.0,0.5,0.48400000000000004,0.0,0.51,0.45100000000000007,0.0,0.49,0.41800000000000004,0.0,0.478,0.5225000000000001,0.0,0.488,0.49500000000000005,0.0,0.46799999999999997,0.4675,0.0,0.478,0.44000000000000006,0.0,0.47150000000000003,0.528,0.0,0.4515,0.506,0.0,0.4615,0.48400000000000004,0.0,0.47150000000000003,0.462,0.0,2026-05-22T14:13:58.498095
help,0.5,0.4,0.0,0.53,0.38,0.0,0.54,0.36000000000000004,0.0,0.55,0.34,0.0,0.5900000000000001,0.28,0.0,0.52,0.37,0.0,0.52,0.34,0.0,0.52,0.31000000000000005,0.0,0.52,0.30000000000000004,0.0,0.5,0.37,0.0,0.5,0.34,0.0,0.5,0.31000000000000005,0.0,0.5,0.30000000000000004,0.0,0.48,0.375,0.0,0.48,0.35000000000000003,0.0,0.48,0.325,0.0,0.48,0.32000000000000006,0.0,0.46499999999999997,0.38,0.0,0.46499999999999997,0.36000000000000004,0.0,0.46499999999999997,0.34,0.0,0.46499999999999997,0.34,0.0,0.5,0.55,0.0,0.533,0.528,0.0,0.544,0.506,0.0,0.555,0.48400000000000004,0.0,0.5660000000000001,0.462,0.0,0.532,0.517,0.0,0.512,0.48400000000000004,0.0,0.522,0.45100000000000007,0.0,0.532,0.41800000000000004,0.0,0.49,0.517,0.0,0.5,0.48400000000000004,0.0,0.51,0.45100000000000007,0.0,0.49,0.41800000000000004,0.0,0.478,0.5225000000000001,0.0,0.488,0.49500000000000005,0.0,0.46799999999999997,0.4675,0.0,0.478,0.44000000000000006,0.0,0.47150000000000003,0.528,0.0,0.4515,0.506,0.0,0.4615,0.48400000000000004,0.0,0.47150000000000003,0.462,0.0,2026-05-22T14:13:58.498095
help,0.5,0.4,0.0,0.47,0.38,0.0,0.46,0.36000000000000004,0.0,0.45,0.34,0.0,0.41000000000000003,0.28,0.0,0.52,0.37,0.0,0.52,0.34,0.0,0.52,0.31000000000000005,0.0,0.52,0.30000000000000004,0.0,0.5,0.37,0.0,0.5,0.34,0.0,0.5,0.31000000000000005,0.0,0.5,0.30000000000000004,0.0,0.48,0.375,0.0,0.48,0.35000000000000003,0.0,0.48,0.325,0.0,0.48,0.32000000000000006,0.0,0.46499999999999997,0.38,0.0,0.46499999999999997,0.36000000000000004,0.0,0.46499999999999997,0.34,0.0,0.46499999999999997,0.34,0.0,0.5,0.55,0.0,0.533,0.528,0.0,0.544,0.506,0.0,0.555,0.48400000000000004,0.0,0.5660000000000001,0.462,0.0,0.532,0.517,0.0,0.512,0.48400000000000004,0.0,0.522,0.45100000000000007,0.0,0.532,0.41800000000000004,0.0,0.49,0.517,0.0,0.5,0.48400000000000004,0.0,0.51,0.45100000000000007,0.0,0.49,0.41800000000000004,0.0,0.478,0.5225000000000001,0.0,0.488,0.49500000000000005,0.0,0.46799999999999997,0.4675,0.0,0.478,0.44000000000000006,0.0,0.47150000000000003,0.528,0.0,0.4515,0.506,0.0,0.4615,0.48400000000000004,0.0,0.47150000000000003,0.462,0.0,2026-05-22T14:13:58.498095
help,0.5,0.4,0.0,0.47,0.38,0.0,0.46,0.36000000000000004,0.0,0.45,0.34,0.0,0.41000000000000003,0.28,0.0,0.52,0.37,0.0,0.52,0.34,0.0,0.52,0.31000000000000005,0.0,0.52,0.30000000000000004,0.0,0.5,0.37,0.0,0.5,0.34,0.0,0.5,0.31000000000000005,0.0,0.5,0.30000000000000004,0.0,0.48,0.375,0.0,0.48,0.35000000000000003,0.0,0.48,0.325,0.0,0.48,0.32000000000000006,0.0,0.46499999999999997,0.38,0.0,0.46499999999999997,0.36000000000000004,0.0,0.46499999999999997,0.34,0.0,0.46499999999999997,0.34,0.0,0.5,0.55,0.0,0.533,0.528,0.0,0.544,0.506,0.0,0.555,0.48400000000000004,0.0,0.5660000000000001,0.462,0.0,0.532,0.517,0.0,0.512,0.48400000000000004,0.0,0.522,0.45100000000000007,0.0,0.532,0.41800000000000004,0.0,0.49,0.517,0.0,0.5,0.48400000000000004,0.0,0.51,0.45100000000000007,0.0,0.49,0.41800000000000004,0.0,0.478,0.5225000000000001,0.0,0.488,0.49500000000000005,0.0,0.46799999999999997,0.4675,0.0,0.478,0.44000000000000006,0.0,0.47150000000000003,0.528,0.0,0.4515,0.506,0.0,0.4615,0.48400000000000004,0.0,0.47150000000000003,0.462,0.0,2026-05-22T14:13:58.498095
help,0.5,0.4,0.0,0.53,0.38,0.0,0.54,0.36000000000000004,0.0,0.55,0.34,0.0,0.5900000000000001,0.28,0.0,0.52,0.37,0.0,0.52,0.34,0.0,0.52,0.31000000000000005,0.0,0.52,0.30000000000000004,0.0,0.5,0.37,0.0,0.5,0.34,0.0,0.5,0.31000000000000005,0.0,0.5,0.30000000000000004,0.0,0.48,0.375,0.0,0.48,0.35000000000000003,0.0,0.48,0.325,0.0,0.48,0.32000000000000006,0.0,0.46499999999999997,0.38,0.0,0.46499999999999997,0.36000000000000004,0.0,0.46499999999999997,0.34,0.0,0.46499999999999997,0.34,0.0,0.5,0.55,0.0,0.533,0.528,0.0,0.544,0.506,0.0,0.555,0.48400000000000004,0.0,0.5660000000000001,0.462,0.0,0.532,0.517,0.0,0.512,0.48400000000000004,0.0,0.522,0.45100000000000007,0.0,0.532,0.41800000000000004,0.0,0.49,0.517,0.0,0.5,0.48400000000000004,0.0,0.51,0.45100000000000007,0.0,0.49,0.41800000000000004,0.0,0.478,0.5225000000000001,0.0,0.488,0.49500000000000005,0.0,0.46799999999999997,0.4675,0.0,0.478,0.44000000000000006,0.0,0.47150000000000003,0.528,0.0,0.4515,0.506,0.0,0.4615,0.48400000000000004,0.0,0.47150000000000003,0.462,0.0,2026-05-22T14:13:58.498095
help,0.5,0.4,0.0,0.47,0.38,0.0,0.46,0.36000000000000004,0.0,0.45,0.34,0.0,0.41000000000000003,0.28,0.0,0.52,0.37,0.0,0.52,0.34,0.0,0.52,0.31000000000000005,0.0,0.52,0.30000000000000004,0.0,0.5,0.37,0.0,0.5,0.34,0.0,0.5,0.31000000000000005,0.0,0.5,0.30000000000000004,0.0,0.48,0.375,0.0,0.48,0.35000000000000003,0.0,0.48,0.325,0.0,0.48,0.32000000000000006,0.0,0.46499999999999997,0.38,0.0,0.46499999999999997,0.36000000000000004,0.0,0.46499999999999997,0.34,0.0,0.46499999999999997,0.34,0.0,0.5,0.55,0.0,0.533,0.528,0.0,0.544,0.506,0.0,0.555,0.48400000000000004,0.0,0.5660000000000001,0.462,0.0,0.532,0.517,0.0,0.512,0.48400000000000004,0.0,0.522,0.45100000000000007,0.0,0.532,0.41800000000000004,0.0,0.49,0.517,0.0,0.5,0.48400000000000004,0.0,0.51,0.45100000000000007,0.0,0.49,0.41800000000000004,0.0,0.478,0.5225000000000001,0.0,0.488,0.49500000000000005,0.0,0.46799999999999997,0.4675,0.0,0.478,0.44000000000000006,0.0,0.47150000000000003,0.528,0.0,0.4515,0.506,0.0,0.4615,0.48400000000000004,0.0,0.47150000000000003,0.462,0.0,2026-05-22T14:13:58.498095
help,0.5,0.4,0.0,0.53,0.38,0.0,0.54,0.36000000000000004,0.0,0.55,0.34,0.0,0.5900000000000001,0.28,0.0,0.52,0.37,0.0,0.52,0.34,0.0,0.52,0.31000000000000005,0.0,0.52,0.30000000000000004,0.0,0.5,0.37,0.0,0.5,0.34,0.0,0.5,0.31000000000000005,0.0,0.5,0.30000000000000004,0.0,0.48,0.375,0.0,0.48,0.35000000000000003,0.0,0.48,0.325,0.0,0.48,0.32000000000000006,0.0,0.46499999999999997,0.38,0.0,0.46499999999999997,0.36000000000000004,0.0,0.46499999999999997,0.34,0.0,0.46499999999999997,0.34,0.0,0.5,0.55,0.0,0.533,0.528,0.0,0.544,0.506,0.0,0.555,0.48400000000000004,0.0,0.5660000000000001,0.462,0.0,0.532,0.517,0.0,0.512,0.48400000000000004,0.0,0.522,0.45100000000000007,0.0,0.532,0.41800000000000004,0.0,0.49,0.517,0.0,0.5,0.48400000000000004,0.0,0.51,0.45100000000000007,0.0,0.49,0.41800000000000004,0.0,0.478,0.5225000000000001,0.0,0.488,0.49500000000000005,0.0,0.46799999999999997,0.4675,0.0,0.478,0.44000000000000006,0.0,0.47150000000000003,0.528,0.0,0.4515,0.506,0.0,0.4615,0.48400000000000004,0.0,0.47150000000000003,0.462,0.0,2026-05-22T14:13:58.498095
help,0.5,0.4,0.0,0.53,0.38,0.0,0.54,0.36000000000000004,0.0,0.55,0.34,0.0,0.5900000000000001,0.28,0.0,0.52,0.37,0.0,0.52,0.34,0.0,0.52,0.31000000000000005,0.0,0.52,0.30000000000000004,0.0,0.5,0.37,0.0,0.5,0.34,0.0,0.5,0.31000000000000005,0.0,0.5,0.30000000000000004,0.0,0.48,0.375,0.0,0.48,0.35000000000000003,0.0,0.48,0.325,0.0,0.48,0.32000000000000006,0.0,0.46499999999999997,0.38,0.0,0.46499999999999997,0.36000000000000004,0.0,0.46499999999999997,0.34,0.0,0.46499999999999997,0.34,0.0,0.5,0.55,0.0,0.533,0.528,0.0,0.544,0.506,0.0,0.555,0.48400000000000004,0.0,0.5660000000000001,0.462,0.0,0.532,0.517,0.0,0.512,0.48400000000000004,0.0,0.522,0.45100000000000007,0.0,0.532,0.41800000000000004,0.0,0.49,0.517,0.0,0.5,0.48400000000000004,0.0,0.51,0.45100000000000007,0.0,0.49,0.41800000000000004,0.0,0.478,0.5225000000000001,0.0,0.488,0.49500000000000005,0.0,0.46799999999999997,0.4675,0.0,0.478,0.44000000000000006,0.0,0.47150000000000003,0.528,0.0,0.4515,0.506,0.0,0.4615,0.48400000000000004,0.0,0.47150000000000003,0.462,0.0,2026-05-22T14:13:58.499096
help,0.5,0.4,0.0,0.47,0.38,0.0,0.46,0.36000000000000004,0.0,0.45,0.34,0.0,0.41000000000000003,0.28,0.0,0.52,0.37,0.0,0.52,0.34,0.0,0.52,0.31000000000000005,0.0,0.52,0.30000000000000004,0.0,0.5,0.37,0.0,0.5,0.34,0.0,0.5,0.31000000000000005,0.0,0.5,0.30000000000000004,0.0,0.48,0.375,0.0,0.48,0.35000000000000003,0.0,0.48,0.325,0.0,0.48,0.32000000000000006,0.0,0.46499999999999997,0.38,0.0,0.46499999999999997,0.36000000000000004,0.0,0.46499999999999997,0.34,0.0,0.46499999999999997,0.34,0.0,0.5,0.55,0.0,0.533,0.528,0.0,0.544,0.506,0.0,0.555,0.48400000000000004,0.0,0.5660000000000001,0.462,0.0,0.532,0.517,0.0,0.512,0.48400000000000004,0.0,0.522,0.45100000000000007,0.0,0.532,0.41800000000000004,0.0,0.49,0.517,0.0,0.5,0.48400000000000004,0.0,0.51,0.45100000000000007,0.0,0.49,0.41800000000000004,0.0,0.478,0.5225000000000001,0.0,0.488,0.49500000000000005,0.0,0.46799999999999997,0.4675,0.0,0.478,0.44000000000000006,0.0,0.47150000000000003,0.528,0.0,0.4515,0.506,0.0,0.4615,0.48400000000000004,0.0,0.47150000000000003,0.462,0.0,2026-05-22T14:13:58.499096
help,0.5,0.4,0.0,0.53,0.38,0.0,0.54,0.36000000000000004,0.0,0.55,0.34,0.0,0.5900000000000001,0.28,0.0,0.52,0.37,0.0,0.52,0.34,0.0,0.52,0.31000000000000005,0.0,0.52,0.30000000000000004,0.0,0.5,0.37,0.0,0.5,0.34,0.0,0.5,0.31000000000000005,0.0,0.5,0.30000000000000004,0.0,0.48,0.375,0.0,0.48,0.35000000000000003,0.0,0.48,0.325,0.0,0.48,0.32000000000000006,0.0,0.46499999999999997,0.38,0.0,0.46499999999999997,0.36000000000000004,0.0,0.46499999999999997,0.34,0.0,0.46499999999999997,0.34,0.0,0.5,0.55,0.0,0.533,0.528,0.0,0.544,0.506,0.0,0.555,0.48400000000000004,0.0,0.5660000000000001,0.462,0.0,0.532,0.517,0.0,0.512,0.48400000000000004,0.0,0.522,0.45100000000000007,0.0,0.532,0.41800000000000004,0.0,0.49,0.517,0.0,0.5,0.48400000000000004,0.0,0.51,0.45100000000000007,0.0,0.49,0.41800000000000004,0.0,0.478,0.5225000000000001,0.0,0.488,0.49500000000000005,0.0,0.46799999999999997,0.4675,0.0,0.478,0.44000000000000006,0.0,0.47150000000000003,0.528,0.0,0.4515,0.506,0.0,0.4615,0.48400000000000004,0.0,0.47150000000000003,0.462,0.0,2026-05-22T14:13:58.499096
help,0.5,0.4,0.0,0.53,0.38,0.0,0.54,0.36000000000000004,0.0,0.55,0.34,0.0,0.5900000000000001,0.28,0.0,0.52,0.37,0.0,0.52,0.34,0.0,0.52,0.31000000000000005,0.0,0.52,0.30000000000000004,0.0,0.5,0.37,0.0,0.5,0.34,0.0,0.5,0.31000000000000005,0.0,0.5,0.30000000000000004,0.0,0.48,0.375,0.0,0.48,0.35000000000000003,0.0,0.48,0.325,0.0,0.48,0.32000000000000006,0.0,0.46499999999999997,0.38,0.0,0.46499999999999997,0.36000000000000004,0.0,0.46499999999999997,0.34,0.0,0.46499999999999997,0.34,0.0,0.5,0.55,0.0,0.533,0.528,0.0,0.544,0.506,0.0,0.555,0.48400000000000004,0.0,0.5660000000000001,0.462,0.0,0.532,0.517,0.0,0.512,0.48400000000000004,0.0,0.522,0.45100000000000007,0.0,0.532,0.41800000000000004,0.0,0.49,0.517,0.0,0.5,0.48400000000000004,0.0,0.51,0.45100000000000007,0.0,0.49,0.41800000000000004,0.0,0.478,0.5225000000000001,0.0,0.488,0.49500000000000005,0.0,0.46799999999999997,0.4675,0.0,0.478,0.44000000000000006,0.0,0.47150000000000003,0.528,0.0,0.4515,0.506,0.0,0.4615,0.48400000000000004,0.0,0.47150000000000003,0.462,0.0,2026-05-22T14:13:58.499096
help,0.5,0.4,0.0,0.47,0.38,0.0,0.46,0.36000000000000004,0.0,0.45,0.34,0.0,0.41000000000000003,0.28,0.0,0.52,0.37,0.0,0.52,0.34,0.0,0.52,0.31000000000000005,0.0,0.52,0.30000000000000004,0.0,0.5,0.37,0.0,0.5,0.34,0.0,0.5,0.31000000000000005,0.0,0.5,0.30000000000000004,0.0,0.48,0.375,0.0,0.48,0.35000000000000003,0.0,0.48,0.325,0.0,0.48,0.32000000000000006,0.0,0.46499999999999997,0.38,0.0,0.46499999999999997,0.36000000000000004,0.0,0.46499999999999997,0.34,0.0,0.46499999999999997,0.34,0.0,0.5,0.55,0.0,0.533,0.528,0.0,0.544,0.506,0.0,0.555,0.48400000000000004,0.0,0.5660000000000001,0.462,0.0,0.532,0.517,0.0,0.512,0.48400000000000004,0.0,0.522,0.45100000000000007,0.0,0.532,0.41800000000000004,0.0,0.49,0.517,0.0,0.5,0.48400000000000004,0.0,0.51,0.45100000000000007,0.0,0.49,0.41800000000000004,0.0,0.478,0.5225000000000001,0.0,0.488,0.49500000000000005,0.0,0.46799999999999997,0.4675,0.0,0.478,0.44000000000000006,0.0,0.47150000000000003,0.528,0.0,0.4515,0.506,0.0,0.4615,0.48400000000000004,0.0,0.47150000000000003,0.462,0.0,2026-05-22T14:13:58.499096
help,0.5,0.4,0.0,0.53,0.38,0.0,0.54,0.36000000000000004,0.0,0.55,0.34,0.0,0.5900000000000001,0.28,0.0,0.52,0.37,0.0,0.52,0.34,0.0,0.52,0.31000000000000005,0.0,0.52,0.30000000000000004,0.0,0.5,0.37,0.0,0.5,0.34,0.0,0.5,0.31000000000000005,0.0,0.5,0.30000000000000004,0.0,0.48,0.375,0.0,0.48,0.35000000000000003,0.0,0.48,0.325,0.0,0.48,0.32000000000000006,0.0,0.46499999999999997,0.38,0.0,0.46499999999999997,0.36000000000000004,0.0,0.46499999999999997,0.34,0.0,0.46499999999999997,0.34,0.0,0.5,0.55,0.0,0.533,0.528,0.0,0.544,0.506,0.0,0.555,0.48400000000000004,0.0,0.5660000000000001,0.462,0.0,0.532,0.517,0.0,0.512,0.48400000000000004,0.0,0.522,0.45100000000000007,0.0,0.532,0.41800000000000004,0.0,0.49,0.517,0.0,0.5,0.48400000000000004,0.0,0.51,0.45100000000000007,0.0,0.49,0.41800000000000004,0.0,0.478,0.5225000000000001,0.0,0.488,0.49500000000000005,0.0,0.46799999999999997,0.4675,0.0,0.478,0.44000000000000006,0.0,0.47150000000000003,0.528,0.0,0.4515,0.506,0.0,0.4615,0.48400000000000004,0.0,0.47150000000000003,0.462,0.0,2026-05-22T14:13:58.499096
help,0.5,0.4,0.0,0.53,0.38,0.0,0.54,0.36000000000000004,0.0,0.55,0.34,0.0,0.5900000000000001,0.28,0.0,0.52,0.37,0.0,0.52,0.34,0.0,0.52,0.31000000000000005,0.0,0.52,0.30000000000000004,0.0,0.5,0.37,0.0,0.5,0.34,0.0,0.5,0.31000000000000005,0.0,0.5,0.30000000000000004,0.0,0.48,0.375,0.0,0.48,0.35000000000000003,0.0,0.48,0.325,0.0,0.48,0.32000000000000006,0.0,0.46499999999999997,0.38,0.0,0.46499999999999997,0.36000000000000004,0.0,0.46499999999999997,0.34,0.0,0.46499999999999997,0.34,0.0,0.5,0.55,0.0,0.533,0.528,0.0,0.544,0.506,0.0,0.555,0.48400000000000004,0.0,0.5660000000000001,0.462,0.0,0.532,0.517,0.0,0.512,0.48400000000000004,0.0,0.522,0.45100000000000007,0.0,0.532,0.41800000000000004,0.0,0.49,0.517,0.0,0.5,0.48400000000000004,0.0,0.51,0.45100000000000007,0.0,0.49,0.41800000000000004,0.0,0.478,0.5225000000000001,0.0,0.488,0.49500000000000005,0.0,0.46799999999999997,0.4675,0.0,0.478,0.44000000000000006,0.0,0.47150000000000003,0.528,0.0,0.4515,0.506,0.0,0.4615,0.48400000000000004,0.0,0.47150000000000003,0.462,0.0,2026-05-22T14:13:58.499096
help,0.5,0.4,0.0,0.47,0.38,0.0,0.46,0.36000000000000004,0.0,0.45,0.34,0.0,0.41000000000000003,0.28,0.0,0.52,0.37,0.0,0.52,0.34,0.0,0.52,0.31000000000000005,0.0,0.52,0.30000000000000004,0.0,0.5,0.37,0.0,0.5,0.34,0.0,0.5,0.31000000000000005,0.0,0.5,0.30000000000000004,0.0,0.48,0.375,0.0,0.48,0.35000000000000003,0.0,0.48,0.325,0.0,0.48,0.32000000000000006,0.0,0.46499999999999997,0.38,0.0,0.46499999999999997,0.36000000000000004,0.0,0.46499999999999997,0.34,0.0,0.46499999999999997,0.34,0.0,0.5,0.55,0.0,0.533,0.528,0.0,0.544,0.506,0.0,0.555,0.48400000000000004,0.0,0.5660000000000001,0.462,0.0,0.532,0.517,0.0,0.512,0.48400000000000004,0.0,0.522,0.45100000000000007,0.0,0.532,0.41800000000000004,0.0,0.49,0.517,0.0,0.5,0.48400000000000004,0.0,0.51,0.45100000000000007,0.0,0.49,0.41800000000000004,0.0,0.478,0.5225000000000001,0.0,0.488,0.49500000000000005,0.0,0.46799999999999997,0.4675,0.0,0.478,0.44000000000000006,0.0,0.47150000000000003,0.528,0.0,0.4515,0.506,0.0,0.4615,0.48400000000000004,0.0,0.47150000000000003,0.462,0.0,2026-05-22T14:13:58.499096
help,0.5,0.4,0.0,0.47,0.38,0.0,0.46,0.36000000000000004,0.0,0.45,0.34,0.0,0.41000000000000003,0.28,0.0,0.52,0.37,0.0,0.52,0.34,0.0,0.52,0.31000000000000005,0.0,0.52,0.30000000000000004,0.0,0.5,0.37,0.0,0.5,0.34,0.0,0.5,0.31000000000000005,0.0,0.5,0.30000000000000004,0.0,0.48,0.375,0.0,0.48,0.35000000000000003,0.0,0.48,0.325,0.0,0.48,0.32000000000000006,0.0,0.46499999999999997,0.38,0.0,0.46499999999999997,0.36000000000000004,0.0,0.46499999999999997,0.34,0.0,0.46499999999999997,0.34,0.0,0.5,0.55,0.0,0.533,0.528,0.0,0.544,0.506,0.0,0.555,0.48400000000000004,0.0,0.5660000000000001,0.462,0.0,0.532,0.517,0.0,0.512,0.48400000000000004,0.0,0.522,0.45100000000000007,0.0,0.532,0.41800000000000004,0.0,0.49,0.517,0.0,0.5,0.48400000000000004,0.0,0.51,0.45100000000000007,0.0,0.49,0.41800000000000004,0.0,0.478,0.5225000000000001,0.0,0.488,0.49500000000000005,0.0,0.46799999999999997,0.4675,0.0,0.478,0.44000000000000006,0.0,0.47150000000000003,0.528,0.0,0.4515,0.506,0.0,0.4615,0.48400000000000004,0.0,0.47150000000000003,0.462,0.0,2026-05-22T14:13:58.499096
help,0.5,0.4,0.0,0.53,0.38,0.0,0.54,0.36000000000000004,0.0,0.55,0.34,0.0,0.5900000000000001,0.28,0.0,0.52,0.37,0.0,0.52,0.34,0.0,0.52,0.31000000000000005,0.0,0.52,0.30000000000000004,0.0,0.5,0.37,0.0,0.5,0.34,0.0,0.5,0.31000000000000005,0.0,0.5,0.30000000000000004,0.0,0.48,0.375,0.0,0.48,0.35000000000000003,0.0,0.48,0.325,0.0,0.48,0.32000000000000006,0.0,0.46499999999999997,0.38,0.0,0.46499999999999997,0.36000000000000004,0.0,0.46499999999999997,0.34,0.0,0.46499999999999997,0.34,0.0,0.5,0.55,0.0,0.533,0.528,0.0,0.544,0.506,0.0,0.555,0.48400000000000004,0.0,0.5660000000000001,0.462,0.0,0.532,0.517,0.0,0.512,0.48400000000000004,0.0,0.522,0.45100000000000007,0.0,0.532,0.41800000000000004,0.0,0.49,0.517,0.0,0.5,0.48400000000000004,0.0,0.51,0.45100000000000007,0.0,0.49,0.41800000000000004,0.0,0.478,0.5225000000000001,0.0,0.488,0.49500000000000005,0.0,0.46799999999999997,0.4675,0.0,0.478,0.44000000000000006,0.0,0.47150000000000003,0.528,0.0,0.4515,0.506,0.0,0.4615,0.48400000000000004,0.0,0.47150000000000003,0.462,0.0,2026-05-22T14:13:58.499096
help,0.5,0.4,0.0,0.47,0.38,0.0,0.46,0.36000000000000004,0.0,0.45,0.34,0.0,0.41000000000000003,0.28,0.0,0.52,0.37,0.0,0.52,0.34,0.0,0.52,0.31000000000000005,0.0,0.52,0.30000000000000004,0.0,0.5,0.37,0.0,0.5,0.34,0.0,0.5,0.31000000000000005,0.0,0.5,0.30000000000000004,0.0,0.48,0.375,0.0,0.48,0.35000000000000003,0.0,0.48,0.325,0.0,0.48,0.32000000000000006,0.0,0.46499999999999997,0.38,0.0,0.46499999999999997,0.36000000000000004,0.0,0.46499999999999997,0.34,0.0,0.46499999999999997,0.34,0.0,0.5,0.55,0.0,0.533,0.528,0.0,0.544,0.506,0.0,0.555,0.48400000000000004,0.0,0.5660000000000001,0.462,0.0,0.532,0.517,0.0,0.512,0.48400000000000004,0.0,0.522,0.45100000000000007,0.0,0.532,0.41800000000000004,0.0,0.49,0.517,0.0,0.5,0.48400000000000004,0.0,0.51,0.45100000000000007,0.0,0.49,0.41800000000000004,0.0,0.478,0.5225000000000001,0.0,0.488,0.49500000000000005,0.0,0.46799999999999997,0.4675,0.0,0.478,0.44000000000000006,0.0,0.47150000000000003,0.528,0.0,0.4515,0.506,0.0,0.4615,0.48400000000000004,0.0,0.47150000000000003,0.462,0.0,2026-05-22T14:13:58.499096
help,0.5,0.4,0.0,0.53,0.38,0.0,0.54,0.36000000000000004,0.0,0.55,0.34,0.0,0.5900000000000001,0.28,0.0,0.52,0.37,0.0,0.52,0.34,0.0,0.52,0.31000000000000005,0.0,0.52,0.30000000000000004,0.0,0.5,0.37,0.0,0.5,0.34,0.0,0.5,0.31000000000000005,0.0,0.5,0.30000000000000004,0.0,0.48,0.375,0.0,0.48,0.35000000000000003,0.0,0.48,0.325,0.0,0.48,0.32000000000000006,0.0,0.46499999999999997,0.38,0.0,0.46499999999999997,0.36000000000000004,0.0,0.46499999999999997,0.34,0.0,0.46499999999999997,0.34,0.0,0.5,0.55,0.0,0.533,0.528,0.0,0.544,0.506,0.0,0.555,0.48400000000000004,0.0,0.5660000000000001,0.462,0.0,0.532,0.517,0.0,0.512,0.48400000000000004,0.0,0.522,0.45100000000000007,0.0,0.532,0.41800000000000004,0.0,0.49,0.517,0.0,0.5,0.48400000000000004,0.0,0.51,0.45100000000000007,0.0,0.49,0.41800000000000004,0.0,0.478,0.5225000000000001,0.0,0.488,0.49500000000000005,0.0,0.46799999999999997,0.4675,0.0,0.478,0.44000000000000006,0.0,0.47150000000000003,0.528,0.0,0.4515,0.506,0.0,0.4615,0.48400000000000004,0.0,0.47150000000000003,0.462,0.0,2026-05-22T14:13:58.499096
help,0.5,0.4,0.0,0.47,0.38,0.0,0.46,0.36000000000000004,0.0,0.45,0.34,0.0,0.41000000000000003,0.28,0.0,0.52,0.37,0.0,0.52,0.34,0.0,0.52,0.31000000000000005,0.0,0.52,0.30000000000000004,0.0,0.5,0.37,0.0,0.5,0.34,0.0,0.5,0.31000000000000005,0.0,0.5,0.30000000000000004,0.0,0.48,0.375,0.0,0.48,0.35000000000000003,0.0,0.48,0.325,0.0,0.48,0.32000000000000006,0.0,0.46499999999999997,0.38,0.0,0.46499999999999997,0.36000000000000004,0.0,0.46499999999999997,0.34,0.0,0.46499999999999997,0.34,0.0,0.5,0.55,0.0,0.533,0.528,0.0,0.544,0.506,0.0,0.555,0.48400000000000004,0.0,0.5660000000000001,0.462,0.0,0.532,0.517,0.0,0.512,0.48400000000000004,0.0,0.522,0.45100000000000007,0.0,0.532,0.41800000000000004,0.0,0.49,0.517,0.0,0.5,0.48400000000000004,0.0,0.51,0.45100000000000007,0.0,0.49,0.41800000000000004,0.0,0.478,0.5225000000000001,0.0,0.488,0.49500000000000005,0.0,0.46799999999999997,0.4675,0.0,0.478,0.44000000000000006,0.0,0.47150000000000003,0.528,0.0,0.4515,0.506,0.0,0.4615,0.48400000000000004,0.0,0.47150000000000003,0.462,0.0,2026-05-22T14:13:58.499096
help,0.5,0.4,0.0,0.53,0.38,0.0,0.54,0.36000000000000004,0.0,0.55,0.34,0.0,0.5900000000000001,0.28,0.0,0.52,0.37,0.0,0.52,0.34,0.0,0.52,0.31000000000000005,0.0,0.52,0.30000000000000004,0.0,0.5,0.37,0.0,0.5,0.34,0.0,0.5,0.31000000000000005,0.0,0.5,0.30000000000000004,0.0,0.48,0.375,0.0,0.48,0.35000000000000003,0.0,0.48,0.325,0.0,0.48,0.32000000000000006,0.0,0.46499999999999997,0.38,0.0,0.46499999999999997,0.36000000000000004,0.0,0.46499999999999997,0.34,0.0,0.46499999999999997,0.34,0.0,0.5,0.55,0.0,0.533,0.528,0.0,0.544,0.506,0.0,0.555,0.48400000000000004,0.0,0.5660000000000001,0.462,0.0,0.532,0.517,0.0,0.512,0.48400000000000004,0.0,0.522,0.45100000000000007,0.0,0.532,0.41800000000000004,0.0,0.49,0.517,0.0,0.5,0.48400000000000004,0.0,0.51,0.45100000000000007,0.0,0.49,0.41800000000000004,0.0,0.478,0.5225000000000001,0.0,0.488,0.49500000000000005,0.0,0.46799999999999997,0.4675,0.0,0.478,0.44000000000000006,0.0,0.47150000000000003,0.528,0.0,0.4515,0.506,0.0,0.4615,0.48400000000000004,0.0,0.47150000000000003,0.462,0.0,2026-05-22T14:13:58.499096
help,0.5,0.4,0.0,0.47,0.38,0.0,0.46,0.36000000000000004,0.0,0.45,0.34,0.0,0.41000000000000003,0.28,0.0,0.52,0.37,0.0,0.52,0.34,0.0,0.52,0.31000000000000005,0.0,0.52,0.30000000000000004,0.0,0.5,0.37,0.0,0.5,0.34,0.0,0.5,0.31000000000000005,0.0,0.5,0.30000000000000004,0.0,0.48,0.375,0.0,0.48,0.35000000000000003,0.0,0.48,0.325,0.0,0.48,0.32000000000000006,0.0,0.46499999999999997,0.38,0.0,0.46499999999999997,0.36000000000000004,0.0,0.46499999999999997,0.34,0.0,0.46499999999999997,0.34,0.0,0.5,0.55,0.0,0.533,0.528,0.0,0.544,0.506,0.0,0.555,0.48400000000000004,0.0,0.5660000000000001,0.462,0.0,0.532,0.517,0.0,0.512,0.48400000000000004,0.0,0.522,0.45100000000000007,0.0,0.532,0.41800000000000004,0.0,0.49,0.517,0.0,0.5,0.48400000000000004,0.0,0.51,0.45100000000000007,0.0,0.49,0.41800000000000004,0.0,0.478,0.5225000000000001,0.0,0.488,0.49500000000000005,0.0,0.46799999999999997,0.4675,0.0,0.478,0.44000000000000006,0.0,0.47150000000000003,0.528,0.0,0.4515,0.506,0.0,0.4615,0.48400000000000004,0.0,0.47150000000000003,0.462,0.0,2026-05-22T14:13:58.499096
help,0.5,0.4,0.0,0.47,0.38,0.0,0.46,0.36000000000000004,0.0,0.45,0.34,0.0,0.41000000000000003,0.28,0.0,0.52,0.37,0.0,0.52,0.34,0.0,0.52,0.31000000000000005,0.0,0.52,0.30000000000000004,0.0,0.5,0.37,0.0,0.5,0.34,0.0,0.5,0.31000000000000005,0.0,0.5,0.30000000000000004,0.0,0.48,0.375,0.0,0.48,0.35000000000000003,0.0,0.48,0.325,0.0,0.48,0.32000000000000006,0.0,0.46499999999999997,0.38,0.0,0.46499999999999997,0.36000000000000004,0.0,0.46499999999999997,0.34,0.0,0.46499999999999997,0.34,0.0,0.5,0.55,0.0,0.533,0.528,0.0,0.544,0.506,0.0,0.555,0.48400000000000004,0.0,0.5660000000000001,0.462,0.0,0.532,0.517,0.0,0.512,0.48400000000000004,0.0,0.522,0.45100000000000007,0.0,0.532,0.41800000000000004,0.0,0.49,0.517,0.0,0.5,0.48400000000000004,0.0,0.51,0.45100000000000007,0.0,0.49,0.41800000000000004,0.0,0.478,0.5225000000000001,0.0,0.488,0.49500000000000005,0.0,0.46799999999999997,0.4675,0.0,0.478,0.44000000000000006,0.0,0.47150000000000003,0.528,0.0,0.4515,0.506,0.0,0.4615,0.48400000000000004,0.0,0.47150000000000003,0.462,0.0,2026-05-22T14:13:58.499096
help,0.5,0.4,0.0,0.47,0.38,0.0,0.46,0.36000000000000004,0.0,0.45,0.34,0.0,0.41000000000000003,0.28,0.0,0.52,0.37,0.0,0.52,0.34,0.0,0.52,0.31000000000000005,0.0,0.52,0.30000000000000004,0.0,0.5,0.37,0.0,0.5,0.34,0.0,0.5,0.31000000000000005,0.0,0.5,0.30000000000000004,0.0,0.48,0.375,0.0,0.48,0.35000000000000003,0.0,0.48,0.325,0.0,0.48,0.32000000000000006,0.0,0.46499999999999997,0.38,0.0,0.46499999999999997,0.36000000000000004,0.0,0.46499999999999997,0.34,0.0,0.46499999999999997,0.34,0.0,0.5,0.55,0.0,0.533,0.528,0.0,0.544,0.506,0.0,0.555,0.48400000000000004,0.0,0.5660000000000001,0.462,0.0,0.532,0.517,0.0,0.512,0.48400000000000004,0.0,0.522,0.45100000000000007,0.0,0.532,0.41800000000000004,0.0,0.49,0.517,0.0,0.5,0.48400000000000004,0.0,0.51,0.45100000000000007,0.0,0.49,0.41800000000000004,0.0,0.478,0.5225000000000001,0.0,0.488,0.49500000000000005,0.0,0.46799999999999997,0.4675,0.0,0.478,0.44000000000000006,0.0,0.47150000000000003,0.528,0.0,0.4515,0.506,0.0,0.4615,0.48400000000000004,0.0,0.47150000000000003,0.462,0.0,2026-05-22T14:13:58.499096
help,0.5,0.4,0.0,0.47,0.38,0.0,0.46,0.36000000000000004,0.0,0.45,0.34,0.0,0.41000000000000003,0.28,0.0,0.52,0.37,0.0,0.52,0.34,0.0,0.52,0.31000000000000005,0.0,0.52,0.30000000000000004,0.0,0.5,0.37,0.0,0.5,0.34,0.0,0.5,0.31000000000000005,0.0,0.5,0.30000000000000004,0.0,0.48,0.375,0.0,0.48,0.35000000000000003,0.0,0.48,0.325,0.0,0.48,0.32000000000000006,0.0,0.46499999999999997,0.38,0.0,0.46499999999999997,0.36000000000000004,0.0,0.46499999999999997,0.34,0.0,0.46499999999999997,0.34,0.0,0.5,0.55,0.0,0.533,0.528,0.0,0.544,0.506,0.0,0.555,0.48400000000000004,0.0,0.5660000000000001,0.462,0.0,0.532,0.517,0.0,0.512,0.48400000000000004,0.0,0.522,0.45100000000000007,0.0,0.532,0.41800000000000004,0.0,0.49,0.517,0.0,0.5,0.48400000000000004,0.0,0.51,0.45100000000000007,0.0,0.49,0.41800000000000004,0.0,0.478,0.5225000000000001,0.0,0.488,0.49500000000000005,0.0,0.46799999999999997,0.4675,0.0,0.478,0.44000000000000006,0.0,0.47150000000000003,0.528,0.0,0.4515,0.506,0.0,0.4615,0.48400000000000004,0.0,0.47150000000000003,0.462,0.0,2026-05-22T14:13:58.499096
help,0.5,0.4,0.0,0.47,0.38,0.0,0.46,0.36000000000000004,0.0,0.45,0.34,0.0,0.41000000000000003,0.28,0.0,0.52,0.37,0.0,0.52,0.34,0.0,0.52,0.31000000000000005,0.0,0.52,0.30000000000000004,0.0,0.5,0.37,0.0,0.5,0.34,0.0,0.5,0.31000000000000005,0.0,0.5,0.30000000000000004,0.0,0.48,0.375,0.0,0.48,0.35000000000000003,0.0,0.48,0.325,0.0,0.48,0.32000000000000006,0.0,0.46499999999999997,0.38,0.0,0.46499999999999997,0.36000000000000004,0.0,0.46499999999999997,0.34,0.0,0.46499999999999997,0.34,0.0,0.5,0.55,0.0,0.533,0.528,0.0,0.544,0.506,0.0,0.555,0.48400000000000004,0.0,0.5660000000000001,0.462,0.0,0.532,0.517,0.0,0.512,0.48400000000000004,0.0,0.522,0.45100000000000007,0.0,0.532,0.41800000000000004,0.0,0.49,0.517,0.0,0.5,0.48400000000000004,0.0,0.51,0.45100000000000007,0.0,0.49,0.41800000000000004,0.0,0.478,0.5225000000000001,0.0,0.488,0.49500000000000005,0.0,0.46799999999999997,0.4675,0.0,0.478,0.44000000000000006,0.0,0.47150000000000003,0.528,0.0,0.4515,0.506,0.0,0.4615,0.48400000000000004,0.0,0.47150000000000003,0.462,0.0,2026-05-22T14:13:58.500319
help,0.5,0.4,0.0,0.53,0.38,0.0,0.54,0.36000000000000004,0.0,0.55,0.34,0.0,0.5900000000000001,0.28,0.0,0.52,0.37,0.0,0.52,0.34,0.0,0.52,0.31000000000000005,0.0,0.52,0.30000000000000004,0.0,0.5,0.37,0.0,0.5,0.34,0.0,0.5,0.31000000000000005,0.0,0.5,0.30000000000000004,0.0,0.48,0.375,0.0,0.48,0.35000000000000003,0.0,0.48,0.325,0.0,0.48,0.32000000000000006,0.0,0.46499999999999997,0.38,0.0,0.46499999999999997,0.36000000000000004,0.0,0.46499999999999997,0.34,0.0,0.46499999999999997,0.34,0.0,0.5,0.55,0.0,0.533,0.528,0.0,0.544,0.506,0.0,0.555,0.48400000000000004,0.0,0.5660000000000001,0.462,0.0,0.532,0.517,0.0,0.512,0.48400000000000004,0.0,0.522,0.45100000000000007,0.0,0.532,0.41800000000000004,0.0,0.49,0.517,0.0,0.5,0.48400000000000004,0.0,0.51,0.45100000000000007,0.0,0.49,0.41800000000000004,0.0,0.478,0.5225000000000001,0.0,0.488,0.49500000000000005,0.0,0.46799999999999997,0.4675,0.0,0.478,0.44000000000000006,0.0,0.47150000000000003,0.528,0.0,0.4515,0.506,0.0,0.4615,0.48400000000000004,0.0,0.47150000000000003,0.462,0.0,2026-05-22T14:13:58.500319
help,0.5,0.4,0.0,0.47,0.38,0.0,0.46,0.36000000000000004,0.0,0.45,0.34,0.0,0.41000000000000003,0.28,0.0,0.52,0.37,0.0,0.52,0.34,0.0,0.52,0.31000000000000005,0.0,0.52,0.30000000000000004,0.0,0.5,0.37,0.0,0.5,0.34,0.0,0.5,0.31000000000000005,0.0,0.5,0.30000000000000004,0.0,0.48,0.375,0.0,0.48,0.35000000000000003,0.0,0.48,0.325,0.0,0.48,0.32000000000000006,0.0,0.46499999999999997,0.38,0.0,0.46499999999999997,0.36000000000000004,0.0,0.46499999999999997,0.34,0.0,0.46499999999999997,0.34,0.0,0.5,0.55,0.0,0.533,0.528,0.0,0.544,0.506,0.0,0.555,0.48400000000000004,0.0,0.5660000000000001,0.462,0.0,0.532,0.517,0.0,0.512,0.48400000000000004,0.0,0.522,0.45100000000000007,0.0,0.532,0.41800000000000004,0.0,0.49,0.517,0.0,0.5,0.48400000000000004,0.0,0.51,0.45100000000000007,0.0,0.49,0.41800000000000004,0.0,0.478,0.5225000000000001,0.0,0.488,0.49500000000000005,0.0,0.46799999999999997,0.4675,0.0,0.478,0.44000000000000006,0.0,0.47150000000000003,0.528,0.0,0.4515,0.506,0.0,0.4615,0.48400000000000004,0.0,0.47150000000000003,0.462,0.0,2026-05-22T14:13:58.500319
help,0.5,0.4,0.0,0.47,0.38,0.0,0.46,0.36000000000000004,0.0,0.45,0.34,0.0,0.41000000000000003,0.28,0.0,0.52,0.37,0.0,0.52,0.34,0.0,0.52,0.31000000000000005,0.0,0.52,0.30000000000000004,0.0,0.5,0.37,0.0,0.5,0.34,0.0,0.5,0.31000000000000005,0.0,0.5,0.30000000000000004,0.0,0.48,0.375,0.0,0.48,0.35000000000000003,0.0,0.48,0.325,0.0,0.48,0.32000000000000006,0.0,0.46499999999999997,0.38,0.0,0.46499999999999997,0.36000000000000004,0.0,0.46499999999999997,0.34,0.0,0.46499999999999997,0.34,0.0,0.5,0.55,0.0,0.533,0.528,0.0,0.544,0.506,0.0,0.555,0.48400000000000004,0.0,0.5660000000000001,0.462,0.0,0.532,0.517,0.0,0.512,0.48400000000000004,0.0,0.522,0.45100000000000007,0.0,0.532,0.41800000000000004,0.0,0.49,0.517,0.0,0.5,0.48400000000000004,0.0,0.51,0.45100000000000007,0.0,0.49,0.41800000000000004,0.0,0.478,0.5225000000000001,0.0,0.488,0.49500000000000005,0.0,0.46799999999999997,0.4675,0.0,0.478,0.44000000000000006,0.0,0.47150000000000003,0.528,0.0,0.4515,0.506,0.0,0.4615,0.48400000000000004,0.0,0.47150000000000003,0.462,0.0,2026-05-22T14:13:58.500319
help,0.5,0.4,0.0,0.47,0.38,0.0,0.46,0.36000000000000004,0.0,0.45,0.34,0.0,0.41000000000000003,0.28,0.0,0.52,0.37,0.0,0.52,0.34,0.0,0.52,0.31000000000000005,0.0,0.52,0.30000000000000004,0.0,0.5,0.37,0.0,0.5,0.34,0.0,0.5,0.31000000000000005,0.0,0.5,0.30000000000000004,0.0,0.48,0.375,0.0,0.48,0.35000000000000003,0.0,0.48,0.325,0.0,0.48,0.32000000000000006,0.0,0.46499999999999997,0.38,0.0,0.46499999999999997,0.36000000000000004,0.0,0.46499999999999997,0.34,0.0,0.46499999999999997,0.34,0.0,0.5,0.55,0.0,0.533,0.528,0.0,0.544,0.506,0.0,0.555,0.48400000000000004,0.0,0.5660000000000001,0.462,0.0,0.532,0.517,0.0,0.512,0.48400000000000004,0.0,0.522,0.45100000000000007,0.0,0.532,0.41800000000000004,0.0,0.49,0.517,0.0,0.5,0.48400000000000004,0.0,0.51,0.45100000000000007,0.0,0.49,0.41800000000000004,0.0,0.478,0.5225000000000001,0.0,0.488,0.49500000000000005,0.0,0.46799999999999997,0.4675,0.0,0.478,0.44000000000000006,0.0,0.47150000000000003,0.528,0.0,0.4515,0.506,0.0,0.4615,0.48400000000000004,0.0,0.47150000000000003,0.462,0.0,2026-05-22T14:13:58.500319
help,0.5,0.4,0.0,0.53,0.38,0.0,0.54,0.36000000000000004,0.0,0.55,0.34,0.0,0.5900000000000001,0.28,0.0,0.52,0.37,0.0,0.52,0.34,0.0,0.52,0.31000000000000005,0.0,0.52,0.30000000000000004,0.0,0.5,0.37,0.0,0.5,0.34,0.0,0.5,0.31000000000000005,0.0,0.5,0.30000000000000004,0.0,0.48,0.375,0.0,0.48,0.35000000000000003,0.0,0.48,0.325,0.0,0.48,0.32000000000000006,0.0,0.46499999999999997,0.38,0.0,0.46499999999999997,0.36000000000000004,0.0,0.46499999999999997,0.34,0.0,0.46499999999999997,0.34,0.0,0.5,0.55,0.0,0.533,0.528,0.0,0.544,0.506,0.0,0.555,0.48400000000000004,0.0,0.5660000000000001,0.462,0.0,0.532,0.517,0.0,0.512,0.48400000000000004,0.0,0.522,0.45100000000000007,0.0,0.532,0.41800000000000004,0.0,0.49,0.517,0.0,0.5,0.48400000000000004,0.0,0.51,0.45100000000000007,0.0,0.49,0.41800000000000004,0.0,0.478,0.5225000000000001,0.0,0.488,0.49500000000000005,0.0,0.46799999999999997,0.4675,0.0,0.478,0.44000000000000006,0.0,0.47150000000000003,0.528,0.0,0.4515,0.506,0.0,0.4615,0.48400000000000004,0.0,0.47150000000000003,0.462,0.0,2026-05-22T14:13:58.500319
help,0.5,0.4,0.0,0.47,0.38,0.0,0.46,0.36000000000000004,0.0,0.45,0.34,0.0,0.41000000000000003,0.28,0.0,0.52,0.37,0.0,0.52,0.34,0.0,0.52,0.31000000000000005,0.0,0.52,0.30000000000000004,0.0,0.5,0.37,0.0,0.5,0.34,0.0,0.5,0.31000000000000005,0.0,0.5,0.30000000000000004,0.0,0.48,0.375,0.0,0.48,0.35000000000000003,0.0,0.48,0.325,0.0,0.48,0.32000000000000006,0.0,0.46499999999999997,0.38,0.0,0.46499999999999997,0.36000000000000004,0.0,0.46499999999999997,0.34,0.0,0.46499999999999997,0.34,0.0,0.5,0.55,0.0,0.533,0.528,0.0,0.544,0.506,0.0,0.555,0.48400000000000004,0.0,0.5660000000000001,0.462,0.0,0.532,0.517,0.0,0.512,0.48400000000000004,0.0,0.522,0.45100000000000007,0.0,0.532,0.41800000000000004,0.0,0.49,0.517,0.0,0.5,0.48400000000000004,0.0,0.51,0.45100000000000007,0.0,0.49,0.41800000000000004,0.0,0.478,0.5225000000000001,0.0,0.488,0.49500000000000005,0.0,0.46799999999999997,0.4675,0.0,0.478,0.44000000000000006,0.0,0.47150000000000003,0.528,0.0,0.4515,0.506,0.0,0.4615,0.48400000000000004,0.0,0.47150000000000003,0.462,0.0,2026-05-22T14:13:58.500319
help,0.5,0.4,0.0,0.47,0.38,0.0,0.46,0.36000000000000004,0.0,0.45,0.34,0.0,0.41000000000000003,0.28,0.0,0.52,0.37,0.0,0.52,0.34,0.0,0.52,0.31000000000000005,0.0,0.52,0.30000000000000004,0.0,0.5,0.37,0.0,0.5,0.34,0.0,0.5,0.31000000000000005,0.0,0.5,0.30000000000000004,0.0,0.48,0.375,0.0,0.48,0.35000000000000003,0.0,0.48,0.325,0.0,0.48,0.32000000000000006,0.0,0.46499999999999997,0.38,0.0,0.46499999999999997,0.36000000000000004,0.0,0.46499999999999997,0.34,0.0,0.46499999999999997,0.34,0.0,0.5,0.55,0.0,0.533,0.528,0.0,0.544,0.506,0.0,0.555,0.48400000000000004,0.0,0.5660000000000001,0.462,0.0,0.532,0.517,0.0,0.512,0.48400000000000004,0.0,0.522,0.45100000000000007,0.0,0.532,0.41800000000000004,0.0,0.49,0.517,0.0,0.5,0.48400000000000004,0.0,0.51,0.45100000000000007,0.0,0.49,0.41800000000000004,0.0,0.478,0.5225000000000001,0.0,0.488,0.49500000000000005,0.0,0.46799999999999997,0.4675,0.0,0.478,0.44000000000000006,0.0,0.47150000000000003,0.528,0.0,0.4515,0.506,0.0,0.4615,0.48400000000000004,0.0,0.47150000000000003,0.462,0.0,2026-05-22T14:13:58.500319
help,0.5,0.4,0.0,0.53,0.38,0.0,0.54,0.36000000000000004,0.0,0.55,0.34,0.0,0.5900000000000001,0.28,0.0,0.52,0.37,0.0,0.52,0.34,0.0,0.52,0.31000000000000005,0.0,0.52,0.30000000000000004,0.0,0.5,0.37,0.0,0.5,0.34,0.0,0.5,0.31000000000000005,0.0,0.5,0.30000000000000004,0.0,0.48,0.375,0.0,0.48,0.35000000000000003,0.0,0.48,0.325,0.0,0.48,0.32000000000000006,0.0,0.46499999999999997,0.38,0.0,0.46499999999999997,0.36000000000000004,0.0,0.46499999999999997,0.34,0.0,0.46499999999999997,0.34,0.0,0.5,0.55,0.0,0.533,0.528,0.0,0.544,0.506,0.0,0.555,0.48400000000000004,0.0,0.5660000000000001,0.462,0.0,0.532,0.517,0.0,0.512,0.48400000000000004,0.0,0.522,0.45100000000000007,0.0,0.532,0.41800000000000004,0.0,0.49,0.517,0.0,0.5,0.48400000000000004,0.0,0.51,0.45100000000000007,0.0,0.49,0.41800000000000004,0.0,0.478,0.5225000000000001,0.0,0.488,0.49500000000000005,0.0,0.46799999999999997,0.4675,0.0,0.478,0.44000000000000006,0.0,0.47150000000000003,0.528,0.0,0.4515,0.506,0.0,0.4615,0.48400000000000004,0.0,0.47150000000000003,0.462,0.0,2026-05-22T14:13:58.500319
help,0.5,0.4,0.0,0.47,0.38,0.0,0.46,0.36000000000000004,0.0,0.45,0.34,0.0,0.41000000000000003,0.28,0.0,0.52,0.37,0.0,0.52,0.34,0.0,0.52,0.31000000000000005,0.0,0.52,0.30000000000000004,0.0,0.5,0.37,0.0,0.5,0.34,0.0,0.5,0.31000000000000005,0.0,0.5,0.30000000000000004,0.0,0.48,0.375,0.0,0.48,0.35000000000000003,0.0,0.48,0.325,0.0,0.48,0.32000000000000006,0.0,0.46499999999999997,0.38,0.0,0.46499999999999997,0.36000000000000004,0.0,0.46499999999999997,0.34,0.0,0.46499999999999997,0.34,0.0,0.5,0.55,0.0,0.533,0.528,0.0,0.544,0.506,0.0,0.555,0.48400000000000004,0.0,0.5660000000000001,0.462,0.0,0.532,0.517,0.0,0.512,0.48400000000000004,0.0,0.522,0.45100000000000007,0.0,0.532,0.41800000000000004,0.0,0.49,0.517,0.0,0.5,0.48400000000000004,0.0,0.51,0.45100000000000007,0.0,0.49,0.41800000000000004,0.0,0.478,0.5225000000000001,0.0,0.488,0.49500000000000005,0.0,0.46799999999999997,0.4675,0.0,0.478,0.44000000000000006,0.0,0.47150000000000003,0.528,0.0,0.4515,0.506,0.0,0.4615,0.48400000000000004,0.0,0.47150000000000003,0.462,0.0,2026-05-22T14:13:58.500319
help,0.5,0.4,0.0,0.53,0.38,0.0,0.54,0.36000000000000004,0.0,0.55,0.34,0.0,0.5900000000000001,0.28,0.0,0.52,0.37,0.0,0.52,0.34,0.0,0.52,0.31000000000000005,0.0,0.52,0.30000000000000004,0.0,0.5,0.37,0.0,0.5,0.34,0.0,0.5,0.31000000000000005,0.0,0.5,0.30000000000000004,0.0,0.48,0.375,0.0,0.48,0.35000000000000003,0.0,0.48,0.325,0.0,0.48,0.32000000000000006,0.0,0.46499999999999997,0.38,0.0,0.46499999999999997,0.36000000000000004,0.0,0.46499999999999997,0.34,0.0,0.46499999999999997,0.34,0.0,0.5,0.55,0.0,0.533,0.528,0.0,0.544,0.506,0.0,0.555,0.48400000000000004,0.0,0.5660000000000001,0.462,0.0,0.532,0.517,0.0,0.512,0.48400000000000004,0.0,0.522,0.45100000000000007,0.0,0.532,0.41800000000000004,0.0,0.49,0.517,0.0,0.5,0.48400000000000004,0.0,0.51,0.45100000000000007,0.0,0.49,0.41800000000000004,0.0,0.478,0.5225000000000001,0.0,0.488,0.49500000000000005,0.0,0.46799999999999997,0.4675,0.0,0.478,0.44000000000000006,0.0,0.47150000000000003,0.528,0.0,0.4515,0.506,0.0,0.4615,0.48400000000000004,0.0,0.47150000000000003,0.462,0.0,2026-05-22T14:13:58.500319
help,0.5,0.4,0.0,0.53,0.38,0.0,0.54,0.36000000000000004,0.0,0.55,0.34,0.0,0.5900000000000001,0.28,0.0,0.52,0.37,0.0,0.52,0.34,0.0,0.52,0.31000000000000005,0.0,0.52,0.30000000000000004,0.0,0.5,0.37,0.0,0.5,0.34,0.0,0.5,0.31000000000000005,0.0,0.5,0.30000000000000004,0.0,0.48,0.375,0.0,0.48,0.35000000000000003,0.0,0.48,0.325,0.0,0.48,0.32000000000000006,0.0,0.46499999999999997,0.38,0.0,0.46499999999999997,0.36000000000000004,0.0,0.46499999999999997,0.34,0.0,0.46499999999999997,0.34,0.0,0.5,0.55,0.0,0.533,0.528,0.0,0.544,0.506,0.0,0.555,0.48400000000000004,0.0,0.5660000000000001,0.462,0.0,0.532,0.517,0.0,0.512,0.48400000000000004,0.0,0.522,0.45100000000000007,0.0,0.532,0.41800000000000004,0.0,0.49,0.517,0.0,0.5,0.48400000000000004,0.0,0.51,0.45100000000000007,0.0,0.49,0.41800000000000004,0.0,0.478,0.5225000000000001,0.0,0.488,0.49500000000000005,0.0,0.46799999999999997,0.4675,0.0,0.478,0.44000000000000006,0.0,0.47150000000000003,0.528,0.0,0.4515,0.506,0.0,0.4615,0.48400000000000004,0.0,0.47150000000000003,0.462,0.0,2026-05-22T14:13:58.500319
help,0.5,0.4,0.0,0.47,0.38,0.0,0.46,0.36000000000000004,0.0,0.45,0.34,0.0,0.41000000000000003,0.28,0.0,0.52,0.37,0.0,0.52,0.34,0.0,0.52,0.31000000000000005,0.0,0.52,0.30000000000000004,0.0,0.5,0.37,0.0,0.5,0.34,0.0,0.5,0.31000000000000005,0.0,0.5,0.30000000000000004,0.0,0.48,0.375,0.0,0.48,0.35000000000000003,0.0,0.48,0.325,0.0,0.48,0.32000000000000006,0.0,0.46499999999999997,0.38,0.0,0.46499999999999997,0.36000000000000004,0.0,0.46499999999999997,0.34,0.0,0.46499999999999997,0.34,0.0,0.5,0.55,0.0,0.533,0.528,0.0,0.544,0.506,0.0,0.555,0.48400000000000004,0.0,0.5660000000000001,0.462,0.0,0.532,0.517,0.0,0.512,0.48400000000000004,0.0,0.522,0.45100000000000007,0.0,0.532,0.41800000000000004,0.0,0.49,0.517,0.0,0.5,0.48400000000000004,0.0,0.51,0.45100000000000007,0.0,0.49,0.41800000000000004,0.0,0.478,0.5225000000000001,0.0,0.488,0.49500000000000005,0.0,0.46799999999999997,0.4675,0.0,0.478,0.44000000000000006,0.0,0.47150000000000003,0.528,0.0,0.4515,0.506,0.0,0.4615,0.48400000000000004,0.0,0.47150000000000003,0.462,0.0,2026-05-22T14:13:58.500319
help,0.5,0.4,0.0,0.47,0.38,0.0,0.46,0.36000000000000004,0.0,0.45,0.34,0.0,0.41000000000000003,0.28,0.0,0.52,0.37,0.0,0.52,0.34,0.0,0.52,0.31000000000000005,0.0,0.52,0.30000000000000004,0.0,0.5,0.37,0.0,0.5,0.34,0.0,0.5,0.31000000000000005,0.0,0.5,0.30000000000000004,0.0,0.48,0.375,0.0,0.48,0.35000000000000003,0.0,0.48,0.325,0.0,0.48,0.32000000000000006,0.0,0.46499999999999997,0.38,0.0,0.46499999999999997,0.36000000000000004,0.0,0.46499999999999997,0.34,0.0,0.46499999999999997,0.34,0.0,0.5,0.55,0.0,0.533,0.528,0.0,0.544,0.506,0.0,0.555,0.48400000000000004,0.0,0.5660000000000001,0.462,0.0,0.532,0.517,0.0,0.512,0.48400000000000004,0.0,0.522,0.45100000000000007,0.0,0.532,0.41800000000000004,0.0,0.49,0.517,0.0,0.5,0.48400000000000004,0.0,0.51,0.45100000000000007,0.0,0.49,0.41800000000000004,0.0,0.478,0.5225000000000001,0.0,0.488,0.49500000000000005,0.0,0.46799999999999997,0.4675,0.0,0.478,0.44000000000000006,0.0,0.47150000000000003,0.528,0.0,0.4515,0.506,0.0,0.4615,0.48400000000000004,0.0,0.47150000000000003,0.462,0.0,2026-05-22T14:13:58.500319
help,0.5,0.4,0.0,0.47,0.38,0.0,0.46,0.36000000000000004,0.0,0.45,0.34,0.0,0.41000000000000003,0.28,0.0,0.52,0.37,0.0,0.52,0.34,0.0,0.52,0.31000000000000005,0.0,0.52,0.30000000000000004,0.0,0.5,0.37,0.0,0.5,0.34,0.0,0.5,0.31000000000000005,0.0,0.5,0.30000000000000004,0.0,0.48,0.375,0.0,0.48,0.35000000000000003,0.0,0.48,0.325,0.0,0.48,0.32000000000000006,0.0,0.46499999999999997,0.38,0.0,0.46499999999999997,0.36000000000000004,0.0,0.46499999999999997,0.34,0.0,0.46499999999999997,0.34,0.0,0.5,0.55,0.0,0.533,0.528,0.0,0.544,0.506,0.0,0.555,0.48400000000000004,0.0,0.5660000000000001,0.462,0.0,0.532,0.517,0.0,0.512,0.48400000000000004,0.0,0.522,0.45100000000000007,0.0,0.532,0.41800000000000004,0.0,0.49,0.517,0.0,0.5,0.48400000000000004,0.0,0.51,0.45100000000000007,0.0,0.49,0.41800000000000004,0.0,0.478,0.5225000000000001,0.0,0.488,0.49500000000000005,0.0,0.46799999999999997,0.4675,0.0,0.478,0.44000000000000006,0.0,0.47150000000000003,0.528,0.0,0.4515,0.506,0.0,0.4615,0.48400000000000004,0.0,0.47150000000000003,0.462,0.0,2026-05-22T14:13:58.500319
help,0.5,0.4,0.0,0.47,0.38,0.0,0.46,0.36000000000000004,0.0,0.45,0.34,0.0,0.41000000000000003,0.28,0.0,0.52,0.37,0.0,0.52,0.34,0.0,0.52,0.31000000000000005,0.0,0.52,0.30000000000000004,0.0,0.5,0.37,0.0,0.5,0.34,0.0,0.5,0.31000000000000005,0.0,0.5,0.30000000000000004,0.0,0.48,0.375,0.0,0.48,0.35000000000000003,0.0,0.48,0.325,0.0,0.48,0.32000000000000006,0.0,0.46499999999999997,0.38,0.0,0.46499999999999997,0.36000000000000004,0.0,0.46499999999999997,0.34,0.0,0.46499999999999997,0.34,0.0,0.5,0.55,0.0,0.533,0.528,0.0,0.544,0.506,0.0,0.555,0.48400000000000004,0.0,0.5660000000000001,0.462,0.0,0.532,0.517,0.0,0.512,0.48400000000000004,0.0,0.522,0.45100000000000007,0.0,0.532,0.41800000000000004,0.0,0.49,0.517,0.0,0.5,0.48400000000000004,0.0,0.51,0.45100000000000007,0.0,0.49,0.41800000000000004,0.0,0.478,0.5225000000000001,0.0,0.488,0.49500000000000005,0.0,0.46799999999999997,0.4675,0.0,0.478,0.44000000000000006,0.0,0.47150000000000003,0.528,0.0,0.4515,0.506,0.0,0.4615,0.48400000000000004,0.0,0.47150000000000003,0.462,0.0,2026-05-22T14:13:58.500319
help,0.5,0.4,0.0,0.47,0.38,0.0,0.46,0.36000000000000004,0.0,0.45,0.34,0.0,0.41000000000000003,0.28,0.0,0.52,0.37,0.0,0.52,0.34,0.0,0.52,0.31000000000000005,0.0,0.52,0.30000000000000004,0.0,0.5,0.37,0.0,0.5,0.34,0.0,0.5,0.31000000000000005,0.0,0.5,0.30000000000000004,0.0,0.48,0.375,0.0,0.48,0.35000000000000003,0.0,0.48,0.325,0.0,0.48,0.32000000000000006,0.0,0.46499999999999997,0.38,0.0,0.46499999999999997,0.36000000000000004,0.0,0.46499999999999997,0.34,0.0,0.46499999999999997,0.34,0.0,0.5,0.55,0.0,0.533,0.528,0.0,0.544,0.506,0.0,0.555,0.48400000000000004,0.0,0.5660000000000001,0.462,0.0,0.532,0.517,0.0,0.512,0.48400000000000004,0.0,0.522,0.45100000000000007,0.0,0.532,0.41800000000000004,0.0,0.49,0.517,0.0,0.5,0.48400000000000004,0.0,0.51,0.45100000000000007,0.0,0.49,0.41800000000000004,0.0,0.478,0.5225000000000001,0.0,0.488,0.49500000000000005,0.0,0.46799999999999997,0.4675,0.0,0.478,0.44000000000000006,0.0,0.47150000000000003,0.528,0.0,0.4515,0.506,0.0,0.4615,0.48400000000000004,0.0,0.47150000000000003,0.462,0.0,2026-05-22T14:13:58.500319
help,0.5,0.4,0.0,0.53,0.38,0.0,0.54,0.36000000000000004,0.0,0.55,0.34,0.0,0.5900000000000001,0.28,0.0,0.52,0.37,0.0,0.52,0.34,0.0,0.52,0.31000000000000005,0.0,0.52,0.30000000000000004,0.0,0.5,0.37,0.0,0.5,0.34,0.0,0.5,0.31000000000000005,0.0,0.5,0.30000000000000004,0.0,0.48,0.375,0.0,0.48,0.35000000000000003,0.0,0.48,0.325,0.0,0.48,0.32000000000000006,0.0,0.46499999999999997,0.38,0.0,0.46499999999999997,0.36000000000000004,0.0,0.46499999999999997,0.34,0.0,0.46499999999999997,0.34,0.0,0.5,0.55,0.0,0.533,0.528,0.0,0.544,0.506,0.0,0.555,0.48400000000000004,0.0,0.5660000000000001,0.462,0.0,0.532,0.517,0.0,0.512,0.48400000000000004,0.0,0.522,0.45100000000000007,0.0,0.532,0.41800000000000004,0.0,0.49,0.517,0.0,0.5,0.48400000000000004,0.0,0.51,0.45100000000000007,0.0,0.49,0.41800000000000004,0.0,0.478,0.5225000000000001,0.0,0.488,0.49500000000000005,0.0,0.46799999999999997,0.4675,0.0,0.478,0.44000000000000006,0.0,0.47150000000000003,0.528,0.0,0.4515,0.506,0.0,0.4615,0.48400000000000004,0.0,0.47150000000000003,0.462,0.0,2026-05-22T14:13:58.500319
help,0.5,0.4,0.0,0.53,0.38,0.0,0.54,0.36000000000000004,0.0,0.55,0.34,0.0,0.5900000000000001,0.28,0.0,0.52,0.37,0.0,0.52,0.34,0.0,0.52,0.31000000000000005,0.0,0.52,0.30000000000000004,0.0,0.5,0.37,0.0,0.5,0.34,0.0,0.5,0.31000000000000005,0.0,0.5,0.30000000000000004,0.0,0.48,0.375,0.0,0.48,0.35000000000000003,0.0,0.48,0.325,0.0,0.48,0.32000000000000006,0.0,0.46499999999999997,0.38,0.0,0.46499999999999997,0.36000000000000004,0.0,0.46499999999999997,0.34,0.0,0.46499999999999997,0.34,0.0,0.5,0.55,0.0,0.533,0.528,0.0,0.544,0.506,0.0,0.555,0.48400000000000004,0.0,0.5660000000000001,0.462,0.0,0.532,0.517,0.0,0.512,0.48400000000000004,0.0,0.522,0.45100000000000007,0.0,0.532,0.41800000000000004,0.0,0.49,0.517,0.0,0.5,0.48400000000000004,0.0,0.51,0.45100000000000007,0.0,0.49,0.41800000000000004,0.0,0.478,0.5225000000000001,0.0,0.488,0.49500000000000005,0.0,0.46799999999999997,0.4675,0.0,0.478,0.44000000000000006,0.0,0.47150000000000003,0.528,0.0,0.4515,0.506,0.0,0.4615,0.48400000000000004,0.0,0.47150000000000003,0.462,0.0,2026-05-22T14:13:58.500319
help,0.5,0.4,0.0,0.47,0.38,0.0,0.46,0.36000000000000004,0.0,0.45,0.34,0.0,0.41000000000000003,0.28,0.0,0.52,0.37,0.0,0.52,0.34,0.0,0.52,0.31000000000000005,0.0,0.52,0.30000000000000004,0.0,0.5,0.37,0.0,0.5,0.34,0.0,0.5,0.31000000000000005,0.0,0.5,0.30000000000000004,0.0,0.48,0.375,0.0,0.48,0.35000000000000003,0.0,0.48,0.325,0.0,0.48,0.32000000000000006,0.0,0.46499999999999997,0.38,0.0,0.46499999999999997,0.36000000000000004,0.0,0.46499999999999997,0.34,0.0,0.46499999999999997,0.34,0.0,0.5,0.55,0.0,0.533,0.528,0.0,0.544,0.506,0.0,0.555,0.48400000000000004,0.0,0.5660000000000001,0.462,0.0,0.532,0.517,0.0,0.512,0.48400000000000004,0.0,0.522,0.45100000000000007,0.0,0.532,0.41800000000000004,0.0,0.49,0.517,0.0,0.5,0.48400000000000004,0.0,0.51,0.45100000000000007,0.0,0.49,0.41800000000000004,0.0,0.478,0.5225000000000001,0.0,0.488,0.49500000000000005,0.0,0.46799999999999997,0.4675,0.0,0.478,0.44000000000000006,0.0,0.47150000000000003,0.528,0.0,0.4515,0.506,0.0,0.4615,0.48400000000000004,0.0,0.47150000000000003,0.462,0.0,2026-05-22T14:13:58.500319
help,0.5,0.4,0.0,0.53,0.38,0.0,0.54,0.36000000000000004,0.0,0.55,0.34,0.0,0.5900000000000001,0.28,0.0,0.52,0.37,0.0,0.52,0.34,0.0,0.52,0.31000000000000005,0.0,0.52,0.30000000000000004,0.0,0.5,0.37,0.0,0.5,0.34,0.0,0.5,0.31000000000000005,0.0,0.5,0.30000000000000004,0.0,0.48,0.375,0.0,0.48,0.35000000000000003,0.0,0.48,0.325,0.0,0.48,0.32000000000000006,0.0,0.46499999999999997,0.38,0.0,0.46499999999999997,0.36000000000000004,0.0,0.46499999999999997,0.34,0.0,0.46499999999999997,0.34,0.0,0.5,0.55,0.0,0.533,0.528,0.0,0.544,0.506,0.0,0.555,0.48400000000000004,0.0,0.5660000000000001,0.462,0.0,0.532,0.517,0.0,0.512,0.48400000000000004,0.0,0.522,0.45100000000000007,0.0,0.532,0.41800000000000004,0.0,0.49,0.517,0.0,0.5,0.48400000000000004,0.0,0.51,0.45100000000000007,0.0,0.49,0.41800000000000004,0.0,0.478,0.5225000000000001,0.0,0.488,0.49500000000000005,0.0,0.46799999999999997,0.4675,0.0,0.478,0.44000000000000006,0.0,0.47150000000000003,0.528,0.0,0.4515,0.506,0.0,0.4615,0.48400000000000004,0.0,0.47150000000000003,0.462,0.0,2026-05-22T14:13:58.500319
help,0.5,0.4,0.0,0.53,0.38,0.0,0.54,0.36000000000000004,0.0,0.55,0.34,0.0,0.5900000000000001,0.28,0.0,0.52,0.37,0.0,0.52,0.34,0.0,0.52,0.31000000000000005,0.0,0.52,0.30000000000000004,0.0,0.5,0.37,0.0,0.5,0.34,0.0,0.5,0.31000000000000005,0.0,0.5,0.30000000000000004,0.0,0.48,0.375,0.0,0.48,0.35000000000000003,0.0,0.48,0.325,0.0,0.48,0.32000000000000006,0.0,0.46499999999999997,0.38,0.0,0.46499999999999997,0.36000000000000004,0.0,0.46499999999999997,0.34,0.0,0.46499999999999997,0.34,0.0,0.5,0.55,0.0,0.533,0.528,0.0,0.544,0.506,0.0,0.555,0.48400000000000004,0.0,0.5660000000000001,0.462,0.0,0.532,0.517,0.0,0.512,0.48400000000000004,0.0,0.522,0.45100000000000007,0.0,0.532,0.41800000000000004,0.0,0.49,0.517,0.0,0.5,0.48400000000000004,0.0,0.51,0.45100000000000007,0.0,0.49,0.41800000000000004,0.0,0.478,0.5225000000000001,0.0,0.488,0.49500000000000005,0.0,0.46799999999999997,0.4675,0.0,0.478,0.44000000000000006,0.0,0.47150000000000003,0.528,0.0,0.4515,0.506,0.0,0.4615,0.48400000000000004,0.0,0.47150000000000003,0.462,0.0,2026-05-22T14:13:58.500319
help,0.5,0.4,0.0,0.47,0.38,0.0,0.46,0.36000000000000004,0.0,0.45,0.34,0.0,0.41000000000000003,0.28,0.0,0.52,0.37,0.0,0.52,0.34,0.0,0.52,0.31000000000000005,0.0,0.52,0.30000000000000004,0.0,0.5,0.37,0.0,0.5,0.34,0.0,0.5,0.31000000000000005,0.0,0.5,0.30000000000000004,0.0,0.48,0.375,0.0,0.48,0.35000000000000003,0.0,0.48,0.325,0.0,0.48,0.32000000000000006,0.0,0.46499999999999997,0.38,0.0,0.46499999999999997,0.36000000000000004,0.0,0.46499999999999997,0.34,0.0,0.46499999999999997,0.34,0.0,0.5,0.55,0.0,0.533,0.528,0.0,0.544,0.506,0.0,0.555,0.48400000000000004,0.0,0.5660000000000001,0.462,0.0,0.532,0.517,0.0,0.512,0.48400000000000004,0.0,0.522,0.45100000000000007,0.0,0.532,0.41800000000000004,0.0,0.49,0.517,0.0,0.5,0.48400000000000004,0.0,0.51,0.45100000000000007,0.0,0.49,0.41800000000000004,0.0,0.478,0.5225000000000001,0.0,0.488,0.49500000000000005,0.0,0.46799999999999997,0.4675,0.0,0.478,0.44000000000000006,0.0,0.47150000000000003,0.528,0.0,0.4515,0.506,0.0,0.4615,0.48400000000000004,0.0,0.47150000000000003,0.462,0.0,2026-05-22T14:13:58.500319
help,0.5,0.4,0.0,0.53,0.38,0.0,0.54,0.36000000000000004,0.0,0.55,0.34,0.0,0.5900000000000001,0.28,0.0,0.52,0.37,0.0,0.52,0.34,0.0,0.52,0.31000000000000005,0.0,0.52,0.30000000000000004,0.0,0.5,0.37,0.0,0.5,0.34,0.0,0.5,0.31000000000000005,0.0,0.5,0.30000000000000004,0.0,0.48,0.375,0.0,0.48,0.35000000000000003,0.0,0.48,0.325,0.0,0.48,0.32000000000000006,0.0,0.46499999999999997,0.38,0.0,0.46499999999999997,0.36000000000000004,0.0,0.46499999999999997,0.34,0.0,0.46499999999999997,0.34,0.0,0.5,0.55,0.0,0.533,0.528,0.0,0.544,0.506,0.0,0.555,0.48400000000000004,0.0,0.5660000000000001,0.462,0.0,0.532,0.517,0.0,0.512,0.48400000000000004,0.0,0.522,0.45100000000000007,0.0,0.532,0.41800000000000004,0.0,0.49,0.517,0.0,0.5,0.48400000000000004,0.0,0.51,0.45100000000000007,0.0,0.49,0.41800000000000004,0.0,0.478,0.5225000000000001,0.0,0.488,0.49500000000000005,0.0,0.46799999999999997,0.4675,0.0,0.478,0.44000000000000006,0.0,0.47150000000000003,0.528,0.0,0.4515,0.506,0.0,0.4615,0.48400000000000004,0.0,0.47150000000000003,0.462,0.0,2026-05-22T14:13:58.502017
help,0.5,0.4,0.0,0.53,0.38,0.0,0.54,0.36000000000000004,0.0,0.55,0.34,0.0,0.5900000000000001,0.28,0.0,0.52,0.37,0.0,0.52,0.34,0.0,0.52,0.31000000000000005,0.0,0.52,0.30000000000000004,0.0,0.5,0.37,0.0,0.5,0.34,0.0,0.5,0.31000000000000005,0.0,0.5,0.30000000000000004,0.0,0.48,0.375,0.0,0.48,0.35000000000000003,0.0,0.48,0.325,0.0,0.48,0.32000000000000006,0.0,0.46499999999999997,0.38,0.0,0.46499999999999997,0.36000000000000004,0.0,0.46499999999999997,0.34,0.0,0.46499999999999997,0.34,0.0,0.5,0.55,0.0,0.533,0.528,0.0,0.544,0.506,0.0,0.555,0.48400000000000004,0.0,0.5660000000000001,0.462,0.0,0.532,0.517,0.0,0.512,0.48400000000000004,0.0,0.522,0.45100000000000007,0.0,0.532,0.41800000000000004,0.0,0.49,0.517,0.0,0.5,0.48400000000000004,0.0,0.51,0.45100000000000007,0.0,0.49,0.41800000000000004,0.0,0.478,0.5225000000000001,0.0,0.488,0.49500000000000005,0.0,0.46799999999999997,0.4675,0.0,0.478,0.44000000000000006,0.0,0.47150000000000003,0.528,0.0,0.4515,0.506,0.0,0.4615,0.48400000000000004,0.0,0.47150000000000003,0.462,0.0,2026-05-22T14:13:58.502017
help,0.5,0.4,0.0,0.47,0.38,0.0,0.46,0.36000000000000004,0.0,0.45,0.34,0.0,0.41000000000000003,0.28,0.0,0.52,0.37,0.0,0.52,0.34,0.0,0.52,0.31000000000000005,0.0,0.52,0.30000000000000004,0.0,0.5,0.37,0.0,0.5,0.34,0.0,0.5,0.31000000000000005,0.0,0.5,0.30000000000000004,0.0,0.48,0.375,0.0,0.48,0.35000000000000003,0.0,0.48,0.325,0.0,0.48,0.32000000000000006,0.0,0.46499999999999997,0.38,0.0,0.46499999999999997,0.36000000000000004,0.0,0.46499999999999997,0.34,0.0,0.46499999999999997,0.34,0.0,0.5,0.55,0.0,0.533,0.528,0.0,0.544,0.506,0.0,0.555,0.48400000000000004,0.0,0.5660000000000001,0.462,0.0,0.532,0.517,0.0,0.512,0.48400000000000004,0.0,0.522,0.45100000000000007,0.0,0.532,0.41800000000000004,0.0,0.49,0.517,0.0,0.5,0.48400000000000004,0.0,0.51,0.45100000000000007,0.0,0.49,0.41800000000000004,0.0,0.478,0.5225000000000001,0.0,0.488,0.49500000000000005,0.0,0.46799999999999997,0.4675,0.0,0.478,0.44000000000000006,0.0,0.47150000000000003,0.528,0.0,0.4515,0.506,0.0,0.4615,0.48400000000000004,0.0,0.47150000000000003,0.462,0.0,2026-05-22T14:13:58.502017
help,0.5,0.4,0.0,0.47,0.38,0.0,0.46,0.36000000000000004,0.0,0.45,0.34,0.0,0.41000000000000003,0.28,0.0,0.52,0.37,0.0,0.52,0.34,0.0,0.52,0.31000000000000005,0.0,0.52,0.30000000000000004,0.0,0.5,0.37,0.0,0.5,0.34,0.0,0.5,0.31000000000000005,0.0,0.5,0.30000000000000004,0.0,0.48,0.375,0.0,0.48,0.35000000000000003,0.0,0.48,0.325,0.0,0.48,0.32000000000000006,0.0,0.46499999999999997,0.38,0.0,0.46499999999999997,0.36000000000000004,0.0,0.46499999999999997,0.34,0.0,0.46499999999999997,0.34,0.0,0.5,0.55,0.0,0.533,0.528,0.0,0.544,0.506,0.0,0.555,0.48400000000000004,0.0,0.5660000000000001,0.462,0.0,0.532,0.517,0.0,0.512,0.48400000000000004,0.0,0.522,0.45100000000000007,0.0,0.532,0.41800000000000004,0.0,0.49,0.517,0.0,0.5,0.48400000000000004,0.0,0.51,0.45100000000000007,0.0,0.49,0.41800000000000004,0.0,0.478,0.5225000000000001,0.0,0.488,0.49500000000000005,0.0,0.46799999999999997,0.4675,0.0,0.478,0.44000000000000006,0.0,0.47150000000000003,0.528,0.0,0.4515,0.506,0.0,0.4615,0.48400000000000004,0.0,0.47150000000000003,0.462,0.0,2026-05-22T14:13:58.502017
help,0.5,0.4,0.0,0.47,0.38,0.0,0.46,0.36000000000000004,0.0,0.45,0.34,0.0,0.41000000000000003,0.28,0.0,0.52,0.37,0.0,0.52,0.34,0.0,0.52,0.31000000000000005,0.0,0.52,0.30000000000000004,0.0,0.5,0.37,0.0,0.5,0.34,0.0,0.5,0.31000000000000005,0.0,0.5,0.30000000000000004,0.0,0.48,0.375,0.0,0.48,0.35000000000000003,0.0,0.48,0.325,0.0,0.48,0.32000000000000006,0.0,0.46499999999999997,0.38,0.0,0.46499999999999997,0.36000000000000004,0.0,0.46499999999999997,0.34,0.0,0.46499999999999997,0.34,0.0,0.5,0.55,0.0,0.533,0.528,0.0,0.544,0.506,0.0,0.555,0.48400000000000004,0.0,0.5660000000000001,0.462,0.0,0.532,0.517,0.0,0.512,0.48400000000000004,0.0,0.522,0.45100000000000007,0.0,0.532,0.41800000000000004,0.0,0.49,0.517,0.0,0.5,0.48400000000000004,0.0,0.51,0.45100000000000007,0.0,0.49,0.41800000000000004,0.0,0.478,0.5225000000000001,0.0,0.488,0.49500000000000005,0.0,0.46799999999999997,0.4675,0.0,0.478,0.44000000000000006,0.0,0.47150000000000003,0.528,0.0,0.4515,0.506,0.0,0.4615,0.48400000000000004,0.0,0.47150000000000003,0.462,0.0,2026-05-22T14:13:58.502017
help,0.5,0.4,0.0,0.47,0.38,0.0,0.46,0.36000000000000004,0.0,0.45,0.34,0.0,0.41000000000000003,0.28,0.0,0.52,0.37,0.0,0.52,0.34,0.0,0.52,0.31000000000000005,0.0,0.52,0.30000000000000004,0.0,0.5,0.37,0.0,0.5,0.34,0.0,0.5,0.31000000000000005,0.0,0.5,0.30000000000000004,0.0,0.48,0.375,0.0,0.48,0.35000000000000003,0.0,0.48,0.325,0.0,0.48,0.32000000000000006,0.0,0.46499999999999997,0.38,0.0,0.46499999999999997,0.36000000000000004,0.0,0.46499999999999997,0.34,0.0,0.46499999999999997,0.34,0.0,0.5,0.55,0.0,0.533,0.528,0.0,0.544,0.506,0.0,0.555,0.48400000000000004,0.0,0.5660000000000001,0.462,0.0,0.532,0.517,0.0,0.512,0.48400000000000004,0.0,0.522,0.45100000000000007,0.0,0.532,0.41800000000000004,0.0,0.49,0.517,0.0,0.5,0.48400000000000004,0.0,0.51,0.45100000000000007,0.0,0.49,0.41800000000000004,0.0,0.478,0.5225000000000001,0.0,0.488,0.49500000000000005,0.0,0.46799999999999997,0.4675,0.0,0.478,0.44000000000000006,0.0,0.47150000000000003,0.528,0.0,0.4515,0.506,0.0,0.4615,0.48400000000000004,0.0,0.47150000000000003,0.462,0.0,2026-05-22T14:13:58.502017
help,0.5,0.4,0.0,0.53,0.38,0.0,0.54,0.36000000000000004,0.0,0.55,0.34,0.0,0.5900000000000001,0.28,0.0,0.52,0.37,0.0,0.52,0.34,0.0,0.52,0.31000000000000005,0.0,0.52,0.30000000000000004,0.0,0.5,0.37,0.0,0.5,0.34,0.0,0.5,0.31000000000000005,0.0,0.5,0.30000000000000004,0.0,0.48,0.375,0.0,0.48,0.35000000000000003,0.0,0.48,0.325,0.0,0.48,0.32000000000000006,0.0,0.46499999999999997,0.38,0.0,0.46499999999999997,0.36000000000000004,0.0,0.46499999999999997,0.34,0.0,0.46499999999999997,0.34,0.0,0.5,0.55,0.0,0.533,0.528,0.0,0.544,0.506,0.0,0.555,0.48400000000000004,0.0,0.5660000000000001,0.462,0.0,0.532,0.517,0.0,0.512,0.48400000000000004,0.0,0.522,0.45100000000000007,0.0,0.532,0.41800000000000004,0.0,0.49,0.517,0.0,0.5,0.48400000000000004,0.0,0.51,0.45100000000000007,0.0,0.49,0.41800000000000004,0.0,0.478,0.5225000000000001,0.0,0.488,0.49500000000000005,0.0,0.46799999999999997,0.4675,0.0,0.478,0.44000000000000006,0.0,0.47150000000000003,0.528,0.0,0.4515,0.506,0.0,0.4615,0.48400000000000004,0.0,0.47150000000000003,0.462,0.0,2026-05-22T14:13:58.502017
help,0.5,0.4,0.0,0.53,0.38,0.0,0.54,0.36000000000000004,0.0,0.55,0.34,0.0,0.5900000000000001,0.28,0.0,0.52,0.37,0.0,0.52,0.34,0.0,0.52,0.31000000000000005,0.0,0.52,0.30000000000000004,0.0,0.5,0.37,0.0,0.5,0.34,0.0,0.5,0.31000000000000005,0.0,0.5,0.30000000000000004,0.0,0.48,0.375,0.0,0.48,0.35000000000000003,0.0,0.48,0.325,0.0,0.48,0.32000000000000006,0.0,0.46499999999999997,0.38,0.0,0.46499999999999997,0.36000000000000004,0.0,0.46499999999999997,0.34,0.0,0.46499999999999997,0.34,0.0,0.5,0.55,0.0,0.533,0.528,0.0,0.544,0.506,0.0,0.555,0.48400000000000004,0.0,0.5660000000000001,0.462,0.0,0.532,0.517,0.0,0.512,0.48400000000000004,0.0,0.522,0.45100000000000007,0.0,0.532,0.41800000000000004,0.0,0.49,0.517,0.0,0.5,0.48400000000000004,0.0,0.51,0.45100000000000007,0.0,0.49,0.41800000000000004,0.0,0.478,0.5225000000000001,0.0,0.488,0.49500000000000005,0.0,0.46799999999999997,0.4675,0.0,0.478,0.44000000000000006,0.0,0.47150000000000003,0.528,0.0,0.4515,0.506,0.0,0.4615,0.48400000000000004,0.0,0.47150000000000003,0.462,0.0,2026-05-22T14:13:58.502017
help,0.5,0.4,0.0,0.53,0.38,0.0,0.54,0.36000000000000004,0.0,0.55,0.34,0.0,0.5900000000000001,0.28,0.0,0.52,0.37,0.0,0.52,0.34,0.0,0.52,0.31000000000000005,0.0,0.52,0.30000000000000004,0.0,0.5,0.37,0.0,0.5,0.34,0.0,0.5,0.31000000000000005,0.0,0.5,0.30000000000000004,0.0,0.48,0.375,0.0,0.48,0.35000000000000003,0.0,0.48,0.325,0.0,0.48,0.32000000000000006,0.0,0.46499999999999997,0.38,0.0,0.46499999999999997,0.36000000000000004,0.0,0.46499999999999997,0.34,0.0,0.46499999999999997,0.34,0.0,0.5,0.55,0.0,0.533,0.528,0.0,0.544,0.506,0.0,0.555,0.48400000000000004,0.0,0.5660000000000001,0.462,0.0,0.532,0.517,0.0,0.512,0.48400000000000004,0.0,0.522,0.45100000000000007,0.0,0.532,0.41800000000000004,0.0,0.49,0.517,0.0,0.5,0.48400000000000004,0.0,0.51,0.45100000000000007,0.0,0.49,0.41800000000000004,0.0,0.478,0.5225000000000001,0.0,0.488,0.49500000000000005,0.0,0.46799999999999997,0.4675,0.0,0.478,0.44000000000000006,0.0,0.47150000000000003,0.528,0.0,0.4515,0.506,0.0,0.4615,0.48400000000000004,0.0,0.47150000000000003,0.462,0.0,2026-05-22T14:13:58.502017
help,0.5,0.4,0.0,0.47,0.38,0.0,0.46,0.36000000000000004,0.0,0.45,0.34,0.0,0.41000000000000003,0.28,0.0,0.52,0.37,0.0,0.52,0.34,0.0,0.52,0.31000000000000005,0.0,0.52,0.30000000000000004,0.0,0.5,0.37,0.0,0.5,0.34,0.0,0.5,0.31000000000000005,0.0,0.5,0.30000000000000004,0.0,0.48,0.375,0.0,0.48,0.35000000000000003,0.0,0.48,0.325,0.0,0.48,0.32000000000000006,0.0,0.46499999999999997,0.38,0.0,0.46499999999999997,0.36000000000000004,0.0,0.46499999999999997,0.34,0.0,0.46499999999999997,0.34,0.0,0.5,0.55,0.0,0.533,0.528,0.0,0.544,0.506,0.0,0.555,0.48400000000000004,0.0,0.5660000000000001,0.462,0.0,0.532,0.517,0.0,0.512,0.48400000000000004,0.0,0.522,0.45100000000000007,0.0,0.532,0.41800000000000004,0.0,0.49,0.517,0.0,0.5,0.48400000000000004,0.0,0.51,0.45100000000000007,0.0,0.49,0.41800000000000004,0.0,0.478,0.5225000000000001,0.0,0.488,0.49500000000000005,0.0,0.46799999999999997,0.4675,0.0,0.478,0.44000000000000006,0.0,0.47150000000000003,0.528,0.0,0.4515,0.506,0.0,0.4615,0.48400000000000004,0.0,0.47150000000000003,0.462,0.0,2026-05-22T14:13:58.502017
help,0.5,0.4,0.0,0.47,0.38,0.0,0.46,0.36000000000000004,0.0,0.45,0.34,0.0,0.41000000000000003,0.28,0.0,0.52,0.37,0.0,0.52,0.34,0.0,0.52,0.31000000000000005,0.0,0.52,0.30000000000000004,0.0,0.5,0.37,0.0,0.5,0.34,0.0,0.5,0.31000000000000005,0.0,0.5,0.30000000000000004,0.0,0.48,0.375,0.0,0.48,0.35000000000000003,0.0,0.48,0.325,0.0,0.48,0.32000000000000006,0.0,0.46499999999999997,0.38,0.0,0.46499999999999997,0.36000000000000004,0.0,0.46499999999999997,0.34,0.0,0.46499999999999997,0.34,0.0,0.5,0.55,0.0,0.533,0.528,0.0,0.544,0.506,0.0,0.555,0.48400000000000004,0.0,0.5660000000000001,0.462,0.0,0.532,0.517,0.0,0.512,0.48400000000000004,0.0,0.522,0.45100000000000007,0.0,0.532,0.41800000000000004,0.0,0.49,0.517,0.0,0.5,0.48400000000000004,0.0,0.51,0.45100000000000007,0.0,0.49,0.41800000000000004,0.0,0.478,0.5225000000000001,0.0,0.488,0.49500000000000005,0.0,0.46799999999999997,0.4675,0.0,0.478,0.44000000000000006,0.0,0.47150000000000003,0.528,0.0,0.4515,0.506,0.0,0.4615,0.48400000000000004,0.0,0.47150000000000003,0.462,0.0,2026-05-22T14:13:58.502017
help,0.5,0.4,0.0,0.47,0.38,0.0,0.46,0.36000000000000004,0.0,0.45,0.34,0.0,0.41000000000000003,0.28,0.0,0.52,0.37,0.0,0.52,0.34,0.0,0.52,0.31000000000000005,0.0,0.52,0.30000000000000004,0.0,0.5,0.37,0.0,0.5,0.34,0.0,0.5,0.31000000000000005,0.0,0.5,0.30000000000000004,0.0,0.48,0.375,0.0,0.48,0.35000000000000003,0.0,0.48,0.325,0.0,0.48,0.32000000000000006,0.0,0.46499999999999997,0.38,0.0,0.46499999999999997,0.36000000000000004,0.0,0.46499999999999997,0.34,0.0,0.46499999999999997,0.34,0.0,0.5,0.55,0.0,0.533,0.528,0.0,0.544,0.506,0.0,0.555,0.48400000000000004,0.0,0.5660000000000001,0.462,0.0,0.532,0.517,0.0,0.512,0.48400000000000004,0.0,0.522,0.45100000000000007,0.0,0.532,0.41800000000000004,0.0,0.49,0.517,0.0,0.5,0.48400000000000004,0.0,0.51,0.45100000000000007,0.0,0.49,0.41800000000000004,0.0,0.478,0.5225000000000001,0.0,0.488,0.49500000000000005,0.0,0.46799999999999997,0.4675,0.0,0.478,0.44000000000000006,0.0,0.47150000000000003,0.528,0.0,0.4515,0.506,0.0,0.4615,0.48400000000000004,0.0,0.47150000000000003,0.462,0.0,2026-05-22T14:13:58.502017
help,0.5,0.4,0.0,0.53,0.38,0.0,0.54,0.36000000000000004,0.0,0.55,0.34,0.0,0.5900000000000001,0.28,0.0,0.52,0.37,0.0,0.52,0.34,0.0,0.52,0.31000000000000005,0.0,0.52,0.30000000000000004,0.0,0.5,0.37,0.0,0.5,0.34,0.0,0.5,0.31000000000000005,0.0,0.5,0.30000000000000004,0.0,0.48,0.375,0.0,0.48,0.35000000000000003,0.0,0.48,0.325,0.0,0.48,0.32000000000000006,0.0,0.46499999999999997,0.38,0.0,0.46499999999999997,0.36000000000000004,0.0,0.46499999999999997,0.34,0.0,0.46499999999999997,0.34,0.0,0.5,0.55,0.0,0.533,0.528,0.0,0.544,0.506,0.0,0.555,0.48400000000000004,0.0,0.5660000000000001,0.462,0.0,0.532,0.517,0.0,0.512,0.48400000000000004,0.0,0.522,0.45100000000000007,0.0,0.532,0.41800000000000004,0.0,0.49,0.517,0.0,0.5,0.48400000000000004,0.0,0.51,0.45100000000000007,0.0,0.49,0.41800000000000004,0.0,0.478,0.5225000000000001,0.0,0.488,0.49500000000000005,0.0,0.46799999999999997,0.4675,0.0,0.478,0.44000000000000006,0.0,0.47150000000000003,0.528,0.0,0.4515,0.506,0.0,0.4615,0.48400000000000004,0.0,0.47150000000000003,0.462,0.0,2026-05-22T14:13:58.502017
help,0.5,0.4,0.0,0.47,0.38,0.0,0.46,0.36000000000000004,0.0,0.45,0.34,0.0,0.41000000000000003,0.28,0.0,0.52,0.37,0.0,0.52,0.34,0.0,0.52,0.31000000000000005,0.0,0.52,0.30000000000000004,0.0,0.5,0.37,0.0,0.5,0.34,0.0,0.5,0.31000000000000005,0.0,0.5,0.30000000000000004,0.0,0.48,0.375,0.0,0.48,0.35000000000000003,0.0,0.48,0.325,0.0,0.48,0.32000000000000006,0.0,0.46499999999999997,0.38,0.0,0.46499999999999997,0.36000000000000004,0.0,0.46499999999999997,0.34,0.0,0.46499999999999997,0.34,0.0,0.5,0.55,0.0,0.533,0.528,0.0,0.544,0.506,0.0,0.555,0.48400000000000004,0.0,0.5660000000000001,0.462,0.0,0.532,0.517,0.0,0.512,0.48400000000000004,0.0,0.522,0.45100000000000007,0.0,0.532,0.41800000000000004,0.0,0.49,0.517,0.0,0.5,0.48400000000000004,0.0,0.51,0.45100000000000007,0.0,0.49,0.41800000000000004,0.0,0.478,0.5225000000000001,0.0,0.488,0.49500000000000005,0.0,0.46799999999999997,0.4675,0.0,0.478,0.44000000000000006,0.0,0.47150000000000003,0.528,0.0,0.4515,0.506,0.0,0.4615,0.48400000000000004,0.0,0.47150000000000003,0.462,0.0,2026-05-22T14:13:58.502017
help,0.5,0.4,0.0,0.47,0.38,0.0,0.46,0.36000000000000004,0.0,0.45,0.34,0.0,0.41000000000000003,0.28,0.0,0.52,0.37,0.0,0.52,0.34,0.0,0.52,0.31000000000000005,0.0,0.52,0.30000000000000004,0.0,0.5,0.37,0.0,0.5,0.34,0.0,0.5,0.31000000000000005,0.0,0.5,0.30000000000000004,0.0,0.48,0.375,0.0,0.48,0.35000000000000003,0.0,0.48,0.325,0.0,0.48,0.32000000000000006,0.0,0.46499999999999997,0.38,0.0,0.46499999999999997,0.36000000000000004,0.0,0.46499999999999997,0.34,0.0,0.46499999999999997,0.34,0.0,0.5,0.55,0.0,0.533,0.528,0.0,0.544,0.506,0.0,0.555,0.48400000000000004,0.0,0.5660000000000001,0.462,0.0,0.532,0.517,0.0,0.512,0.48400000000000004,0.0,0.522,0.45100000000000007,0.0,0.532,0.41800000000000004,0.0,0.49,0.517,0.0,0.5,0.48400000000000004,0.0,0.51,0.45100000000000007,0.0,0.49,0.41800000000000004,0.0,0.478,0.5225000000000001,0.0,0.488,0.49500000000000005,0.0,0.46799999999999997,0.4675,0.0,0.478,0.44000000000000006,0.0,0.47150000000000003,0.528,0.0,0.4515,0.506,0.0,0.4615,0.48400000000000004,0.0,0.47150000000000003,0.462,0.0,2026-05-22T14:13:58.503025
help,0.5,0.4,0.0,0.53,0.38,0.0,0.54,0.36000000000000004,0.0,0.55,0.34,0.0,0.5900000000000001,0.28,0.0,0.52,0.37,0.0,0.52,0.34,0.0,0.52,0.31000000000000005,0.0,0.52,0.30000000000000004,0.0,0.5,0.37,0.0,0.5,0.34,0.0,0.5,0.31000000000000005,0.0,0.5,0.30000000000000004,0.0,0.48,0.375,0.0,0.48,0.35000000000000003,0.0,0.48,0.325,0.0,0.48,0.32000000000000006,0.0,0.46499999999999997,0.38,0.0,0.46499999999999997,0.36000000000000004,0.0,0.46499999999999997,0.34,0.0,0.46499999999999997,0.34,0.0,0.5,0.55,0.0,0.533,0.528,0.0,0.544,0.506,0.0,0.555,0.48400000000000004,0.0,0.5660000000000001,0.462,0.0,0.532,0.517,0.0,0.512,0.48400000000000004,0.0,0.522,0.45100000000000007,0.0,0.532,0.41800000000000004,0.0,0.49,0.517,0.0,0.5,0.48400000000000004,0.0,0.51,0.45100000000000007,0.0,0.49,0.41800000000000004,0.0,0.478,0.5225000000000001,0.0,0.488,0.49500000000000005,0.0,0.46799999999999997,0.4675,0.0,0.478,0.44000000000000006,0.0,0.47150000000000003,0.528,0.0,0.4515,0.506,0.0,0.4615,0.48400000000000004,0.0,0.47150000000000003,0.462,0.0,2026-05-22T14:13:58.503025
help,0.5,0.4,0.0,0.53,0.38,0.0,0.54,0.36000000000000004,0.0,0.55,0.34,0.0,0.5900000000000001,0.28,0.0,0.52,0.37,0.0,0.52,0.34,0.0,0.52,0.31000000000000005,0.0,0.52,0.30000000000000004,0.0,0.5,0.37,0.0,0.5,0.34,0.0,0.5,0.31000000000000005,0.0,0.5,0.30000000000000004,0.0,0.48,0.375,0.0,0.48,0.35000000000000003,0.0,0.48,0.325,0.0,0.48,0.32000000000000006,0.0,0.46499999999999997,0.38,0.0,0.46499999999999997,0.36000000000000004,0.0,0.46499999999999997,0.34,0.0,0.46499999999999997,0.34,0.0,0.5,0.55,0.0,0.533,0.528,0.0,0.544,0.506,0.0,0.555,0.48400000000000004,0.0,0.5660000000000001,0.462,0.0,0.532,0.517,0.0,0.512,0.48400000000000004,0.0,0.522,0.45100000000000007,0.0,0.532,0.41800000000000004,0.0,0.49,0.517,0.0,0.5,0.48400000000000004,0.0,0.51,0.45100000000000007,0.0,0.49,0.41800000000000004,0.0,0.478,0.5225000000000001,0.0,0.488,0.49500000000000005,0.0,0.46799999999999997,0.4675,0.0,0.478,0.44000000000000006,0.0,0.47150000000000003,0.528,0.0,0.4515,0.506,0.0,0.4615,0.48400000000000004,0.0,0.47150000000000003,0.462,0.0,2026-05-22T14:13:58.503025
help,0.5,0.4,0.0,0.47,0.38,0.0,0.46,0.36000000000000004,0.0,0.45,0.34,0.0,0.41000000000000003,0.28,0.0,0.52,0.37,0.0,0.52,0.34,0.0,0.52,0.31000000000000005,0.0,0.52,0.30000000000000004,0.0,0.5,0.37,0.0,0.5,0.34,0.0,0.5,0.31000000000000005,0.0,0.5,0.30000000000000004,0.0,0.48,0.375,0.0,0.48,0.35000000000000003,0.0,0.48,0.325,0.0,0.48,0.32000000000000006,0.0,0.46499999999999997,0.38,0.0,0.46499999999999997,0.36000000000000004,0.0,0.46499999999999997,0.34,0.0,0.46499999999999997,0.34,0.0,0.5,0.55,0.0,0.533,0.528,0.0,0.544,0.506,0.0,0.555,0.48400000000000004,0.0,0.5660000000000001,0.462,0.0,0.532,0.517,0.0,0.512,0.48400000000000004,0.0,0.522,0.45100000000000007,0.0,0.532,0.41800000000000004,0.0,0.49,0.517,0.0,0.5,0.48400000000000004,0.0,0.51,0.45100000000000007,0.0,0.49,0.41800000000000004,0.0,0.478,0.5225000000000001,0.0,0.488,0.49500000000000005,0.0,0.46799999999999997,0.4675,0.0,0.478,0.44000000000000006,0.0,0.47150000000000003,0.528,0.0,0.4515,0.506,0.0,0.4615,0.48400000000000004,0.0,0.47150000000000003,0.462,0.0,2026-05-22T14:13:58.503025
help,0.5,0.4,0.0,0.47,0.38,0.0,0.46,0.36000000000000004,0.0,0.45,0.34,0.0,0.41000000000000003,0.28,0.0,0.52,0.37,0.0,0.52,0.34,0.0,0.52,0.31000000000000005,0.0,0.52,0.30000000000000004,0.0,0.5,0.37,0.0,0.5,0.34,0.0,0.5,0.31000000000000005,0.0,0.5,0.30000000000000004,0.0,0.48,0.375,0.0,0.48,0.35000000000000003,0.0,0.48,0.325,0.0,0.48,0.32000000000000006,0.0,0.46499999999999997,0.38,0.0,0.46499999999999997,0.36000000000000004,0.0,0.46499999999999997,0.34,0.0,0.46499999999999997,0.34,0.0,0.5,0.55,0.0,0.533,0.528,0.0,0.544,0.506,0.0,0.555,0.48400000000000004,0.0,0.5660000000000001,0.462,0.0,0.532,0.517,0.0,0.512,0.48400000000000004,0.0,0.522,0.45100000000000007,0.0,0.532,0.41800000000000004,0.0,0.49,0.517,0.0,0.5,0.48400000000000004,0.0,0.51,0.45100000000000007,0.0,0.49,0.41800000000000004,0.0,0.478,0.5225000000000001,0.0,0.488,0.49500000000000005,0.0,0.46799999999999997,0.4675,0.0,0.478,0.44000000000000006,0.0,0.47150000000000003,0.528,0.0,0.4515,0.506,0.0,0.4615,0.48400000000000004,0.0,0.47150000000000003,0.462,0.0,2026-05-22T14:13:58.503025
help,0.5,0.4,0.0,0.53,0.38,0.0,0.54,0.36000000000000004,0.0,0.55,0.34,0.0,0.5900000000000001,0.28,0.0,0.52,0.37,0.0,0.52,0.34,0.0,0.52,0.31000000000000005,0.0,0.52,0.30000000000000004,0.0,0.5,0.37,0.0,0.5,0.34,0.0,0.5,0.31000000000000005,0.0,0.5,0.30000000000000004,0.0,0.48,0.375,0.0,0.48,0.35000000000000003,0.0,0.48,0.325,0.0,0.48,0.32000000000000006,0.0,0.46499999999999997,0.38,0.0,0.46499999999999997,0.36000000000000004,0.0,0.46499999999999997,0.34,0.0,0.46499999999999997,0.34,0.0,0.5,0.55,0.0,0.533,0.528,0.0,0.544,0.506,0.0,0.555,0.48400000000000004,0.0,0.5660000000000001,0.462,0.0,0.532,0.517,0.0,0.512,0.48400000000000004,0.0,0.522,0.45100000000000007,0.0,0.532,0.41800000000000004,0.0,0.49,0.517,0.0,0.5,0.48400000000000004,0.0,0.51,0.45100000000000007,0.0,0.49,0.41800000000000004,0.0,0.478,0.5225000000000001,0.0,0.488,0.49500000000000005,0.0,0.46799999999999997,0.4675,0.0,0.478,0.44000000000000006,0.0,0.47150000000000003,0.528,0.0,0.4515,0.506,0.0,0.4615,0.48400000000000004,0.0,0.47150000000000003,0.462,0.0,2026-05-22T14:13:58.503025
help,0.5,0.4,0.0,0.47,0.38,0.0,0.46,0.36000000000000004,0.0,0.45,0.34,0.0,0.41000000000000003,0.28,0.0,0.52,0.37,0.0,0.52,0.34,0.0,0.52,0.31000000000000005,0.0,0.52,0.30000000000000004,0.0,0.5,0.37,0.0,0.5,0.34,0.0,0.5,0.31000000000000005,0.0,0.5,0.30000000000000004,0.0,0.48,0.375,0.0,0.48,0.35000000000000003,0.0,0.48,0.325,0.0,0.48,0.32000000000000006,0.0,0.46499999999999997,0.38,0.0,0.46499999999999997,0.36000000000000004,0.0,0.46499999999999997,0.34,0.0,0.46499999999999997,0.34,0.0,0.5,0.55,0.0,0.533,0.528,0.0,0.544,0.506,0.0,0.555,0.48400000000000004,0.0,0.5660000000000001,0.462,0.0,0.532,0.517,0.0,0.512,0.48400000000000004,0.0,0.522,0.45100000000000007,0.0,0.532,0.41800000000000004,0.0,0.49,0.517,0.0,0.5,0.48400000000000004,0.0,0.51,0.45100000000000007,0.0,0.49,0.41800000000000004,0.0,0.478,0.5225000000000001,0.0,0.488,0.49500000000000005,0.0,0.46799999999999997,0.4675,0.0,0.478,0.44000000000000006,0.0,0.47150000000000003,0.528,0.0,0.4515,0.506,0.0,0.4615,0.48400000000000004,0.0,0.47150000000000003,0.462,0.0,2026-05-22T14:13:58.503025
help,0.5,0.4,0.0,0.47,0.38,0.0,0.46,0.36000000000000004,0.0,0.45,0.34,0.0,0.41000000000000003,0.28,0.0,0.52,0.37,0.0,0.52,0.34,0.0,0.52,0.31000000000000005,0.0,0.52,0.30000000000000004,0.0,0.5,0.37,0.0,0.5,0.34,0.0,0.5,0.31000000000000005,0.0,0.5,0.30000000000000004,0.0,0.48,0.375,0.0,0.48,0.35000000000000003,0.0,0.48,0.325,0.0,0.48,0.32000000000000006,0.0,0.46499999999999997,0.38,0.0,0.46499999999999997,0.36000000000000004,0.0,0.46499999999999997,0.34,0.0,0.46499999999999997,0.34,0.0,0.5,0.55,0.0,0.533,0.528,0.0,0.544,0.506,0.0,0.555,0.48400000000000004,0.0,0.5660000000000001,0.462,0.0,0.532,0.517,0.0,0.512,0.48400000000000004,0.0,0.522,0.45100000000000007,0.0,0.532,0.41800000000000004,0.0,0.49,0.517,0.0,0.5,0.48400000000000004,0.0,0.51,0.45100000000000007,0.0,0.49,0.41800000000000004,0.0,0.478,0.5225000000000001,0.0,0.488,0.49500000000000005,0.0,0.46799999999999997,0.4675,0.0,0.478,0.44000000000000006,0.0,0.47150000000000003,0.528,0.0,0.4515,0.506,0.0,0.4615,0.48400000000000004,0.0,0.47150000000000003,0.462,0.0,2026-05-22T14:13:58.503025
help,0.5,0.4,0.0,0.47,0.38,0.0,0.46,0.36000000000000004,0.0,0.45,0.34,0.0,0.41000000000000003,0.28,0.0,0.52,0.37,0.0,0.52,0.34,0.0,0.52,0.31000000000000005,0.0,0.52,0.30000000000000004,0.0,0.5,0.37,0.0,0.5,0.34,0.0,0.5,0.31000000000000005,0.0,0.5,0.30000000000000004,0.0,0.48,0.375,0.0,0.48,0.35000000000000003,0.0,0.48,0.325,0.0,0.48,0.32000000000000006,0.0,0.46499999999999997,0.38,0.0,0.46499999999999997,0.36000000000000004,0.0,0.46499999999999997,0.34,0.0,0.46499999999999997,0.34,0.0,0.5,0.55,0.0,0.533,0.528,0.0,0.544,0.506,0.0,0.555,0.48400000000000004,0.0,0.5660000000000001,0.462,0.0,0.532,0.517,0.0,0.512,0.48400000000000004,0.0,0.522,0.45100000000000007,0.0,0.532,0.41800000000000004,0.0,0.49,0.517,0.0,0.5,0.48400000000000004,0.0,0.51,0.45100000000000007,0.0,0.49,0.41800000000000004,0.0,0.478,0.5225000000000001,0.0,0.488,0.49500000000000005,0.0,0.46799999999999997,0.4675,0.0,0.478,0.44000000000000006,0.0,0.47150000000000003,0.528,0.0,0.4515,0.506,0.0,0.4615,0.48400000000000004,0.0,0.47150000000000003,0.462,0.0,2026-05-22T14:13:58.503025
help,0.5,0.4,0.0,0.47,0.38,0.0,0.46,0.36000000000000004,0.0,0.45,0.34,0.0,0.41000000000000003,0.28,0.0,0.52,0.37,0.0,0.52,0.34,0.0,0.52,0.31000000000000005,0.0,0.52,0.30000000000000004,0.0,0.5,0.37,0.0,0.5,0.34,0.0,0.5,0.31000000000000005,0.0,0.5,0.30000000000000004,0.0,0.48,0.375,0.0,0.48,0.35000000000000003,0.0,0.48,0.325,0.0,0.48,0.32000000000000006,0.0,0.46499999999999997,0.38,0.0,0.46499999999999997,0.36000000000000004,0.0,0.46499999999999997,0.34,0.0,0.46499999999999997,0.34,0.0,0.5,0.55,0.0,0.533,0.528,0.0,0.544,0.506,0.0,0.555,0.48400000000000004,0.0,0.5660000000000001,0.462,0.0,0.532,0.517,0.0,0.512,0.48400000000000004,0.0,0.522,0.45100000000000007,0.0,0.532,0.41800000000000004,0.0,0.49,0.517,0.0,0.5,0.48400000000000004,0.0,0.51,0.45100000000000007,0.0,0.49,0.41800000000000004,0.0,0.478,0.5225000000000001,0.0,0.488,0.49500000000000005,0.0,0.46799999999999997,0.4675,0.0,0.478,0.44000000000000006,0.0,0.47150000000000003,0.528,0.0,0.4515,0.506,0.0,0.4615,0.48400000000000004,0.0,0.47150000000000003,0.462,0.0,2026-05-22T14:13:58.503025
help,0.5,0.4,0.0,0.47,0.38,0.0,0.46,0.36000000000000004,0.0,0.45,0.34,0.0,0.41000000000000003,0.28,0.0,0.52,0.37,0.0,0.52,0.34,0.0,0.52,0.31000000000000005,0.0,0.52,0.30000000000000004,0.0,0.5,0.37,0.0,0.5,0.34,0.0,0.5,0.31000000000000005,0.0,0.5,0.30000000000000004,0.0,0.48,0.375,0.0,0.48,0.35000000000000003,0.0,0.48,0.325,0.0,0.48,0.32000000000000006,0.0,0.46499999999999997,0.38,0.0,0.46499999999999997,0.36000000000000004,0.0,0.46499999999999997,0.34,0.0,0.46499999999999997,0.34,0.0,0.5,0.55,0.0,0.533,0.528,0.0,0.544,0.506,0.0,0.555,0.48400000000000004,0.0,0.5660000000000001,0.462,0.0,0.532,0.517,0.0,0.512,0.48400000000000004,0.0,0.522,0.45100000000000007,0.0,0.532,0.41800000000000004,0.0,0.49,0.517,0.0,0.5,0.48400000000000004,0.0,0.51,0.45100000000000007,0.0,0.49,0.41800000000000004,0.0,0.478,0.5225000000000001,0.0,0.488,0.49500000000000005,0.0,0.46799999999999997,0.4675,0.0,0.478,0.44000000000000006,0.0,0.47150000000000003,0.528,0.0,0.4515,0.506,0.0,0.4615,0.48400000000000004,0.0,0.47150000000000003,0.462,0.0,2026-05-22T14:13:58.503025
help,0.5,0.4,0.0,0.47,0.38,0.0,0.46,0.36000000000000004,0.0,0.45,0.34,0.0,0.41000000000000003,0.28,0.0,0.52,0.37,0.0,0.52,0.34,0.0,0.52,0.31000000000000005,0.0,0.52,0.30000000000000004,0.0,0.5,0.37,0.0,0.5,0.34,0.0,0.5,0.31000000000000005,0.0,0.5,0.30000000000000004,0.0,0.48,0.375,0.0,0.48,0.35000000000000003,0.0,0.48,0.325,0.0,0.48,0.32000000000000006,0.0,0.46499999999999997,0.38,0.0,0.46499999999999997,0.36000000000000004,0.0,0.46499999999999997,0.34,0.0,0.46499999999999997,0.34,0.0,0.5,0.55,0.0,0.533,0.528,0.0,0.544,0.506,0.0,0.555,0.48400000000000004,0.0,0.5660000000000001,0.462,0.0,0.532,0.517,0.0,0.512,0.48400000000000004,0.0,0.522,0.45100000000000007,0.0,0.532,0.41800000000000004,0.0,0.49,0.517,0.0,0.5,0.48400000000000004,0.0,0.51,0.45100000000000007,0.0,0.49,0.41800000000000004,0.0,0.478,0.5225000000000001,0.0,0.488,0.49500000000000005,0.0,0.46799999999999997,0.4675,0.0,0.478,0.44000000000000006,0.0,0.47150000000000003,0.528,0.0,0.4515,0.506,0.0,0.4615,0.48400000000000004,0.0,0.47150000000000003,0.462,0.0,2026-05-22T14:13:58.503025
help,0.5,0.4,0.0,0.53,0.38,0.0,0.54,0.36000000000000004,0.0,0.55,0.34,0.0,0.5900000000000001,0.28,0.0,0.52,0.37,0.0,0.52,0.34,0.0,0.52,0.31000000000000005,0.0,0.52,0.30000000000000004,0.0,0.5,0.37,0.0,0.5,0.34,0.0,0.5,0.31000000000000005,0.0,0.5,0.30000000000000004,0.0,0.48,0.375,0.0,0.48,0.35000000000000003,0.0,0.48,0.325,0.0,0.48,0.32000000000000006,0.0,0.46499999999999997,0.38,0.0,0.46499999999999997,0.36000000000000004,0.0,0.46499999999999997,0.34,0.0,0.46499999999999997,0.34,0.0,0.5,0.55,0.0,0.533,0.528,0.0,0.544,0.506,0.0,0.555,0.48400000000000004,0.0,0.5660000000000001,0.462,0.0,0.532,0.517,0.0,0.512,0.48400000000000004,0.0,0.522,0.45100000000000007,0.0,0.532,0.41800000000000004,0.0,0.49,0.517,0.0,0.5,0.48400000000000004,0.0,0.51,0.45100000000000007,0.0,0.49,0.41800000000000004,0.0,0.478,0.5225000000000001,0.0,0.488,0.49500000000000005,0.0,0.46799999999999997,0.4675,0.0,0.478,0.44000000000000006,0.0,0.47150000000000003,0.528,0.0,0.4515,0.506,0.0,0.4615,0.48400000000000004,0.0,0.47150000000000003,0.462,0.0,2026-05-22T14:13:58.503025
help,0.5,0.4,0.0,0.53,0.38,0.0,0.54,0.36000000000000004,0.0,0.55,0.34,0.0,0.5900000000000001,0.28,0.0,0.52,0.37,0.0,0.52,0.34,0.0,0.52,0.31000000000000005,0.0,0.52,0.30000000000000004,0.0,0.5,0.37,0.0,0.5,0.34,0.0,0.5,0.31000000000000005,0.0,0.5,0.30000000000000004,0.0,0.48,0.375,0.0,0.48,0.35000000000000003,0.0,0.48,0.325,0.0,0.48,0.32000000000000006,0.0,0.46499999999999997,0.38,0.0,0.46499999999999997,0.36000000000000004,0.0,0.46499999999999997,0.34,0.0,0.46499999999999997,0.34,0.0,0.5,0.55,0.0,0.533,0.528,0.0,0.544,0.506,0.0,0.555,0.48400000000000004,0.0,0.5660000000000001,0.462,0.0,0.532,0.517,0.0,0.512,0.48400000000000004,0.0,0.522,0.45100000000000007,0.0,0.532,0.41800000000000004,0.0,0.49,0.517,0.0,0.5,0.48400000000000004,0.0,0.51,0.45100000000000007,0.0,0.49,0.41800000000000004,0.0,0.478,0.5225000000000001,0.0,0.488,0.49500000000000005,0.0,0.46799999999999997,0.4675,0.0,0.478,0.44000000000000006,0.0,0.47150000000000003,0.528,0.0,0.4515,0.506,0.0,0.4615,0.48400000000000004,0.0,0.47150000000000003,0.462,0.0,2026-05-22T14:13:58.503025
help,0.5,0.4,0.0,0.53,0.38,0.0,0.54,0.36000000000000004,0.0,0.55,0.34,0.0,0.5900000000000001,0.28,0.0,0.52,0.37,0.0,0.52,0.34,0.0,0.52,0.31000000000000005,0.0,0.52,0.30000000000000004,0.0,0.5,0.37,0.0,0.5,0.34,0.0,0.5,0.31000000000000005,0.0,0.5,0.30000000000000004,0.0,0.48,0.375,0.0,0.48,0.35000000000000003,0.0,0.48,0.325,0.0,0.48,0.32000000000000006,0.0,0.46499999999999997,0.38,0.0,0.46499999999999997,0.36000000000000004,0.0,0.46499999999999997,0.34,0.0,0.46499999999999997,0.34,0.0,0.5,0.55,0.0,0.533,0.528,0.0,0.544,0.506,0.0,0.555,0.48400000000000004,0.0,0.5660000000000001,0.462,0.0,0.532,0.517,0.0,0.512,0.48400000000000004,0.0,0.522,0.45100000000000007,0.0,0.532,0.41800000000000004,0.0,0.49,0.517,0.0,0.5,0.48400000000000004,0.0,0.51,0.45100000000000007,0.0,0.49,0.41800000000000004,0.0,0.478,0.5225000000000001,0.0,0.488,0.49500000000000005,0.0,0.46799999999999997,0.4675,0.0,0.478,0.44000000000000006,0.0,0.47150000000000003,0.528,0.0,0.4515,0.506,0.0,0.4615,0.48400000000000004,0.0,0.47150000000000003,0.462,0.0,2026-05-22T14:13:58.503025
help,0.5,0.4,0.0,0.47,0.38,0.0,0.46,0.36000000000000004,0.0,0.45,0.34,0.0,0.41000000000000003,0.28,0.0,0.52,0.37,0.0,0.52,0.34,0.0,0.52,0.31000000000000005,0.0,0.52,0.30000000000000004,0.0,0.5,0.37,0.0,0.5,0.34,0.0,0.5,0.31000000000000005,0.0,0.5,0.30000000000000004,0.0,0.48,0.375,0.0,0.48,0.35000000000000003,0.0,0.48,0.325,0.0,0.48,0.32000000000000006,0.0,0.46499999999999997,0.38,0.0,0.46499999999999997,0.36000000000000004,0.0,0.46499999999999997,0.34,0.0,0.46499999999999997,0.34,0.0,0.5,0.55,0.0,0.533,0.528,0.0,0.544,0.506,0.0,0.555,0.48400000000000004,0.0,0.5660000000000001,0.462,0.0,0.532,0.517,0.0,0.512,0.48400000000000004,0.0,0.522,0.45100000000000007,0.0,0.532,0.41800000000000004,0.0,0.49,0.517,0.0,0.5,0.48400000000000004,0.0,0.51,0.45100000000000007,0.0,0.49,0.41800000000000004,0.0,0.478,0.5225000000000001,0.0,0.488,0.49500000000000005,0.0,0.46799999999999997,0.4675,0.0,0.478,0.44000000000000006,0.0,0.47150000000000003,0.528,0.0,0.4515,0.506,0.0,0.4615,0.48400000000000004,0.0,0.47150000000000003,0.462,0.0,2026-05-22T14:13:58.503025
help,0.5,0.4,0.0,0.47,0.38,0.0,0.46,0.36000000000000004,0.0,0.45,0.34,0.0,0.41000000000000003,0.28,0.0,0.52,0.37,0.0,0.52,0.34,0.0,0.52,0.31000000000000005,0.0,0.52,0.30000000000000004,0.0,0.5,0.37,0.0,0.5,0.34,0.0,0.5,0.31000000000000005,0.0,0.5,0.30000000000000004,0.0,0.48,0.375,0.0,0.48,0.35000000000000003,0.0,0.48,0.325,0.0,0.48,0.32000000000000006,0.0,0.46499999999999997,0.38,0.0,0.46499999999999997,0.36000000000000004,0.0,0.46499999999999997,0.34,0.0,0.46499999999999997,0.34,0.0,0.5,0.55,0.0,0.533,0.528,0.0,0.544,0.506,0.0,0.555,0.48400000000000004,0.0,0.5660000000000001,0.462,0.0,0.532,0.517,0.0,0.512,0.48400000000000004,0.0,0.522,0.45100000000000007,0.0,0.532,0.41800000000000004,0.0,0.49,0.517,0.0,0.5,0.48400000000000004,0.0,0.51,0.45100000000000007,0.0,0.49,0.41800000000000004,0.0,0.478,0.5225000000000001,0.0,0.488,0.49500000000000005,0.0,0.46799999999999997,0.4675,0.0,0.478,0.44000000000000006,0.0,0.47150000000000003,0.528,0.0,0.4515,0.506,0.0,0.4615,0.48400000000000004,0.0,0.47150000000000003,0.462,0.0,2026-05-22T14:13:58.503025
not_help,0.3303549212292104,0.5586487490320365,0.005722664720711248,0.30478254077864225,0.5392252060610649,0.009151843482766592,0.317217118119971,0.49840497354503527,-0.00020973060027441003,0.30336941560699293,0.47418511127751406,-0.003045552605630251,0.3067271220772838,0.48752841514545103,-0.008788221185813577,0.36592612646883677,0.5263964647478939,-0.00788849878023621,0.3525733342011873,0.4892057940633079,-0.0028059093862250473,0.3559715303113441,0.481876225380376,-0.0011553596920925637,0.3637698812662022,0.43889502229577676,-0.000457782357970506,0.3445666355258825,0.5196005571630301,-0.0010644272454282018,0.34929794408256426,0.4786347610440083,-0.005955272443613871,0.3466154333970106,0.47296215623016863,0.0024236612529775787,0.34851837568796046,0.421958271046198,0.006092906529402748,0.3431616967339172,0.5301249710912562,0.008784516399019655,0.32862220717388774,0.5044457168588008,-0.0050473319188777,0.3164568728742011,0.470935073213758,-0.002707825287270953,0.30963458236993413,0.44611044763420415,0.005362131338090737,0.3066570772999095,0.5416209156466563,0.0044653315022349215,0.3171798164971731,0.4918539187174823,0.007989570796815318,0.32159316134074634,0.4930102449822838,0.0072886267141255585,0.3154867473951907,0.4585771581597246,-0.007293973334772035,0.45719994161084093,0.3098083882501211,0.000677161227782783,0.4707427655259655,0.29298239453010233,-0.0013334994670263778,0.45266806829916584,0.29394699269232577,0.001438273664021071,0.4888680141421421,0.293086361939588,-0.004433201682684549,0.5021738146509664,0.26438873277732383,-0.005348169356559642,0.47222319408091823,0.317632078999233,0.0020185709205232036,0.4465926335485523,0.2633937084965568,0.004919414516190086,0.4457557672557932,0.2655848960538952,0.001072787641546575,0.45431272531397815,0.23331294119528453,-0.00727655517198262,0.4359178295309253,0.3110220947496363,-0.005499651514023425,0.43004805475536306,0.2887711947843382,-0.0025332706337668157,0.45021363476771586,0.2422868539239688,-0.006042750965893835,0.43612105531241396,0.2377543460639008,0.0073340425804863125,0.42007749533285194,0.2927559180016078,-0.004193934176763352,0.4195179527737955,0.2705968600663194,0.0016854215451276317,0.4218872636290357,0.26936387938255263,0.0004392974995113177,0.4357568073076931,0.2615222282726707,-0.004834595147811005,0.40672527121632013,0.30318199790251765,0.009182917063501021,0.41291543739890785,0.2921736249484612,-0.005324010969751598,0.42026810501788125,0.2845592161236339,0.00897661366869955,0.39514904624925407,0.2718323143307401,-0.006366714992519491,2026-05-22T14:13:58.503025
not_help,0.337884725094641,0.5731481044621288,-0.008408006848847533,0.3241461949516506,0.5298950388024147,0.0013400507735408865,0.30259789757052935,0.5333895095008419,0.003931820963147309,0.2786558505829375,0.4931837132789867,0.004923708443162065,0.27823484573290874,0.47881567458663643,0.0007516288352764702,0.3482998874487925,0.5311438727220474,0.0022279038207504345,0.34641898319340503,0.5174023209934102,-0.0022313204571200963,0.37268567237011396,0.4704777057906725,-0.007322069867682948,0.34840140178865975,0.41779239468905127,0.0009692873532753457,0.34466571617794967,0.520705216953343,-0.008556460300413073,0.3306749370404097,0.48845154204244845,-0.004748598910511575,0.3281470719646127,0.4771169050712319,-0.006765072226798532,0.32877698542691436,0.44906841464735775,-0.004633780619329377,0.29907532801265857,0.5600419967753416,0.008354387476868364,0.2968209086176221,0.5075505985047981,0.0032086152100331035,0.298895940428982,0.47178720714405015,-0.008629446791236558,0.3211715610433343,0.4429031292696259,-0.0026261128146614346,0.3164709938474002,0.5325988422652208,0.005480853479878518,0.3183110064458234,0.5102044323864767,0.0014308258396987933,0.27870541068760546,0.5123755823005384,0.0010358959966555031,0.3028518300419211,0.4972035541119872,0.0027196755182464886,0.7124721837565773,0.42114185906301005,-0.007410855337745694,0.7115596429805723,0.4136363803826304,-0.006010509796199259,0.7438738965507028,0.3913248441034222,-0.0038514940336068035,0.7373847025761321,0.394353251012275,0.003007021597833691,0.7340365655908279,0.3669798012558794,-0.009747086626413073,0.7206644430475999,0.40839903296425195,-0.009341822877078878,0.6992160135451473,0.3573922100699366,-0.008513707659460268,0.7263968840576713,0.3461933459644496,-0.0008959684494987616,0.6971952360163696,0.33864725656908207,-0.009827956780302525,0.6918305183346815,0.41573139029051426,-5.804465976863224e-05,0.6951165153150048,0.3901652779479754,-0.009334777619846952,0.6847148791152632,0.3652814119239126,0.004082978005398707,0.6883864345482832,0.3304003558247835,0.007865366488110039,0.6681159486525462,0.4157659691285397,0.005987189549449561,0.6925565180978769,0.3733487651046352,0.009849752643918316,0.6671722702214661,0.3705532886763082,0.00891889813625889,0.6846318785383589,0.3591620486313487,-0.008250606561484485,0.6515313841021437,0.3978215078320444,0.0028667385989958535,0.6668545689203397,0.4103142651093918,-0.004665559126278152,0.683736492545769,0.3789726073068542,0.0027724556985865585,0.6814091084752444,0.36955271487426694,0.00759212704968973,2026-05-22T14:13:58.504335
not_help,0.6421152845114433,0.5601031411555829,-0.008003570575421937,0.6524839477069445,0.5401782839943201,-0.0015771010805633503,0.6821420137546894,0.5156931315419153,-0.00649609487638845,0.6917548670712289,0.5216207709680373,-0.005380177927108944,0.7009671781823821,0.472511665344189,-0.004840616418393075,0.6331133302681823,0.5522737152137484,0.009563108160354621,0.6647075457852374,0.5085680351162439,-0.009550581220999109,0.6649971068190328,0.4535928024873768,0.004497122563672103,0.6603672334313349,0.4458208293524659,-0.000945371936780617,0.6314908827876324,0.5457348282184012,0.001566582263181817,0.6179975339081573,0.5029639346951982,-0.002507094713127809,0.6327311401892395,0.4543133455575987,0.004025006098125294,0.6476091921054782,0.43343954086728737,0.007109406822085036,0.6022013261154162,0.5628640893597617,-0.009788010903067778,0.6153968589574305,0.4998990622419465,0.009124444482354869,0.598403241335292,0.4766850741495149,0.002052240263140992,0.5945160714108412,0.43981379859584896,0.0028708887774218303,0.5743745747675466,0.5698884838072105,-0.0041617073625510705,0.5833680245679114,0.5393965806678424,-0.006023252364317662,0.5923785872573064,0.5001770178722746,0.001928373211444465,0.5859242147590259,0.46261766105649266,-0.007663424454396648,0.6305327066773776,0.3398503497989233,-0.008766269141782948,0.6043310394412527,0.32572955181242447,0.0034736138527325777,0.6042233022052336,0.30549624945606724,0.004438170357979743,0.5694464160652372,0.3039924113508306,-0.008489607571060081,0.5761167194454224,0.2890077340252135,-0.00017464937341698378,0.6342896842105333,0.3097143353975042,-6.288976197437422e-05,0.6286699096565672,0.27391900761057136,0.00776205842126834,0.6185593393006494,0.2696469458314379,-0.008613699496225318,0.6219408230321014,0.25283736579016997,-0.007095831179510037,0.6204204274505735,0.3306904567447494,-0.0036093824871506405,0.6374072874027873,0.27984320615131225,-0.000597969473344187,0.6111221252979996,0.26609818288230613,0.006314919411544306,0.6340237725070171,0.2602812768562896,0.007123016016395449,0.6082563347178594,0.32010375298535004,-0.007538890898667759,0.6225967669379883,0.28702918905853375,0.008635144672521864,0.597448002840246,0.2969636974433684,0.0027046593422061314,0.5919888528918301,0.2747350696660045,0.00637474788842589,0.5917845758887089,0.3115815860738075,-0.00453401033436333,0.6082345460035298,0.3059017128959183,0.00382377920613519,0.5937623491383639,0.2860784931031888,-0.009505029875578653,0.5976879472756028,0.29283330032048627,0.00438583212290339,2026-05-22T14:13:58.504335
not_help,0.5116008394284723,0.3507121826947169,0.0004802131927462393,0.48529297934444005,0.3580112344689978,0.0018548175449697984,0.4513568519228475,0.3074568479036632,0.002667458005736119,0.4524053245089091,0.3001090178751904,0.002233619848473459,0.4400951753202829,0.2703176427872337,-0.0013411200766982097,0.5335084899183968,0.3224241175653218,-0.004146776328777988,0.5314642071613306,0.2774871953961875,0.0015721138783864816,0.5387708818804788,0.25232402198897563,-0.009431638434713532,0.5260250653922838,0.23580797246519722,-0.005964513189355196,0.529043027774145,0.31111987050881607,-0.009929607613499437,0.5090454873371373,0.3010282465777613,0.004038587772455065,0.5121454983109691,0.2757150185036415,0.007679287424487069,0.49919661103907564,0.22595502713209403,0.004700122617353652,0.5051580464589858,0.3491819178398033,0.0029421199065181192,0.4863076960193668,0.3152158299449256,0.0054968512070359375,0.5052725384852593,0.26744601181615857,-0.009084165887204319,0.4821985162938797,0.23763878716400888,0.007068745223056635,0.4549409561058462,0.322186007286554,-0.004714192395758816,0.4899946467628705,0.3023430183228884,-0.004760753195331271,0.4733217096823554,0.3009729793296145,0.0024505873989406207,0.4813066665957401,0.278583110236001,0.0014691661433682938,0.5456651528510993,0.7488016546190808,-0.004616028969708134,0.5958739427922005,0.7434601543773619,0.0009762246417166342,0.593634745016401,0.7315157435994768,-0.0035216341373877306,0.6079446827700468,0.7023101357774314,-0.0032911388502254394,0.6111015659560384,0.6800130468570412,0.005004109837916167,0.56600418165321,0.7434426154262459,-0.005482356093229517,0.5499976030603401,0.7048703239604975,-0.00670361574599198,0.5525290242565641,0.6720052285874396,0.0031438746662418374,0.5501053891679598,0.6117273177142049,0.0008810398881205425,0.536261569932345,0.7388516073601664,0.0001390093762254855,0.5288163363145162,0.6991093605503876,0.007125392160060988,0.5525502999362869,0.6397816172931792,-0.0036269819072559132,0.5492087208051412,0.6217650676194197,-0.007664462462624871,0.5048823855035286,0.7216532713782078,0.0032812546711014565,0.5234533650726555,0.6901578735369384,0.0058224422305227595,0.5129864092876681,0.6878260405452101,-0.0020850088788592278,0.5262024571864458,0.6481354170335445,0.00029888166970575003,0.5007890139245527,0.7355587113747699,-0.0004301902337573698,0.5091279381441415,0.7018230646782919,-0.006517474882201129,0.4883865496546359,0.6776972173083343,0.008428660008278946,0.4869607503631863,0.6701072478094002,-0.004805418023315229,2026-05-22T14:13:58.504335
not_help,0.6039394770556836,0.42843271175650116,0.00928746599245779,0.6280107527949,0.4150945163606178,0.0037632090189308465,0.6659241502181164,0.4199709215650299,-0.006060749473068941,0.6529068418179215,0.39023369847844963,-0.00038285508503005557,0.6773706478156104,0.3682362812718121,0.0030375145904373395,0.619505852357303,0.4225775313549032,-0.003822949621817313,0.62251439494703,0.3932423653705495,-0.0035075318350970223,0.6170644488267597,0.3531323776921412,-0.001293915707854778,0.6212146888015803,0.37081672845418046,0.001861616346054749,0.636567347361297,0.40443261572756173,-0.003635249584618714,0.6277128532970369,0.3807697761205581,-0.008263829253642281,0.6350499651032356,0.36997509923437666,0.008522571902666096,0.6110474635167953,0.34501003502113275,-0.0059554508646212055,0.6266439887621182,0.4019615788758241,-0.007550908612474341,0.6107068796014605,0.37959332070222634,0.0034309594102081235,0.6209488918197178,0.37448797294424596,0.008840312963471207,0.5939308203365266,0.36936197201807963,-0.008461406187923255,0.6037321592011754,0.4056589438658605,-0.008992555232221741,0.5812394800414008,0.4128025053878922,-0.00738357956593918,0.5905203559616524,0.4068563984021104,0.006986520636818068,0.5982098041255518,0.3683870036884708,0.0033519289273158167,0.4357306953050023,0.41363820071593405,0.0037915787735050156,0.40546152811094416,0.39778811045361845,-0.0033829863472008784,0.4218628815168517,0.4018974409119224,-0.006676430817780616,0.3884932949535935,0.3680356623104213,-0.007793319648635522,0.4039814554289516,0.35123501549884023,-0.0046130776081139534,0.4722564596444202,0.38818556527922654,-0.008183374477268832,0.4671103476068997,0.3727650519223602,-0.006784390856224798,0.4528185984731308,0.3584683830359116,0.0005403934740039022,0.46371290914285695,0.3293282601003529,-0.008807061694638206,0.438228890757971,0.38538427977006,-0.009482726593421715,0.42609804435045545,0.38964944562535625,0.002082515392350765,0.4503623776084801,0.3555771460231954,-0.0014029694773484806,0.4628377214800357,0.3150151389262388,0.0010772491255440202,0.4110835052338746,0.392685702325523,0.007835013837521778,0.43780109421673336,0.39662479231998843,0.0009321544732606487,0.4440799000405322,0.35400189719602687,0.001811792894942153,0.43374392080438984,0.33957339314306567,0.004206467373177763,0.40868380905883267,0.4088139291759335,0.00885789357959777,0.42571484682157046,0.39966055930109035,-0.0020903541720201993,0.41408776820196647,0.3916207411453325,0.0035809550080918504,0.41291345828523757,0.34464017415714515,-0.00669895401219865,2026-05-22T14:13:58.504335
not_help,0.640511544925705,0.5892172735374543,0.008553864441855906,0.6632332303630144,0.583696726197924,0.002409697843886432,0.6583317424557581,0.5765874441380643,0.006462277553079319,0.6634448857157189,0.5344375893666558,0.009686763215654886,0.6701617991919666,0.5446073883897818,-0.004995795855046577,0.659156259666942,0.5786813785889565,-0.0014107574172771316,0.6471430732055805,0.5523244971179145,-0.001811010098176533,0.6556494809768922,0.5415149669510321,0.0025845161436114372,0.6487798289936434,0.5131489389613051,0.004257175742236255,0.6323100431461718,0.5557312118570507,-0.00014576121946807685,0.6562635247521968,0.5606191806975453,0.0020632537259723405,0.6405284942261775,0.5276451463536651,0.00668788305617019,0.6365986303965201,0.5108724408013849,0.009122616982379794,0.644905398619031,0.5621132903586442,0.004740571074955562,0.6179740766312689,0.554739997714644,-0.009708277126667364,0.608538453370163,0.545431209027107,-0.00561807649879923,0.6253398145985641,0.5267962557535707,0.0059838044918233396,0.6307495965719873,0.5740780610149812,-0.0027903693962825545,0.6174474001834618,0.574200250087709,0.007547035156708964,0.6238742112411194,0.5637433552096598,0.009975977763046163,0.6163205789344848,0.5358282437862046,-0.008092516855505867,0.58854818917458,0.37986454904148914,-0.009730512314513598,0.6297284173529532,0.34345346944565536,0.0010306068300041799,0.609717522770344,0.3571212274444585,-0.005391139566680805,0.642284747945728,0.33623898670683977,-0.002115431786560049,0.6351990165029312,0.2986177055570016,0.009843291184840583,0.5967229321335669,0.3509500044289427,0.005753991222688505,0.5932723619528407,0.33205624999627753,-0.0013942385361893784,0.6303479689524955,0.29645948935641137,-0.0011173703345052736,0.6159630883340154,0.288166414418733,0.008884767725719613,0.607638068529973,0.3580602593142956,0.0038250225418279427,0.5971564722847644,0.33171791447038623,-0.001286159032055043,0.6124463416786364,0.3077912893834204,0.004467199487173737,0.5913565995226655,0.30212524006168756,0.0042936144755148335,0.561513773411042,0.3682825945223094,0.002670688562361306,0.5723239286325627,0.32786360734490827,-0.0004115092694134681,0.5769180062662419,0.30821350810419657,0.00225595126945999,0.5751999424307197,0.30529008752467235,0.004151941527633684,0.5814305421236461,0.3472254507964825,0.0016229872739578263,0.5651768152988518,0.3312747047795422,0.006684379872292768,0.5625926854610173,0.3291672163476437,-0.0043591958850546985,0.5678648970444724,0.33452072801367305,-0.00964899946801008,2026-05-22T14:13:58.504335
not_help,0.6350748423102784,0.3704559943174001,0.0028577280453064118,0.6249612441064587,0.36011472054123483,-0.002322922980039459,0.5969537716461324,0.3267684642242139,0.006785828086622826,0.5930167881914944,0.3139283659179279,-8.598794773182275e-05,0.6006490838123949,0.27839030812862525,0.00757322668319233,0.6631662469167082,0.3447180068820237,0.0035564276268919923,0.6690032104273715,0.2950207230380255,0.005608597916628762,0.6534072046055248,0.2759375496882244,-0.008844730041001057,0.6826858352907581,0.24023856532839571,0.009312952876048374,0.6617606949174317,0.32025257433044896,-0.00990974480413861,0.6574674158367508,0.31497808165708,-0.0009443641377524896,0.6525727765237378,0.27118201355612376,0.006591171344153287,0.6612259721477594,0.24023857475571944,-0.0006950214532658368,0.6112114425032419,0.34754524154656724,0.006017198409272518,0.6288258055700332,0.2965660809803352,0.006664493883519437,0.6089720269875621,0.27111786447218944,-0.00617414357540381,0.6148929198697985,0.26875686017681916,-0.006240892640032627,0.6256376497208456,0.33621533793901265,-0.005140373531451286,0.6233311821986345,0.3371932381663186,-0.00738890592820495,0.5929492038341689,0.31524669943489114,0.0014048362771632572,0.6203279571014247,0.26108047169904064,-0.0043706818692147344,0.7419170602666464,0.7750690335381484,-0.005793463302871087,0.7532085065415225,0.768017019570247,-0.006120427731374984,0.7403736490060574,0.717932190827714,-0.006164753419394842,0.733266891056384,0.6989446505716045,-0.009171161223296568,0.7197380885759566,0.7137238522397792,-0.0005375295550134745,0.7838204385564292,0.7424213607741642,-0.009013100924408653,0.7793729718370973,0.7229746750990524,-0.0039198174295613985,0.790062864732346,0.7056864024957064,0.002324421402884762,0.7860579970279523,0.6748326795288665,0.00314034438072674,0.7741877992823398,0.7453744875565539,-0.00801117550649759,0.7416142783886723,0.7079302922577576,-0.004766319901222063,0.7730698505785629,0.7016136790490395,-0.004667026553896705,0.74938737130962,0.6786404437983343,0.009845830078024557,0.7395261162934537,0.7426292685109295,0.0022191233955115557,0.7577789126185107,0.737490339009174,0.009652649607673649,0.7612929526645165,0.6978861218895106,0.005842792917387657,0.7427428981704229,0.6738874810122483,-0.006486423317325605,0.7158284677783218,0.7431347954003715,0.0009416423285673204,0.7130558243678157,0.7542996527209969,-0.0012899169917279293,0.7197164177705426,0.7345463574380403,-0.009508870487654196,0.7244464934568443,0.691611997283587,0.004497335245832422,2026-05-22T14:13:58.504335
not_help,0.5389741107365338,0.583444609775341,-0.009571229762599522,0.5149349890575581,0.5471023666839445,0.009276332014595714,0.517554539553675,0.5347659190526596,-0.008661437695202404,0.4949772397015163,0.5203754752762464,-0.00568548414765321,0.4985465738713227,0.5359133532558382,-0.0002797655770546397,0.5537451229206101,0.5494162173153908,-0.00660902990404195,0.5407988237720658,0.5371892337319694,-0.001330767765752779,0.5380870970638602,0.5276101085941334,-0.0009680263062303747,0.5456724691371629,0.4885512575082414,-0.0034356269302337327,0.5266046180501551,0.5482011862281234,0.00419251447248151,0.5415607553735403,0.556089530615486,-0.006433969851575089,0.5304950250861797,0.5275995035492203,-0.0014015580222929407,0.5526749046206826,0.5032842373159138,0.0034712071902416233,0.5469779012314381,0.5797081397416632,0.0017456142592404914,0.5432426949581841,0.5392382824293578,-0.009296179832648896,0.5171693009349919,0.5247671607168932,-0.0046339591686379265,0.5146973573440933,0.4985109952608129,0.004681908871892819,0.5162016145128088,0.5615152907925912,-0.0008843895426757162,0.5188019019158904,0.5656566942390989,-0.0035165015888943005,0.5300484819711724,0.520530355324489,0.0036409581028051478,0.5219986788602938,0.5441494831503437,-0.006562440905757201,0.5057963248776015,0.3392326511946188,-0.005965846302874756,0.5150027210189854,0.3253256352104159,-0.0002735170728815437,0.4901848626699358,0.28036883534861456,-0.0063915451639178136,0.47454501713332364,0.26456649439036284,-0.005304363807641461,0.463226784250854,0.2629444362890909,0.0008326010275141286,0.536264553282029,0.30644897152113226,-0.007159236420751494,0.519764372907702,0.2918151031025056,-0.008303588238371558,0.5435572687355108,0.2690624969731848,0.00624304459845784,0.5246286312802297,0.23665533584472984,0.001315424279490305,0.5049660484112446,0.316399421896683,-0.006837852164171785,0.5298833621552866,0.29602623010964413,-0.006973652043692474,0.527110213257504,0.24574173088383833,-0.007978858320677917,0.5157936622841924,0.2348631454491689,0.0020499638580584855,0.4905487283005172,0.3045264925596616,-0.008670150308591983,0.5146189841629177,0.30453335277622295,-0.004231581330425738,0.5210466624320566,0.2652236708193285,0.00944736320166265,0.5107137121488804,0.25166580091533336,-0.0030016591454998156,0.5002399002933784,0.308638214866959,-0.005156118374486811,0.4913527478809539,0.2962007954354822,0.003335361568590352,0.4945645588575452,0.2623531087507205,0.009952507237962262,0.510873089141376,0.2854825178771537,-0.004521544988225914,2026-05-22T14:13:58.505341
not_help,0.6900735692676334,0.5266201453231036,0.009963851230168476,0.6770253400848656,0.5306990690974283,-0.005326287307868207,0.6556667332815755,0.5071357662313268,0.0019319805460245344,0.6459778540604507,0.5011787539199606,0.0060138412305685545,0.647728028720107,0.45367813585363786,0.009820746430073852,0.7250395215638664,0.5199550448469746,-0.006008261461140858,0.7045582616952076,0.4983867410654283,0.003946449422499084,0.6943471685318349,0.46810709176766413,0.00030028780977857904,0.705942183500848,0.4619935886265402,-0.009004622208125264,0.6887640059241791,0.49449554731369066,-0.00801815094491866,0.6963829715088999,0.47641955542911396,0.00698232260648487,0.6761312472808041,0.47826880627310464,0.008721697716562738,0.7012015802675027,0.45181792904536755,0.006082336690094772,0.6631316955389275,0.5069876225360754,-0.004741875239534634,0.6723121591628989,0.4781818689449996,0.008114578146397025,0.6782651048564491,0.45445965166449376,0.0012800987399548061,0.6952661128358862,0.4706101410194648,-0.00986507408645323,0.6690465599635897,0.507692162681512,0.008689494306094577,0.6587014732903281,0.49899128411511257,-0.0060102802827319765,0.649672113361824,0.5041604673681636,0.0007133593367005635,0.67083312111935,0.4666485808434491,-0.0064669025822347865,0.2560494581331998,0.37952515442304186,0.007583282321285819,0.2769058048333742,0.3357525553605546,0.004346993760387281,0.2945415034500371,0.32714254448564883,0.0015030008095011042,0.2953336959618434,0.2872675258050308,-0.0029621017500290007,0.30809636996949336,0.2836879122258312,0.001633896257699996,0.26560665880342416,0.34145847351953273,0.004220600463140718,0.26152903823164836,0.31497308526552786,-0.005431164523732524,0.27212508989890966,0.2645368945245424,-0.0038159845640722036,0.2897580385096539,0.24994123714033845,0.004160863903357754,0.2474244844179047,0.33110904511296724,0.0007498746028377339,0.27254150822229173,0.2976486299191571,-0.005389746341852892,0.239962944547862,0.27613868144833603,-0.00569249106270364,0.23438783866345547,0.2694763597751266,-0.009608398769596117,0.2538341308438613,0.34823928013335814,-0.0032207840623767756,0.23042093429405308,0.32441750116089124,0.00468107500456387,0.22775430834310667,0.28878997512151144,-0.004791905654877089,0.24672919121632667,0.2766173479444766,0.007029232042007167,0.2389105349435082,0.3620406634226742,-0.004154083369723556,0.2016614541583269,0.3124362563145679,0.006726945777652123,0.21970946320333729,0.29453693003284037,0.006022605894852517,0.2180594623637277,0.2867745369189387,-0.004376319454501778,2026-05-22T14:13:58.505341
not_help,0.6210666687067636,0.4155328910775862,-0.0009704109262121084,0.598806840224217,0.3842715937635915,-0.0009491927509781579,0.5850263501025494,0.35109171398186295,0.004744715687563404,0.5696756466264891,0.31169865503892635,-0.006657469156580351,0.5632946256778624,0.2985935614556306,-0.005663494416664345,0.624684601585238,0.36215794899179504,-0.006042000155331013,0.6447365486766591,0.31319604278230384,-0.009367662443115965,0.6371590071635939,0.2918385797056875,0.0013990410681579048,0.6419919708857892,0.24355195420045755,0.005094896407505687,0.609766346790919,0.3535204195692892,-0.002674108528637387,0.6049635571889741,0.340206362310801,0.006194218836110503,0.606592757114758,0.3004127336355423,0.008723125471515889,0.627188678725427,0.24919590526790014,0.00281091388712517,0.5988504682802659,0.37710342113616624,-0.003318814407244626,0.5904863505414374,0.32284086638017323,0.0031412752993606827,0.591490708448373,0.2999103994736953,0.009624190874747791,0.6018417711482474,0.2668034071846867,-0.0043792547266516555,0.5740883975842807,0.36712898336106964,0.0029833769842225917,0.5799573352068349,0.34439881579940274,-0.002365314044987696,0.562280445978087,0.34594135839053586,-0.0015373315650702227,0.5983514766952299,0.29792422866089424,0.0027222848441071992,0.4747297709984772,0.39230764582273203,-0.0006690470931580914,0.4105125404096235,0.3865948017056729,0.00117872869559567,0.4223382877727849,0.3499408997589129,-0.005842274649771069,0.41484090051540334,0.3205546722820239,0.005969190939952558,0.4000422592865549,0.2870536868604838,0.004712359269207839,0.464567495524618,0.35754640680010985,0.006808933692186608,0.4646595240357081,0.3054419120821893,-0.001851408751323582,0.49747077155501424,0.30405001718990254,-0.0057488878956322795,0.47912955918303557,0.23343957246596456,-0.007981964402215116,0.4445129350213243,0.35739592685884186,-0.004624935937612123,0.4739760643091983,0.33689222850429207,-0.005629754353086893,0.47283371696610466,0.2840462061943495,0.0007415997198247527,0.47541013487114686,0.24413037462246112,-0.002032844237715962,0.4487749496759974,0.35229155084994046,-0.005555198685505745,0.44931162815267034,0.31340497505054404,-0.008868306234245964,0.4476863255682607,0.3040685854034222,-0.0013830220193851335,0.45156646301587433,0.29070089556594925,-0.0024680506554665806,0.4291460027020548,0.3747138182542943,-0.004989047735984789,0.4005821620113624,0.3342063095040558,-0.0076769624885924094,0.41213933982349993,0.30300982453034175,-0.0011402096694858813,0.406329913906044,0.30146801323984956,-0.0055484658793031015,2026-05-22T14:13:58.505341
not_help,0.44356797471018966,0.46357006565905845,0.004452717298888156,0.4909117471984292,0.4382632143198214,0.004672355747371976,0.49421271632486113,0.41983175669802364,-0.005483627262188265,0.4976434094510518,0.3888210507186449,0.008399270378080586,0.505356581408695,0.3940726473933662,0.0025403873859922224,0.4652198011049798,0.4394356703916402,0.002770068500118728,0.4642099694488155,0.3905820388518236,-0.008605388940096124,0.4567269264161484,0.3559736670836162,0.0040343521191662825,0.48631441387894975,0.3450763526137426,-0.005382028490901767,0.43752163677956324,0.4397492163852956,-0.0013674393046217183,0.4673980028362674,0.3996412929013393,-0.0017544831988641155,0.44101338819373165,0.3878695272275955,2.7470810835794265e-05,0.43561375474142705,0.34200464539876785,0.006120360664553409,0.42675659531815574,0.43959664156062844,-0.003486519990664463,0.409830661011357,0.4230473769979601,-0.004812806768046727,0.4294771696213918,0.37521170791254554,-0.007456050707064905,0.44680271432096563,0.35820249127546505,0.0043776523935452945,0.42642722334348726,0.43356885376637366,0.0055425916535730944,0.4089724867329479,0.40612616991005285,0.005353095911478589,0.3952512567880921,0.40922399462874554,-0.0052522041087910585,0.39429930502548644,0.3657537890597087,-0.007550593464855675,0.38852334105579617,0.4389304771006234,0.0025576775272034384,0.4116461225287553,0.4095747066927668,0.007101398875128321,0.4407021178257358,0.37059951282936127,-0.009998826685043339,0.4309267774805674,0.3668857952159625,-0.002262841738858084,0.4345862832456637,0.36159415985199256,-0.009876611467623085,0.394597242890806,0.3866645260563962,0.004807147757679741,0.3922536374823813,0.35064006811783704,0.006415980528890296,0.3961768865537993,0.3539707271065409,-0.007512986780637103,0.4061636885428342,0.3115240065786494,-0.003112808893752872,0.3874781431866849,0.372677032651722,0.0007685916889728171,0.3886413539280196,0.37218608224442323,-0.00013367296540848193,0.3926928741340003,0.3512613362492925,0.00820388842525426,0.3786778155054043,0.32348177498583863,-0.004113297727845886,0.38778559488543635,0.3928997940804047,-0.003822055198342003,0.35861979406926353,0.3562212639898899,-0.004457517330762866,0.3648163009147557,0.336967156941537,0.0023716771542363242,0.3857706724741633,0.3203843039697307,-0.0051993026049199885,0.34746779290503993,0.40605669406126993,-0.005757387147059039,0.35486281381799095,0.3721449911882054,-0.0011102659047890154,0.35112549795105225,0.3611977604784332,-0.006781320009966185,0.3759240638783798,0.3468853770793862,-0.001399961578009706,2026-05-22T14:13:58.505341
not_help,0.6058285071167748,0.3781255393219358,2.6666269187678934e-05,0.6384407314454443,0.3946509324969331,-0.003785321380226232,0.6416949304080383,0.3724812479333527,0.0047521549972293995,0.633154059664289,0.33295929058395113,0.0037860274051015313,0.6474922662051247,0.3491979480393587,0.00910237895929567,0.6158473420491288,0.38912303553722377,0.007018786367824924,0.6132501694774761,0.35863980677723,0.003945818434923098,0.628730733959779,0.34285469515862727,0.006984409506470923,0.6082431377784115,0.28732527705157196,-0.005813655653917409,0.616880218600311,0.3887610071062212,0.007319993099229599,0.6107151545821958,0.3595679472044396,-0.005937789018668058,0.5971584160534824,0.3205475128434029,0.005999260527887037,0.5919779745539884,0.30548758939124226,-0.002885249485784622,0.6148952783907481,0.38743371176201447,-0.0012564950822640478,0.5979215964936897,0.3383036724294108,-0.002062405697244172,0.5867300354718282,0.3407386616069917,-0.00611493993076804,0.583510199992141,0.3131413572301764,0.007336580218558592,0.5664211849338714,0.37134943002794285,-0.006994618422524596,0.5711805862584467,0.3540144321523459,-0.0018379891576636859,0.5780432785345143,0.36046194221631456,0.006855603998289229,0.5869840962021816,0.3226096204624565,0.004147868959045209,0.37626880866464063,0.5844892729792748,-0.009485172428134911,0.37063633370360854,0.5500034999672464,-0.0015090830682179604,0.41028014431930065,0.5450264356639737,0.007091714086545664,0.4191496158905224,0.5272523436947224,0.0005270448971431297,0.41537912878016625,0.5157297057456837,-0.0009835452782179389,0.38053867071872033,0.5672230899752623,-0.0008765717091474851,0.3724689245370541,0.5116573621153175,-0.002700465733138555,0.39560836846286535,0.48638419358373874,-0.004918003533971589,0.3868822086973154,0.5008703896480834,-0.003940812405661385,0.3500982601899222,0.5412343001509593,0.008639787128936162,0.36751001467205613,0.5194050020997649,0.0014422278520887927,0.3631067550414113,0.5167873281900782,-0.004751243204606348,0.3620984245698644,0.4750349186379015,-0.008576663095306566,0.35274052469509903,0.5618558005620977,-0.008599602448583724,0.3660417082325368,0.5496337331720526,-0.0013916649509403082,0.3428359097176718,0.5173419564165416,-0.0016138254872901676,0.3568559871787577,0.48278610128508037,0.0069704317957963256,0.333913563436659,0.5419381627754819,0.005602045687196671,0.339767337817164,0.5280175489396951,0.005247170005791352,0.3539833258127139,0.5284647152482009,-0.0051020059300752795,0.35359527876132996,0.5151813079088595,-0.0037173501377314056,2026-05-22T14:13:58.506350
not_help,0.5084360673385188,0.5450555745662027,0.00816285253807284,0.5142032307844544,0.5103593114735832,-0.006419794154070477,0.542315263343741,0.4819208516927223,0.009873684702423577,0.5473541446811055,0.4672730924488261,0.008432009859238107,0.5395469497865923,0.46280070770109394,0.0073690580321637365,0.5088978522749897,0.5064381610599321,0.006266580180645584,0.5152350224084741,0.489595796913632,0.007022885716654303,0.5012653104258769,0.42449307517880375,0.008330098915736115,0.5090858313915639,0.41747087807595507,0.007333014603778233,0.510286077555145,0.5013595901704616,-0.0010210455682698322,0.48465877167978344,0.4846603452322772,0.0063486810181284745,0.4756051432997765,0.4236892623366368,0.0026436472969645804,0.4730941538503856,0.38782988374371935,-0.0018095118862987356,0.4598746603502709,0.5112565032421844,-0.00011535867460495813,0.4786031494562277,0.46210857785249443,-0.0007243993946849606,0.4828352160060417,0.47193183201125066,-0.0028732860699324774,0.46615283547488245,0.44292962545037745,0.0026843586522643653,0.4741487368014894,0.5043827645533057,-4.25722893492228e-05,0.468542057776124,0.5090686399436031,-0.0021302171205891778,0.4590691674791212,0.48536506227874787,0.00031901378245919286,0.4687489661461056,0.444374914728149,-0.008292213669442144,0.32425424461369695,0.7001771572124058,0.0018885573998885172,0.2952728471860998,0.6716056408696043,0.002657503611864143,0.3145197803840663,0.6471229114048213,0.0006154594337135638,0.3136143911717833,0.6268456673889133,-0.0038641869065003396,0.27071169489382746,0.6368068285758746,-0.0004934622401682638,0.33794945825289685,0.6593942554620016,0.0077413214108485815,0.3742358804712033,0.6413210577587877,0.007483514303992777,0.34097150376451035,0.6244370418680043,0.005616471589157922,0.34525826783092384,0.6071994163157313,0.002695891020933214,0.3411366727415256,0.6457236736233519,-0.0013225220124406904,0.35665298056015526,0.6476504352384336,0.00961395177787318,0.3578754889532948,0.6256391224895661,0.0006622257932836079,0.3225604898605608,0.5766578363499142,0.009426321060889054,0.32607718080650777,0.6578836254321478,-0.007135520718913933,0.3372700489970094,0.6334329585363937,-0.009059318286982596,0.33418570377423346,0.6351043078727762,-0.003399577894269843,0.33807961998766767,0.5881113379893431,0.006250859202028098,0.312718882737484,0.6663357987797598,-0.0052898351721636,0.312490741866205,0.6543504199424962,-0.009249053569117448,0.30442988347523386,0.6473713602615587,-0.00919830466579082,0.29066221109878826,0.6307392738829951,0.008388614289053886,2026-05-22T14:13:58.506350
not_help,0.6324667347496914,0.5503729320948935,-0.0019798762672618483,0.6071097741951823,0.5637032617364305,-0.00926992537216284,0.6339414972114259,0.5527844001992354,-0.009107157716442812,0.6048029536279239,0.517843936170947,0.009873437478077658,0.621051262175799,0.5025370917371044,-0.002304432289490046,0.6458731990609181,0.5573408103094821,0.008970211470160217,0.667606167719885,0.509764230800935,-0.009391798264294336,0.6508364322288317,0.5070024601952821,-0.007552105385474534,0.6530775515511614,0.48491254325059424,0.007525209121624977,0.6332168444468115,0.545402366870444,0.009882049488900571,0.6214473743086257,0.5407447791744971,-0.005847113558400463,0.6420913327519818,0.48972233162042533,-0.00838832579198476,0.6609150613717799,0.4730150962675976,-0.007934948370686513,0.6385189356731225,0.5607162461442169,-0.0046994018302274525,0.6144992637470946,0.5435093469941442,-0.009491020792636688,0.6249136954864257,0.5052906702144363,0.0013947562387518868,0.6182290716886375,0.5153410044075377,-0.0050582504712153795,0.6159262325911197,0.5707105087616653,0.005254158699600095,0.635377544152863,0.5278893360221054,-0.007885642707014773,0.6346152480938331,0.5453145442915489,0.005450253246169495,0.6317108780258783,0.5258253972359181,-0.0005765711936175696,0.6400129570964221,0.5957979393499095,-0.006996710661544938,0.6540582103630375,0.5954458975942999,-0.007663171393513448,0.6806671401236205,0.5491632150926694,0.003388238724394905,0.6804026625305477,0.53055311395029,0.0018444831970036747,0.6847124013520137,0.5223535638339706,0.005584992987815398,0.682631602726637,0.5651554234851782,-0.0014553859289659285,0.6591976931016426,0.5507333839585475,-0.003965401584541483,0.6533493114114579,0.5389106897390007,-0.008693273321839293,0.6499187109103048,0.49471808052488103,-0.0014446731492846216,0.6463360941149768,0.5744136472619126,-0.007614415862908146,0.660008667436506,0.5375043367946137,-0.007941583738864054,0.6529227322594218,0.5223837351475742,-0.005140502057408542,0.6550069340361683,0.5085758967779238,0.0020851748541441985,0.6160045118864242,0.5739980669238121,0.006134512989623005,0.6234003187379414,0.5571285396683403,-0.00529813978160371,0.6358063810701943,0.5405965780662391,-0.007342759884660852,0.6282825824110269,0.5091107824940957,0.008351397749973765,0.6101578934633398,0.5831150366694309,0.004571267475650922,0.6303000309014517,0.5668723732091311,0.0041057899777694525,0.6046074633956404,0.5363785466486197,-0.005634896060343293,0.6248765040854902,0.5197455829400605,-0.006764864247334973,2026-05-22T14:13:58.506350
not_help,0.5127672369652684,0.4060993809395968,-0.005740676643678619,0.48578819521931116,0.37592104300532403,0.00394524173885471,0.4392564614045849,0.36967207307388933,-0.005024592149598846,0.4417345122276764,0.32729384111719934,-0.009342221743566373,0.4199424429619657,0.309041500613105,-0.00561942083347907,0.5103618636296666,0.35869982692000396,0.003919688238033738,0.5256319512211665,0.3123736391677436,-0.005248034606883887,0.5469419448137122,0.31354055563815353,0.00605968384192856,0.5147732853980266,0.2799345431635123,0.00721258985258936,0.4849295120396006,0.38416089455639185,0.0012671661081367584,0.5247768037903016,0.3184807519582,-0.005790052852086501,0.5027783335967027,0.3081225915911473,-0.002696727774731467,0.4853664367048527,0.27009533113422196,0.002046285306072315,0.4744647167084221,0.37906588252081386,0.0028895523948192503,0.4696720073404899,0.34297311143248077,-0.008974273532098224,0.5004634871351379,0.3027016149144428,0.007556828125899381,0.474788894920693,0.2892164356878907,-0.008413828345732932,0.47141647340385306,0.3881365932226994,-0.009753481438788833,0.4487028223298781,0.3549316952629691,-0.0012260095065575669,0.4751455391359957,0.33554603806531563,0.0018492259884512093,0.47646540552361893,0.31723620857959056,-0.007351860946303945,0.5959060104719721,0.38045283425058785,0.006002575571892392,0.6285976855274035,0.3589551673759717,0.004229259354993957,0.6412871462047455,0.36983162744304904,0.009688287505810063,0.6410036352128865,0.358908444717594,-0.009268553726570514,0.6365482925100663,0.3374600046660745,0.008292864493339306,0.6174226828002279,0.3821990517308061,-0.006516537019572431,0.6399287415082454,0.3290972871195772,0.005781266363659209,0.6102021677049643,0.2956731224530382,-0.002206874688253724,0.6341146532856099,0.28895733695212544,0.0031408289129549027,0.6048215534066176,0.3839167074444317,-0.003104208425647563,0.6124712618410684,0.34339539477569714,0.0005346254373618554,0.5843396712253089,0.305840260930993,0.008162027769318169,0.6084234556749989,0.2835539218520073,0.003202180309810952,0.572467475684714,0.37563519389428296,0.0003871905774641034,0.595456688336141,0.3525603866406986,0.009247313644145582,0.5678860454882648,0.3291121994111971,0.0017853717219023287,0.6041920530272843,0.31384072698760446,-0.00276923877873986,0.5602509716061548,0.3545824307344638,-0.005880336280412919,0.5933479641289366,0.3660781603776063,0.003549477167943413,0.5750230746507743,0.32301226401773714,-0.006096920937448802,0.5938442427570806,0.33540992710409384,-0.008606377753051777,2026-05-22T14:13:58.507350
not_help,0.672096512789845,0.3857956950887117,0.0005409810617897446,0.7086804636728257,0.3837293713931341,-0.0010596163977539211,0.7042658312345919,0.3802522027451098,0.008471209095604759,0.7335048638379548,0.3591818562668172,0.0037410384778501435,0.7451173870360337,0.3410993930879511,0.008747327691453364,0.7051083708775875,0.3659813711199426,-0.007917341677729187,0.6866400117492458,0.3589121528998106,-0.001307117134161831,0.686540964380291,0.3243535955051861,-0.005410492615846929,0.7064842896322401,0.3030853885552572,0.006916204241776592,0.6771011515536491,0.38533465726423,0.0002705927074981903,0.6882265131687211,0.3613442373547692,-0.006644536183000145,0.6881269374425479,0.34297041672553946,-0.009131823299148936,0.6731601837336709,0.30840502228247707,0.0011489104576422535,0.6614364620308838,0.39242252065414956,0.004610438046596435,0.6809731549199748,0.343444819194716,0.0020071120368104142,0.6627770710380675,0.3505034849761219,0.009048893201538474,0.6454491554133028,0.3273256060655382,-0.0056196207996727626,0.6429914907418899,0.3718202855236018,0.00559605787136443,0.6391282243559826,0.38462440175559637,-0.000775226720709064,0.6432999865418636,0.3475847575286108,0.004015608351060891,0.6646336831207109,0.3521612677548661,0.0003471211438128407,0.35259048502865487,0.5261364786566913,0.004943585354716866,0.3708371131602399,0.5089852145570851,0.005635185951912173,0.39815199922552913,0.4897258368589379,-0.006618296627457256,0.4097339426074205,0.4886113332472688,0.0007862040671367931,0.3894919257300382,0.4579246769173697,0.0022242317629350503,0.37030448691815404,0.49255707838491913,-0.008187098703669767,0.3446060864379911,0.4861245283346849,0.004704700245902938,0.36983204446363055,0.4322328613951434,0.002646426806919306,0.3591107585964003,0.4365773783152606,0.0034937017772872173,0.3277440303919305,0.4990986436628421,0.0004070062172566377,0.32554948705638215,0.473841787658999,-0.0007252508746624555,0.3435902796309111,0.4506508796972009,-0.002779132223076011,0.355874860506483,0.4008279093407363,0.0062006105466416595,0.3379416958550646,0.4986598154022916,0.007436148236251454,0.33197893918872223,0.49482922760563997,0.000855849052038362,0.33606389001189096,0.46758120196366515,0.0073768740983803285,0.302094539376293,0.44426636822058563,-0.007750581143945203,0.30196961781083337,0.5058896488846919,0.00370035046504057,0.3041053625381951,0.49917338892900776,-0.0041038321752746906,0.2866983484773349,0.4727519398048292,-0.0019664450509911877,0.31905385680289977,0.4662553316199832,-0.005997423029384925,2026-05-22T14:13:58.507350
not_help,0.623986731161169,0.4353556052580672,0.0057932063435565204,0.6471983125065757,0.41068559258812887,0.00045971842925327487,0.6715995090257134,0.380880511705926,-0.0030707589295618874,0.6585184100524265,0.363406461934979,0.007193413700928504,0.6864848368379225,0.3245732950565542,-0.0038961213521072425,0.6359532125872754,0.3976314113063816,-0.002056114439339571,0.660058243139584,0.352653170812827,0.008795738671389905,0.6467078793874947,0.321256148596552,-0.0026444827214245677,0.6233868820452501,0.28470541619709633,0.00501517846495966,0.6319120080489508,0.40819706111865406,-0.007757079809971557,0.6412499504839647,0.36130357842980904,-0.0019858882220948598,0.6286433115716081,0.3287614291195792,-0.0018274122386143943,0.6269455490651721,0.3100827202153811,0.007718051139742171,0.5859587791840162,0.4094628161660862,0.008192122188377277,0.6135454894605205,0.3778591185552194,-0.007582403736294885,0.6120479552998428,0.35275006120163416,0.001868765356652485,0.5951459719489118,0.3037451596308871,0.0030296459333026965,0.5943264853805893,0.4046840093230398,5.1207131377389165e-05,0.5778785950499832,0.38312950861363804,-0.005719780238067569,0.5699443023958932,0.35004556560246763,-0.001909226750010323,0.5904022538095316,0.3469455437280432,-0.007655284371421081,0.5199078932470572,0.3194629251919553,-0.004948529457271775,0.5441044189211401,0.280485188752287,0.008279162892544269,0.565087430365283,0.28885313942506036,0.009331803520489368,0.5928236322313412,0.2486790696059337,0.00588006117874708,0.6047191856425223,0.2338092624975426,-0.008837926420784752,0.5675611674445824,0.3103410237235921,-0.0030872943889675474,0.5454859169533691,0.26349340132531723,-0.005847632542372348,0.5369283446386243,0.242071231748886,-0.007099116925949376,0.5715789119729673,0.2296517161084547,-0.008749484929160634,0.5185313865098163,0.2723105725445824,-0.006656827036499563,0.5419178461466984,0.27043676375892967,-0.0025012786657841457,0.5400364205150326,0.24618560890918154,0.004082421891847501,0.5485960462587065,0.2113967043430564,0.005612180160738793,0.5246077318290187,0.3011071706083509,-0.004314775267778684,0.5221124867916622,0.27478549260016927,-0.009714135872764151,0.5302218351023551,0.25291173541182216,-0.0017980057860383925,0.5255543850142863,0.22733456907062338,0.0054808765344668015,0.49675512019860396,0.28260075183575406,-0.008772934909218615,0.5139853121431052,0.2871007683243176,0.0074683310226802985,0.5142897732279429,0.24692569830107378,-0.0054408090575178945,0.5071437188163944,0.228618986053931,-0.009391555664499738,2026-05-22T14:13:58.507350
not_help,0.3789782626199641,0.41793037664421795,0.009401083196578853,0.40145652660189957,0.38884131066286703,0.005462003751166787,0.405982228128534,0.3552730862265409,-0.009283248602673795,0.43404992824505034,0.3190233987193768,-0.0018202396425024171,0.4372494550286105,0.2986662872744809,-0.0022593643808222616,0.38344431712408295,0.3652474747620378,-0.004288799414637468,0.385661703865192,0.32495787988780556,-0.00858871757574078,0.38596307546190683,0.2928586027426455,-0.00666564233020992,0.3814726857869717,0.28083574753262186,-0.00918401987768108,0.3786268032145416,0.36435984895371065,-0.006580350535061981,0.3785636425707725,0.31921943227764316,0.00027225508165824343,0.3602958731032776,0.3117850929576464,-0.00776383689607439,0.3721107283313001,0.28440340527861624,-0.003374372604198899,0.3434765981968385,0.38087352578332023,0.0055616166263501455,0.36708285105282196,0.3288020428309623,0.004674868750750462,0.35208281439488004,0.3001018275804918,-0.00755108623652442,0.3593383800074479,0.2904585803593647,-0.008853636563226018,0.3235585914163905,0.36827543857016415,0.0022821344153234283,0.3413659042340789,0.34548507432527653,0.00031988067128708997,0.330498571591111,0.3290876354495776,-0.006529761828623399,0.3199216117850879,0.3049898836970899,0.005410407833107023,0.7844557701230881,0.5195365576441866,0.003314977107011759,0.720344772463837,0.5083012014151245,0.007042781005982121,0.71887294218498,0.5103163223155078,-0.005013127252520711,0.7160990039445155,0.4851393480300663,0.0005688010763104882,0.7223244881063804,0.46254175288005095,-0.006653385158166172,0.7728535795268624,0.5137305405097343,0.009518130053498887,0.7842104544820037,0.4788321637033581,0.0026063449331316206,0.7963379103998645,0.45830521290948745,-0.0001577020486608731,0.7880018006128963,0.42107657993466896,-0.0006555465973691211,0.7525124053357375,0.5078558003696712,0.009772689962605887,0.7625402940183603,0.485651002405479,-0.004419906655293393,0.7790914676730403,0.45947799899176833,-0.007763966780253364,0.761443139083641,0.41565081868469267,-0.009118536595572808,0.7495957644238891,0.5088777521582487,-0.008389020709322728,0.7558849713038627,0.48379585520028906,0.00819773175976877,0.7527616451519221,0.48173097747925575,-0.008907912071764034,0.7470077169137926,0.4526101449851416,0.0057782894866750135,0.742797343313712,0.5281796110580647,0.005964391926312639,0.7429375356941029,0.4897496633577075,-0.0046189382032685855,0.7501419367695952,0.4758689139771291,-0.004091605975563692,0.7177469781713683,0.44102136130493996,0.0042637960575757725,2026-05-22T14:13:58.507350
not_help,0.39011077524528387,0.5780686651479756,0.001522388713425405,0.3409973869410075,0.5880716607512755,0.00738389099878538,0.3398431533245651,0.5654619882555116,0.004572872977708286,0.3273887680439696,0.5367270961404216,0.009658482979714412,0.31228393626500983,0.4906985128794987,0.0013203666275239771,0.4281833373083628,0.557740040010485,0.003084604858924929,0.41637693520991237,0.5317142346175168,-0.0023411648657377703,0.4145675586912011,0.4835371380477767,0.004448301906057706,0.42568589576413857,0.45780764844521815,0.009117341374135045,0.40570990969796755,0.5664840298136155,-0.0011626058712792056,0.40843537505279187,0.5069474542845572,0.008651306378159663,0.3827726716678434,0.47509518286238206,-0.008795950143277772,0.3898824929142192,0.4531822295098073,0.009628592508920444,0.3909113638674873,0.5854276363170501,-0.0030619341105341327,0.3645449195752041,0.5439541182569084,-0.000383026653847424,0.3887506403824384,0.5274701288223957,0.009221904701460367,0.3591883154515776,0.4953418479912239,0.0004134127182981,0.3477329556284596,0.5623591714825803,0.0004875671645658691,0.3601899202766235,0.5656709681001757,-0.001213944618314193,0.3388174859394575,0.536286863609449,0.0030845512148053224,0.3588490134273683,0.5003386536953273,0.00554952056508499,0.41330798852771217,0.3548470875100577,0.007788149253471625,0.3664027381595878,0.33913554465243173,-0.0021586505834835217,0.3919096822432277,0.3346941566154613,-0.007256643944286887,0.3464665717218931,0.3195930479492137,0.0018752006533802375,0.35181691375767965,0.2991260082497885,-0.0067661803902175155,0.4212878491439816,0.3205989333984194,0.007786772986282197,0.4227838553073477,0.2913581918256559,0.008875231563368032,0.39567118260983275,0.27393504692637854,0.0028427902533120428,0.4297003235100448,0.27588769969829424,-0.0034675762232312946,0.3836231009875816,0.3406741793716461,-0.008185037726822648,0.40474028198740797,0.2860134172715029,0.0061460942016737605,0.384136840840705,0.28343064465876827,-0.0043272523294208345,0.41116771780020084,0.2565022558179515,-0.002423589501068471,0.39300623873188373,0.3361680499613475,0.007580382698609755,0.3747613096041727,0.31201907423767344,0.0036179584028274477,0.3799181227314376,0.2970116755787629,-0.004837642225353112,0.39092994353111965,0.2891379696938397,-0.002405545943968854,0.38829012557349424,0.3433597372375292,0.008843342130335928,0.37091165806206916,0.30978026326341657,0.005319069585875993,0.36034295401286043,0.30165694994148584,0.004497267124698284,0.3564840203184795,0.30325669619310436,0.009737203517202702,2026-05-22T14:13:58.507350
not_help,0.5336107716742828,0.3371802227371847,-0.005041640300374162,0.5088585739101434,0.3392964824363537,-0.008134039206537179,0.4802439380494013,0.30331843616515014,-0.0032636496752727817,0.49266831435126324,0.30951353788894476,0.0018085121303854004,0.49517902927735036,0.2930221011514954,0.0018228661045674738,0.5219244565120449,0.3355543023958494,0.0005002144872111938,0.5289767537033598,0.3201086084494847,-0.005032789542805176,0.5471893672288768,0.28304145410962045,0.005976064541835807,0.5392685725296619,0.24647830107866775,3.2649726535070867e-05,0.5174979160923049,0.3115844213137782,-0.0018968080407858606,0.522900407109357,0.2869100205489012,0.0093591161181479,0.4993510617348913,0.2719159898124939,0.006090831767581165,0.5101644666725753,0.2611428879942407,0.009618880848014261,0.48696924838971367,0.3403467967629149,-0.008623278601174414,0.49140740212102074,0.3269337488064389,-0.008640973587919503,0.5141198439300436,0.29247797541318865,-0.00762179439087653,0.5003185428523399,0.2877238409620588,-0.002463654234569921,0.4903482883716007,0.3182691152481713,0.009299500857724309,0.4982942968326526,0.31137634802631003,8.612124542370196e-05,0.5102425694843133,0.28879572000616105,-0.005693542038773261,0.47563065493014595,0.2988741631497758,0.0022214815805700235,0.6166389920248185,0.4865701316886898,-9.11994169869295e-05,0.6061335612187765,0.46541167562668595,0.009330590003328676,0.6090858903549421,0.41573882228676495,0.009877343098894884,0.5661577601030824,0.42237500738059774,-0.0021908228675434627,0.5487570608124874,0.37587963382092987,-0.004552924046984679,0.6713164024233236,0.43795810726674317,-0.0018045064543635008,0.6610057254834297,0.4091082609138058,0.002978097306311076,0.6458552228352498,0.3947624328221269,-0.005681924702162853,0.6671720777639453,0.3524722913964118,0.0011230762756425788,0.6535367209418258,0.4511758977105998,0.005909124059218543,0.6349987318299876,0.43212765149250987,-0.00860953936435839,0.6203578948665334,0.3929445806823289,0.0045276792136596695,0.6189418068006548,0.3494769517872362,0.006998451559152125,0.6067442378804562,0.4683414364778528,-0.005346771153471557,0.6037317066204627,0.43681374898214487,-0.005244079985024437,0.599144748157487,0.40810005929426957,0.004447260906636177,0.6131369271755914,0.3680195307789924,0.004164262955054936,0.6132439536592377,0.45627087158897733,0.004912645269017309,0.5897398411578685,0.42496059057433233,-0.004432203173649403,0.6117087152733066,0.4291622659289513,0.002060380717829418,0.5867621109831174,0.3818827396496612,0.00988470453622597,2026-05-22T14:13:58.508355
not_help,0.6582140832541737,0.60575937066068,-0.006167556035740715,0.6963687878242687,0.5876490059049339,-0.0005743098737531812,0.7019236741040896,0.5633672295066332,-0.009005316108895304,0.7283732622419565,0.5376884891540685,0.004650361904995841,0.7471390089406488,0.491964684815723,-0.0036131861896972926,0.6840191319466755,0.5714398099729228,-0.005830481926197575,0.6814138364559532,0.5146969419710007,-0.009956855813965727,0.7093054951456221,0.48756115008693973,-0.0020183541104577193,0.7133043869147635,0.4807722999141925,0.005720498909143173,0.6777219187157169,0.5695439107367809,-0.0034007217977104045,0.6669273713781142,0.5318201738406647,-0.0032331959062984047,0.6961210085845887,0.5070219014450693,-0.0016195821482381124,0.680583748978061,0.46407356311907755,0.0030496187106732187,0.6547777741501403,0.5754912984551769,-0.007799245992024333,0.6566977563679197,0.5449909588720562,-0.0040339125168507755,0.6474774397942099,0.5046162006805089,0.009537725337822564,0.656067135025571,0.46558849254221973,0.00583847093916195,0.6315528642698244,0.5661026004604952,-0.004195463641858756,0.6266184679164002,0.5556564068908955,0.009542633002352289,0.6310279715454579,0.545433614220298,-0.005277753457333976,0.6471650635249324,0.48865468715064897,-0.006308078331371523,0.6543867042520523,0.6167171150906469,0.0024759949424468936,0.6535159040535313,0.6084895339011903,-0.00741582649004463,0.6173851904086717,0.6001115223041255,0.0014289639937779455,0.6197455905515856,0.5532254342966973,-0.004963099781084464,0.6109375200637998,0.5332314253689676,0.0038512651901239144,0.6856413363930196,0.5846425584928152,0.004596227024804627,0.6834773612934673,0.5614816183519965,0.00908356029471515,0.6818797417405973,0.5312019099006026,0.004512562613802163,0.6944725819438475,0.5120688831926817,0.006243882857940733,0.6722115289413134,0.6060870433785832,0.008698302194415518,0.6489772125722754,0.5872704052741528,-0.0020583359167258824,0.6536259900221768,0.5257409597035169,-0.008183757452519893,0.6528660022827105,0.5135980401352247,-0.00044545335292300176,0.6489842504678098,0.593455275173102,0.0043975272049880595,0.6460239418299225,0.5817090331787627,-0.007737423153159486,0.6622117411781303,0.5379300145228035,-0.005054481827736433,0.6636076150411863,0.5169692449424985,0.00039538873197973723,0.6340668824717673,0.6253611948753063,0.006370776773162867,0.6540254599247389,0.5920819350425736,0.0011442767071115044,0.64976827399906,0.5796619274555312,0.009662761090364869,0.6282918784025776,0.5399249950411497,-0.003077650416692615,2026-05-22T14:13:58.508355
not_help,0.5138366199316232,0.3894403442358894,0.0027253808894085792,0.5385847784089003,0.37122473465781725,-0.004167335314237859,0.5434884079103565,0.3489734132032084,-0.00613250040114577,0.5542331893925471,0.3383396507243856,-0.008906294991439913,0.5422913950021838,0.33234098447338356,0.00022946172862402248,0.5026060677812251,0.36977607445357635,0.005324187624599231,0.5165796365957066,0.33141638976773047,0.003149315668907979,0.5120856501443941,0.314955527955965,-0.0031648471299023885,0.5366104708683611,0.2973900007032464,-0.0005158916023044642,0.5062545247449999,0.35924111700314015,-0.007181487811701796,0.48351530175228763,0.3515912101618258,-0.004203703615171535,0.4798377752711283,0.3141927521069988,-0.009322121201149511,0.49888756381408494,0.27779385175911936,0.003139986974303644,0.491266605745179,0.3541657813953198,0.009185068703917878,0.4667389851923121,0.33711098139197143,0.0020329364708549288,0.498961737207328,0.32884355191459574,0.003944177554977899,0.49437307728521784,0.2958971150236596,0.007298748731235866,0.4795659720869508,0.3810618225421497,0.004941516846710554,0.47391963288461963,0.35747160189642985,-0.00505882703155091,0.45266714456496066,0.34367892311493553,0.001192841747850155,0.4773434077222822,0.3365173039755824,-0.0034154952944004573,0.3451754209926688,0.5806341375627395,0.0021861857299737553,0.3045110006888741,0.565199594659285,0.003345609153366555,0.30419380136011254,0.5353813483663937,-0.0031825793203213723,0.29017424217453935,0.5193440023740816,-0.0001772201744030099,0.29048410314024137,0.5066695034127761,0.007740973095192191,0.35281370718199256,0.5358079992828805,0.006229726287176598,0.3719444053237969,0.5054379163849726,-0.006606065370294658,0.378388814863486,0.5083711370448738,0.0065389467727577,0.3613774197319363,0.4642344335204078,0.004290890551368286,0.3598953716587616,0.5289455201482575,-0.00480438624001027,0.3384019980245172,0.5019932833359573,0.004946639077319341,0.35349865402379776,0.4888681025238762,-4.176730412325941e-05,0.3482048712787436,0.4796292254569717,-0.009428044130296805,0.34598646028619984,0.5692389329318802,0.00867572396773929,0.34582308962657077,0.537955914082447,-0.0007635926058644337,0.3216611833159659,0.4989074644058045,-0.0095293229280593,0.3347294899740674,0.4961219926955259,0.0005747676626169582,0.32753467655465773,0.5637388723637057,-0.0074156397788929995,0.3340550827701315,0.5299714024394051,-0.003993592541881974,0.3001328756519072,0.5319609725594722,-0.0036879361656763513,0.3100235233792976,0.511479332471896,-0.007042173557525445,2026-05-22T14:13:58.508355
not_help,0.5274915254341178,0.5091767568225394,0.00416193475318896,0.486678177304025,0.48080961007439504,0.006141355979617945,0.46979354659369976,0.458529090291095,0.006448309377463194,0.4572564053077507,0.4294958537155606,0.005283864046012521,0.4362221399381465,0.39363983554735066,-0.0002704357544314213,0.5207258042153287,0.4556100611346227,-0.0029352108810514737,0.5264739479228336,0.4289540118986246,-0.00133455901982848,0.5276125881404105,0.38576291784959044,-0.003833232788060124,0.5403256959378837,0.36170129982968324,0.005114828849663418,0.5156718873855498,0.44924603817387726,0.008681792463674584,0.49248346557410205,0.43727815459084945,0.0008780891479696334,0.5119692630961415,0.40849437735976624,0.001562450808133404,0.49425867085962016,0.37199620724967997,0.00512842015444822,0.4953284050210129,0.4728383119059827,-0.008585081156193965,0.5039149874745359,0.4518277895570749,-0.00039128213012022336,0.47053001200154876,0.4209905256838237,1.2201551314476589e-05,0.497500144302094,0.3780566946770682,0.007287262146878472,0.45181627439245337,0.44942914050535204,-0.004578963221626431,0.4584892546020621,0.42721840482980233,0.007667171227814821,0.4631772083870447,0.4068969162238694,-0.0049453473085804035,0.4749332461466053,0.3941492660928372,0.008198575769496655,0.5332428981760297,0.6776453538637849,-0.0037494908919003776,0.5752044911942283,0.6371618120461185,-0.00069339286381709,0.5804016161327482,0.6517523255186287,0.0008767192440466368,0.5882729388133974,0.6250941267672208,0.004060718256555653,0.5904719980083428,0.594712932706833,-0.003467723017999496,0.5441029000215442,0.650840900286634,0.00837133019798997,0.540005138633017,0.6305985397003032,0.003160002913505466,0.5512387347437061,0.5901153820234253,-0.00217490901576667,0.5417901652150648,0.5484123622869926,-0.008575425783339995,0.5271095272782951,0.6328052454208838,-0.009013191757673754,0.5533081802195104,0.6139657872946768,-0.007220987039165818,0.5222715877242974,0.6079722299830795,0.005030891494579089,0.5447875630036574,0.5748898952149315,-0.0005631631852135218,0.5267840958569784,0.6379920256542712,0.0006587405913752245,0.5173831544356964,0.638217770901707,-0.007705020080763781,0.5168644572573523,0.5934074887208761,-0.00019531173488576345,0.5033590468562873,0.5889749466800434,-0.0004333227112447123,0.49833359487036183,0.6491756462741097,-0.005817296943014816,0.4981697466983962,0.6304066642023992,-0.00035557725303226283,0.5120168376741099,0.6168211248103109,-0.005345617319716349,0.5167364147884639,0.6188112295018772,-0.009849539212031957,2026-05-22T14:13:58.508355
not_help,0.536982844968767,0.5679612369623909,-0.006517499868604468,0.4923632682645788,0.5530213284318733,0.008236044059894232,0.476943779538703,0.5405953467133158,-6.667750791325595e-05,0.45152284572198637,0.4849164197583167,0.008042124214593783,0.44407802712457606,0.46491436722323465,0.0006446524248252157,0.5495778426947902,0.5187057898341942,-0.001151573151308049,0.5194548044497902,0.4965888065835329,-0.0006482489933625699,0.5243059870318405,0.470219884414926,-0.008657111289426223,0.5387442239669928,0.4358684618771668,-0.004255534746158522,0.5219296656507004,0.5400773956016506,0.008867962089067432,0.515921565860111,0.5062285200883264,-0.008000732162799236,0.5089418998165047,0.4793012590493403,-0.0028637653853569,0.5351888157941961,0.42558290041385693,0.0002970092604814671,0.48040044749856675,0.5558869392323337,0.0029131642723049887,0.49210064406439746,0.5196996356344024,-0.007812020589951079,0.495812599756796,0.47971957589484554,-0.007146018787898092,0.4999137022289798,0.46384416260274597,0.009789173948090377,0.4905687598133796,0.5407922174408791,0.006723706001366908,0.4888545533104628,0.5072273652597545,-0.005036673548858271,0.4846788515572303,0.4940219300233428,0.006689047832629956,0.500113537611418,0.47413424310841107,0.0080303511834035,0.41965607004633404,0.6632117134296991,0.005564824688209586,0.354612900488853,0.6471230688690579,0.007374754539970942,0.3474509593224195,0.6217615312839322,-0.006974363108622475,0.37070111719569804,0.5962290284713089,-0.0005574032469063631,0.3301625285091286,0.5832976530225292,0.0028030720046348795,0.40257750380410673,0.6196537290360566,-0.001756118063037295,0.4026268903552696,0.6210216760703772,-0.0034985146005417286,0.4283039886890338,0.5685838576675416,-0.0025104056214019814,0.42963979666180824,0.5292273036105701,-0.007359370849429231,0.4182655996635409,0.6276032137005759,-0.0017036653414011609,0.40731408136539127,0.6087123535677796,0.009010663942778474,0.4197231006367909,0.5920974085011667,0.008459620736725319,0.3943008397954299,0.5459773933171109,-0.002844526750580738,0.39783091698775847,0.6515362573040214,0.007483404119416321,0.3662949704675895,0.598901307765493,0.009885165037732435,0.3787060122947279,0.5735012581459925,0.006446421040566147,0.3748806150239907,0.5632725901196963,-0.005139387702212937,0.38587123075835367,0.6377113744541193,0.00843251210740568,0.3667600178705619,0.6169041534334339,-0.003687083107694487,0.38673165151333433,0.5938525390575291,0.0063025278807256006,0.37885087125340683,0.5803772591010169,0.009441255178809617,2026-05-22T14:13:58.509353
not_help,0.6552810901013901,0.3599039721403602,-0.00678668183087088,0.5913802382434555,0.3568057789177727,-0.0024870878999269964,0.6144461385225798,0.35349644521866913,0.007721034248783816,0.5743046983689503,0.32125122667522915,-0.007207283464728502,0.5934486754374343,0.3101336237904317,0.0038460817652194064,0.6679584144723378,0.35395315780956543,-0.0017441264779247678,0.6396608618233934,0.3371407168646631,-0.007562951954707777,0.6470812022248715,0.28561142852937615,0.001574837879987058,0.6446217788734184,0.258212007591462,-0.004825577470658536,0.6330285087165397,0.36393413800289065,-0.005014941588728628,0.6350828524304907,0.2997963765671031,-0.006220048292135758,0.6542619188644511,0.2745675798914227,0.006723603019239343,0.6242677528786346,0.2541898936072647,0.006184259206626535,0.6105497428557397,0.3538018300312321,-0.004588718338326625,0.6336660693410041,0.34645182701563026,0.0016991290090229635,0.6302841565415039,0.31722411319120875,-0.0069371588609957536,0.620245280043456,0.28719878703717194,0.007826241646033199,0.6164672010871783,0.34512412636664846,0.004618271725767127,0.5927704776790028,0.32212096821531905,0.004227274049841998,0.5989565320968779,0.312802303747304,-0.00017029440062592098,0.6014071035694603,0.31594423515948444,-0.00739910586689043,0.31628821576227206,0.7312700362591142,0.00912185076644915,0.2918305965715416,0.6938601664649158,-0.006695831624635522,0.2701604467172015,0.668999718957051,0.006791190203589531,0.27067962483846125,0.66321312653167,0.002203018596098623,0.2473720183390086,0.6260957153446167,-0.0033732523011927576,0.35143584511826664,0.6727402430888638,-0.00751121689179797,0.3441392397053529,0.6663139616551778,0.005066579727784964,0.33668620112019276,0.6094801840717011,0.0033713778427378414,0.32515343771325833,0.5678970283046467,0.007800002971364009,0.29530503220836746,0.6700567981571899,-0.005167015217183106,0.3262057515249058,0.665304570661796,0.00022878844494253134,0.3026012042148997,0.620918596155847,-0.0014916355982961017,0.3275581659086635,0.5610250060369752,0.002788943564419005,0.29963257001671534,0.7065960378280322,-0.0017506495927794904,0.28530757141518737,0.6741249999457345,0.0012883409518245573,0.28333952954206726,0.6136039927100273,0.008634841737111138,0.2942014844309808,0.6073100650013861,-0.009600575294179514,0.2846647099902769,0.7130065707666507,-0.007602322035895832,0.2776813645938364,0.6787468818035796,-0.0024584634885579937,0.2625288924653643,0.654470211164814,0.009179362508296022,0.2579776515088297,0.6393343773062797,0.003259283165675234,2026-05-22T14:13:58.509353
not_help,0.6706900190842406,0.5819215071133862,-0.004255227619812405,0.7055128240358887,0.5435017969724291,-0.009455367654330063,0.6909209253351422,0.5375725070015328,0.00982775955177313,0.6971640189461499,0.508314963719725,-0.0023550390185785265,0.7414095132314446,0.5005283182589461,0.0016110263179404134,0.6596746493473841,0.5338089849574632,-0.009900489747667298,0.6617369117640092,0.5148012961699372,-0.008217895031421675,0.6664343724455792,0.4563393967444066,-0.00017438087944817056,0.6676006182246752,0.45157374332437555,-0.002779363442637366,0.6696114177559094,0.5348477754178781,0.003955721069766162,0.6611179940793399,0.5191025406762331,-0.0011537737342075076,0.660924361376157,0.4648952377744816,-0.008137756540403588,0.6629436297007006,0.4377441168143312,-0.0059913525137051974,0.644310074229768,0.5327124979249702,-0.004922007549557541,0.6461262558997153,0.529342386297328,-0.000916207458405453,0.6248004201278079,0.4978926487197626,0.004475886330579059,0.6294017080444323,0.4526663105217168,-0.009345017933043844,0.6045748001616851,0.5699876213085255,-0.005806033752691884,0.6168943351606098,0.5400816774643941,0.006477910551396572,0.6297352514623183,0.5044296364190712,0.009763226778468316,0.5994829507603885,0.500758605446273,-0.0009076703343169675,0.35861116745000526,0.6375770794002539,0.005336874111837144,0.3699487951433217,0.608258874193655,0.009477614214245205,0.4019393207409487,0.579129423949411,-0.00714162028771572,0.3817530827548593,0.5930366989825516,0.001883549439121824,0.39335224885185394,0.5590742324941123,-0.0072203330952769935,0.36633692637809506,0.6129394930092182,-0.005647708950710428,0.37031363333978073,0.58098103476512,1.953002747684396e-05,0.3761979653452354,0.5616231123441336,-0.0032888086686442006,0.358017218612323,0.5282328524786072,-0.009392836827965486,0.36583550334096393,0.6092337974978492,-0.00127173284603283,0.3657466277279738,0.5592664057872697,-0.004621531376042787,0.36713318373362913,0.559293565672637,0.009376682157506552,0.3504461882777371,0.5264360513361095,0.009961531265708925,0.34713494972982417,0.5916045023851552,0.00440381791484022,0.3511723385330751,0.5677427726921805,0.002815320509548613,0.3534446194741533,0.5482348081449334,0.009114652858009697,0.34035700317841994,0.5371611842443054,-0.0084708663663096,0.33605515334035363,0.6013879361859626,0.0023830485770546337,0.3264684832768946,0.595679790242434,-0.009294965600586087,0.3204350240222447,0.5770069294713208,0.0021579097178317224,0.30886031397386277,0.5688916459178467,-0.003915308913823765,2026-05-22T14:13:58.509353
not_help,0.3527798803355911,0.580691870775016,-0.007896151218071292,0.3043433662012764,0.558750466045533,-0.002173310453862572,0.3296518215635299,0.5189690106758104,0.0033267511481370037,0.30151245500858315,0.49893778899330465,0.006830183378491729,0.2744365549943773,0.4836337049206611,-0.006684580261025292,0.37342946660146964,0.5407056896266759,-0.005073560566645346,0.3838591266814077,0.5142387100069801,0.003336452670812083,0.3901422348983767,0.45921933158923467,0.0030630450669656955,0.373138767651698,0.4425244031646545,0.0001985931959850966,0.36944858703269723,0.5404923957396872,0.007453948441743409,0.3543092387326435,0.510194800969281,0.0005657564869818027,0.34806447924209793,0.47033536256568165,-0.009476487951876547,0.3426271709797406,0.4125162229531642,0.003170782755989327,0.31777818802122215,0.540463696797354,0.006628088519038436,0.3192431718086029,0.5043361406528367,-0.004075977020671117,0.34112992976819756,0.4772991722866337,-0.007828974481424335,0.3406506882580873,0.44056023926630045,-0.004656034133801747,0.3309206035091963,0.5400333344080321,-0.005281695928813605,0.31744181591588433,0.5105168323745453,0.007362169823700712,0.2967562482749313,0.48717859390122925,-0.009164102779624825,0.3137077076853638,0.4705078569132351,-0.004239514572098666,0.5870562713201593,0.5353503654249797,-0.007054447561366437,0.5312633234546226,0.5413310219221927,-0.0024129216988453854,0.5341239661302631,0.5290549783515053,0.0012942296095266176,0.5433866234737246,0.5160647988302376,-0.004843518292013016,0.5178722994067874,0.4750757830386547,-0.002067952796464566,0.5834569467354285,0.5082696753312236,-0.005894881726092905,0.6107610107632886,0.4877390945325869,0.009218764192712817,0.5799436724776792,0.4902746423239163,-0.005572687544825563,0.6096649868361136,0.44119444262148694,-0.009584669130341618,0.5842827632493003,0.5234761033611595,0.0017178120518118022,0.5815869304370835,0.4827967140214777,-0.006654745169237486,0.5928013849224252,0.4568587493952818,-0.009223717491632564,0.5677234175301079,0.4248779066054371,-0.007048113845419379,0.5438384298445665,0.5317912022850443,-0.0014932152196587903,0.5684935950032184,0.5057882019183814,0.003736492830726792,0.5752564950875075,0.48406680200891855,0.002698835595371962,0.5758241664470087,0.4715235175372513,0.009988565032802722,0.5492419935714572,0.5301093326615659,0.0030023402983236115,0.5461934454026919,0.5048082167961723,-0.0020369356582089874,0.5390351741453036,0.48574612390299393,-0.007134600413658107,0.5431349255410671,0.4739930624502009,-0.0032643998189797845,2026-05-22T14:13:58.509353
not_help,0.5395642965464188,0.5193378176865453,-0.0050635673557113715,0.5674956784456973,0.5186370501809487,0.0019922106707881103,0.5683272853597395,0.47423647529489243,0.005755971832804187,0.5694300890828521,0.44873759755809267,-0.008395810207415932,0.5961361705669138,0.4433618268715911,0.006378811961174532,0.5437650738151044,0.4847755002015853,0.00758275795439513,0.5598478332061312,0.4845698503040009,-0.00656034909015691,0.535749127601516,0.45388542035506635,-0.0008523133683658573,0.5364185495321474,0.41519557678233576,-0.0025330704857364997,0.5158691447018245,0.5047647612566827,0.006015235896834845,0.5394955381007888,0.4529372670567934,-0.006450495675010464,0.5268477644979215,0.4329581100770506,0.003573128493395427,0.5258819307915243,0.4102606833182065,-0.0047983887349334255,0.52967129295273,0.5004951900872129,-0.0024752896130910114,0.5273943313419469,0.49155498350313154,0.00599713653540185,0.5251023790665477,0.4556898301710943,-0.004595202487829908,0.5319520728559446,0.4319325200455063,-0.007263257022291367,0.5090737183360659,0.4971453785133396,0.0043554500699493175,0.5086951907196932,0.47561716183229047,-0.004089672429156517,0.5162888302352646,0.45619110945035246,-0.007839010266298616,0.49523809131978075,0.46501856352044646,-0.00031765990899826867,0.41525266280338036,0.3600687761683609,-0.008531316468533667,0.40311079046021453,0.361540763425901,-0.00036796281566387097,0.400351115192292,0.3308278733593289,0.00042698156093201774,0.3974535049382281,0.3377086561232161,-0.0009761227343183694,0.3736120893732148,0.3032295309192815,-0.003771529215298188,0.44019573836027087,0.33406060660707165,0.006185998167984307,0.43964802351514043,0.3066994339063781,-0.0033469884535392395,0.4309984322869366,0.29333309747781516,0.00372718235025094,0.4452056876695976,0.26917296201074,-0.00894056471011384,0.41761103514642556,0.3549738060270604,0.004385391839893957,0.43465021488457045,0.3056182700622409,-0.008939723708755343,0.4325232027992691,0.30373795821578364,0.0029761508218494707,0.40409311643364115,0.26755570645635374,0.008607487078672016,0.4149645504558095,0.3628619276340336,0.006791102636332499,0.4127662587322539,0.33567031155891264,-0.006907622445945559,0.39828372607004325,0.32219213261790863,0.00275931537821625,0.4024870261834707,0.3043790930817918,-0.006517053656873389,0.38297740894835686,0.3613068890310579,-0.005618360065664081,0.384597974765483,0.3501671400446695,-0.0053937438110485125,0.4037064442095423,0.33996956323605926,-0.0008041984033323752,0.41093405518457893,0.3066122737588733,-0.0022616282493206482,2026-05-22T14:13:58.509353
not_help,0.5643423543384837,0.4364876504495752,0.00700361419674315,0.5952211641251531,0.4140492167242307,0.004993281564544689,0.6333020095954977,0.41223594972218786,0.0002529891577683005,0.6445987548976259,0.3575262390258455,0.0030320481368558937,0.659357666670698,0.35876416097807423,-0.0070261743635688335,0.6028556765590991,0.42378849213128683,-0.003081192098871868,0.5808386738970412,0.3746835641535971,-0.0032865980721669373,0.6111194593225447,0.34593631858506846,-0.0010575505347762033,0.5836498224477962,0.31528305966553566,-0.005838486610397526,0.5630351973844329,0.4053596368285537,0.001173309338832267,0.5977770606047482,0.3575096389325184,0.006879322350341296,0.5952742922818833,0.33348432560577873,-0.005583338157426266,0.559691530211913,0.32219718463367497,0.0049220258641589545,0.5414319063547893,0.4171129194587821,0.0008573680844421623,0.5618598487644604,0.3957536126477728,-0.009323147969464657,0.5735545700836673,0.3672677886043472,-0.0029063816301855196,0.5742179345693047,0.35014810885323233,-0.004874389933839947,0.5464815769835272,0.40099982533545797,-0.008872974689121814,0.5269336879796761,0.40699140928503813,-0.0007919243009502884,0.5244877681601957,0.3708867122324728,-0.009465853858438247,0.5530586701030576,0.37213682611554305,0.0038505724187860475,0.7563758356130522,0.6693316902674246,-0.007910069595096835,0.7005889466688673,0.6464480163036826,0.00732408691940554,0.708407087685195,0.6635274599089301,0.009248698552320257,0.6817373413909552,0.6158993922315489,-0.00308599674929313,0.6901523522137852,0.6318553899673657,-0.003805351984049044,0.7397272964944761,0.661413161991534,0.003880081862319423,0.7496665586696551,0.634415368215104,-0.009723924094459114,0.7733480618916614,0.6161529672594297,0.0062372481728098245,0.7591203281994298,0.5807349992178686,-0.002896619428289342,0.7306939973552394,0.6398526260380557,-0.006308682538679538,0.7563858092043694,0.6113782574303803,0.0037056911817930013,0.722611069791711,0.6246998980094792,0.005566332169466278,0.7506514006818105,0.5607223601572081,0.007334871546236811,0.7211566606724761,0.6790150175500754,0.0017856030203658446,0.7067499028235165,0.6387885796373888,0.006910948279092053,0.7402485603888365,0.6159246606820438,0.008936513284437694,0.723674305815031,0.5866861832913335,0.006632509781805228,0.7133644184301752,0.6473150567198558,0.0036083706323380652,0.7176457295491743,0.6409679623117417,-0.005323497305609808,0.7201179644153849,0.6418582735593096,-0.005279788336345954,0.7019407478274409,0.6024995658724828,-0.001190090844729888,2026-05-22T14:13:58.509353
not_help,0.33306423955385633,0.48667986706134947,-0.004921973529071096,0.31152595637364416,0.4479983081473882,-0.002895766865407175,0.3174883015380837,0.4614937204203297,-0.002470596667397491,0.3021131486818707,0.44591083236930323,-0.0025269815638148587,0.2987578996805941,0.41673806021194015,-0.0034439299082353655,0.37587882909966713,0.4514091506746321,-0.009816658210614901,0.3699530544149037,0.4370521399440411,-0.003799723760269118,0.38415060135475154,0.41316431319098373,-0.004539987530467387,0.37128389673054046,0.3649081411282589,0.009690024051336505,0.3431332146742,0.44273199370071503,-0.0012763897318272144,0.3657056422613232,0.42429209785977856,-0.007686779288320114,0.34171093332263863,0.3968167620583417,0.009144735650993873,0.3546819281847551,0.38447581606289866,-0.0028369523803323405,0.32324971686737336,0.4671780904540876,0.0023923485804170502,0.32706039102903894,0.4355989737116289,0.0045773326458642734,0.35137878865089356,0.39863199965345675,0.004619081728456365,0.33614883642265575,0.3973778912833245,-0.005767044281746041,0.31028813415361656,0.47798765018278444,-0.0005004019237781245,0.336186642859859,0.4358774330788657,0.00405879756683806,0.319189396493583,0.41441112562741117,-0.0010968988042121593,0.33508581726967795,0.3948323081408913,0.0033292559827685503,0.6502858414087104,0.7309938975908009,-0.003604985693653069,0.6306015880289485,0.7101163735099946,-0.0015244795535187435,0.6083856372692658,0.6775409210123631,0.006995319312795402,0.574526618906817,0.6717749711535783,0.002209488224385346,0.5811000147305584,0.6245940969522485,0.007423764279108886,0.6681526429606015,0.7003125174576416,0.007997541306613601,0.6886535039913823,0.6686182495380099,0.0075284648766139484,0.68523476342993,0.6101221086956328,0.009501629284051382,0.6649311877388681,0.5899852889577772,0.0004843958114454025,0.6584854589715818,0.7078120432806886,-0.009790192789223742,0.6487418495959901,0.6542034042448517,0.009131216391556366,0.6472803507219519,0.6413138230405743,-0.0012225878859715815,0.6494345948969288,0.6095709056195286,-0.00844681632708705,0.624213735078438,0.7134567586188721,0.0012883074409051898,0.6116818837702729,0.6615850545922505,0.008026443304493714,0.640466883674155,0.6333824698064165,0.0041344218847160375,0.6366988970138606,0.5978077378267915,0.002715490927146385,0.6000406800671496,0.6815553064666013,0.004812144727330577,0.6066348479964037,0.669500514361032,-0.002404497086774129,0.6040656643049942,0.6708654255516561,-0.000754663004094264,0.6169061716343098,0.6508356816414388,-0.0005464335471085987,2026-05-22T14:13:58.510686
not_help,0.4133740729423815,0.366308961340061,-0.006046161818239253,0.4110460079666339,0.3201617779378482,0.0014922172946820883,0.45007244489559833,0.2993258820026375,-0.0026446779711169887,0.46193712070466986,0.3139957141930395,-0.0053558452964516095,0.470185789058004,0.30310171595479996,0.008259451895591947,0.40623036048919714,0.3290804556184901,-0.008438413230676501,0.41404216557178325,0.2935583210414928,-0.0029521619481428776,0.4113883103932804,0.26833293458316054,-0.004388030431050675,0.41141192029358964,0.2353798824644708,-0.008265928851903024,0.39321780761513614,0.3218398431675231,-0.005610966853082995,0.3825980186045161,0.29331323955843436,0.004708914357400782,0.40832555555437045,0.2776255163993259,0.0013181371672174105,0.4145547871929873,0.2697443568204441,-0.008964104833198492,0.3877293542647308,0.32450506523589023,0.009762451479913956,0.3976300519078,0.30735002428538294,0.005787944487511553,0.3835443785215159,0.27931671249909334,0.0008423483595615504,0.37735035210338325,0.28110784845116876,-0.004416748962787165,0.3688072030067657,0.3149203485862114,0.005940309616913561,0.38168870319813314,0.3253024509507389,0.0009537523453594758,0.37809625168060873,0.31929477576016935,0.007248136461834179,0.38677131226231093,0.2755927362818683,0.007057011312931844,0.4421623571368109,0.516645055489512,-0.001036883724446755,0.4771651341585674,0.49216162903173116,-0.000720506242627433,0.4893183012813056,0.502722002807855,-0.007294060961951891,0.5013219035381997,0.457098961718881,0.0069234265016879844,0.5114856691105617,0.43773869026428264,-0.00691903734119667,0.46334629487402107,0.4826106266245611,-0.008771068069514686,0.45078686824830255,0.47088989345462595,-0.009122898008235885,0.4756546090589166,0.44388883044512134,0.00874507867192814,0.45804898969858654,0.4107032690248187,0.00038652629399471734,0.4279666844707366,0.508951102834341,0.006912337690331128,0.43656323729397656,0.4508719713563275,-0.004038631507576538,0.4432732518877866,0.44153641346275535,0.00648109482939341,0.4325757767558619,0.41484316875350175,-0.0062498391125397675,0.4012817368553459,0.4966010101434134,2.511118952090545e-05,0.4354074963817951,0.4600136506447763,-0.00172347065539513,0.43747948975842965,0.4578449851464389,0.003926113660527985,0.40403644650959686,0.4060342064393686,-0.0018090800910550552,0.42075683597741975,0.522880189469804,-9.783235457071736e-05,0.4227598156911691,0.4908463180547349,-0.003084725796107788,0.42155613682044996,0.4685152145805154,0.006017634006496986,0.4006301585060321,0.4435639802532319,-0.007777744936870447,2026-05-22T14:13:58.510686
not_help,0.6229381634190401,0.3689299303857071,0.0009152397446072283,0.6479174651476047,0.35343864143033116,-0.00967760709766754,0.6570871607595649,0.3441951842043834,-0.009226929704828081,0.6821878664216561,0.32548550213320226,0.00601212740943048,0.6787937009981153,0.28952029750348324,-0.005771735023915032,0.6629218082418394,0.34411976772914515,-0.009772169397299016,0.6637798349632724,0.3221070240607806,-0.005088353286022957,0.6521596065377937,0.30946899677587225,0.008930070831286748,0.6505895782302095,0.2552484424139281,0.0020968165708904717,0.6161320384724256,0.35525371532580374,-0.0008907870526167639,0.627716639326037,0.33001987446238684,-0.0035987230271340145,0.6211042948634279,0.2976733742917884,0.005951884631962686,0.6232854338253493,0.25760527866980965,-0.0033613450633060314,0.5978925196111239,0.3541820484545277,-0.0006956928103413057,0.603918467686837,0.3505704660077772,-0.00887487094319581,0.605967369853982,0.30740266273965966,0.006830147954628123,0.6273304529670224,0.272608683315141,0.004358580736147833,0.5981415067686625,0.3453295712183688,-0.003988898966017793,0.5851423608399718,0.34048340366149166,0.002565854946819445,0.6065971930877694,0.341136428219063,-0.0074896297388709464,0.593238047569653,0.31215001508376483,0.0008647372443988232,0.33614918941450744,0.5150663183152007,0.004390028389485037,0.3604736634866117,0.5079904508371198,0.0016400120810602676,0.3946999449595153,0.4889433210153589,-0.006977161440935855,0.3925343759453053,0.4726274917242548,-0.0037222981673068548,0.3859741095098888,0.45862395800642564,-0.00035744191996253324,0.3565350906022497,0.5029321124074431,0.004187136468740478,0.3764730859864673,0.4752641670335516,0.008235995548414385,0.37494260908167887,0.48321286514152006,0.0068963075660335976,0.35005103115202424,0.45236440752886375,-0.006209268567805751,0.360687427843643,0.510925928469924,-0.008408082379261475,0.3293126375543147,0.49867451104226085,-0.005724379613740533,0.34845050760715646,0.4814889579614695,0.008405144947349083,0.3618218483659083,0.45600494655824153,-0.00751353405746368,0.3142538330171096,0.5178854654479123,-0.009523167803825734,0.3399470791374364,0.5038852486377544,0.005138125319599911,0.33104239488563547,0.472494226786474,0.005301800275352439,0.3450260767033718,0.45044767429653565,-0.00677421835676598,0.3299141777333572,0.5104582348298956,-0.0031027855381528437,0.30352941431859687,0.5134402086269023,-0.004091478591151232,0.3111580310247903,0.4800477152383553,0.0065477341203853175,0.31449684937622224,0.4616296000901251,0.006009694427833738,2026-05-22T14:13:58.510686
not_help,0.6575133437474514,0.5722404182168058,-0.009231245884399058,0.6760849439163208,0.5533416736711826,-0.008948205789626573,0.6841157711400342,0.553954901984938,-0.005160699241920059,0.6925864147070943,0.5283070146907417,-0.0017230577313286505,0.7234201407593376,0.496196505950508,-0.009025782951855615,0.6619524083343711,0.5427157275026696,-0.004022453291985501,0.6676139927831373,0.5252717509494857,0.004986417069745144,0.693732640577507,0.4821105145108991,-0.0017928650815178786,0.6912045062406672,0.46626691717303925,0.009413272617002826,0.64461182365574,0.5425252253606373,-0.009714638605425664,0.6542710488026807,0.5324932355569854,0.009873494901867378,0.6600199589570035,0.49794849973627076,0.0009057522315239538,0.6647723986717432,0.45380263488897693,-0.004320439407015846,0.63068853363527,0.5765132972432888,0.002894478016306294,0.651873767624897,0.5423069717164158,0.008126830190062813,0.6535125837554041,0.5062085533138102,-0.0018226680530604306,0.6475565300077164,0.49057176944938036,-0.004876734497927733,0.6189420754525998,0.5699397348746207,0.009801229588594826,0.6388248990338683,0.5377012140830888,0.008247232088000477,0.613955908405337,0.5309157345999498,-0.007510808531937248,0.6065529743214995,0.49749693575879855,-0.0019118947341629378,0.2752738881813601,0.5166105957531597,-0.0037435623295671095,0.3104505811796039,0.5103332822752971,-0.0028739618862391137,0.33396892471279815,0.4861638997613676,0.0032940975257790116,0.3302511347578429,0.4615093019420957,-0.00859016354266197,0.3439454318033444,0.4330796729529381,-0.005449939156069739,0.27778718170358746,0.479845462272593,-0.0069942839804021,0.3054636894714533,0.4387090129777557,0.009197481022630976,0.30408444883434615,0.4011627815218222,0.004693516525083931,0.2886124523726509,0.37858457148434427,0.005629026220008592,0.2666995041112749,0.4782561838431966,-0.00855977653995311,0.25839837155512396,0.4491322553919316,-0.0047583059302648036,0.2784192116189894,0.43041338854365196,-0.006740684955564964,0.27962586042576254,0.3702423555117451,0.009123107583871944,0.2503431491958525,0.4815293765265052,-0.006253867844909184,0.23451665703987756,0.47805782734004465,0.008841101535371291,0.2610664556885293,0.41985532053483954,0.009144838717827447,0.226960177051745,0.3990557697098983,-0.008046927568855658,0.23293942735991108,0.49827801484634193,0.008118266615495745,0.21870048987792726,0.4768353805477338,-0.0035416558796846267,0.21063290115677552,0.45754223715511644,-0.00259600519317303,0.21700183535746237,0.4360476362397658,-0.005696460016995815,2026-05-22T14:13:58.510686
not_help,0.3774003590170794,0.608454217689198,0.00036071519775552827,0.3798815378851658,0.5696453515018127,0.0032039603788839247,0.3771965531985935,0.5819571041864839,0.00013295724459991623,0.39154088447040697,0.570882902439959,0.000967275646532843,0.4109063817138948,0.5354787158813692,-0.0084975000674801,0.3893073968745457,0.5749097020460777,0.00858394005883442,0.37350473343687646,0.5429864113580343,0.0034931935194505836,0.38423884393717905,0.5219335190859214,0.005284835046261798,0.3816366873795884,0.490804873797296,0.0036890379600184025,0.3718644795345549,0.5728095439724804,-0.0016153465785718399,0.3696644034394661,0.5487987450722386,-0.005652488593011209,0.36641446363690056,0.5222257581555781,0.002614771344836656,0.35724754272600384,0.5267324767999327,-0.007334166626630157,0.34093084951475583,0.5782426827463831,0.009251812079115183,0.35354880894351726,0.5587371413917653,0.0016121812731913435,0.35717224254071833,0.547026112762291,-0.0021222382065817745,0.3346649915550414,0.5104999598631316,-0.0004528216721532592,0.32960530591630677,0.5895385048613968,0.0027976013882815426,0.3273653847187553,0.5500995171846788,0.009458844365027889,0.33995265017756515,0.5442893426590235,-0.004158884326631758,0.33081836005917653,0.5237929486737387,0.0075044480468193075,0.4435845109736513,0.5617073616817673,0.00761804777108495,0.47601335103465764,0.5364148454814136,0.004771913631917375,0.48392497527121414,0.5411202035927045,-0.004166310905467064,0.49872971795745435,0.5160529356931602,0.0003806923366572821,0.48629877758654744,0.4791292626474945,0.008734052826702034,0.482531901374047,0.5254760308906216,-0.005532258198012443,0.47214124807228935,0.5115037911892647,-0.0008695772810435876,0.4701567813313077,0.48634699446321733,0.006818682863608446,0.45376824822147405,0.47303735965633315,0.0011565201064875266,0.4564464774077156,0.5480062497399075,0.007294089898938682,0.43467947603961554,0.5227152492063816,0.003866921730048222,0.4558496004682992,0.47688228519157944,-0.006535743341076745,0.4331248896971712,0.4564425125619492,-0.009044313295400144,0.44764749048717456,0.523049208397677,0.0030342292604664204,0.41972124204582734,0.5177976270804034,0.006266882083184435,0.41703590032594007,0.49296268168519775,0.004892275681111655,0.4088151038302255,0.4737926533328421,-0.0012507549681867475,0.4042401799744106,0.5650783316740667,-0.0012984897895182979,0.4172346693316502,0.540469649314921,-0.006429415002163024,0.4013022388251965,0.4926849034949587,-0.006262216447783176,0.4104864512799274,0.4860953058156171,-0.0038830233217350373,2026-05-22T14:13:58.510686
not_help,0.5766930641879244,0.5161485269941763,-0.0013342959768774757,0.5480773058065597,0.5067403430283298,0.00036159763948888715,0.5399481927300241,0.4710156564442565,-0.004309164210517715,0.5316694361642575,0.46211631342183,-0.007783505914983391,0.5073150429692262,0.4507466084053788,0.002798260197955012,0.5715074862533625,0.5042120385157076,-0.001244047332929446,0.583732989445837,0.48482242191246533,-0.003921087535278656,0.5899891365279382,0.4536434505221936,-0.0018555775650909156,0.5524272732797846,0.4296994646971906,0.004195520701212638,0.5767136426199716,0.46772453109632683,0.002590326133334939,0.5776347957574907,0.463193424162266,0.0032735240653980775,0.5443197935888668,0.4470161542515132,-0.0068000722956226035,0.5433702689134606,0.41494239282132883,0.00019522665436247713,0.5453729982340226,0.505642243193688,0.007470656137415358,0.5324315566915183,0.4551245183295982,0.0044775554290546315,0.5621420731403257,0.4566129848925774,-0.005660300597936761,0.54955899061099,0.43935089002317623,-0.007576738606181582,0.530072888251536,0.5110238953014464,-0.0022804312451379883,0.5457371768277872,0.4811931122039109,0.00842127070712101,0.5479476951385742,0.46315074486762453,0.005824062070576374,0.5364358877570297,0.4520540183612471,-0.008083772019667455,0.6922103531105437,0.4515838553585991,-0.006674083132857032,0.7049560911362176,0.43521837876049885,0.003830944291849084,0.7165606685778914,0.4231036571735314,0.005581039013647251,0.7479091073438175,0.3746556516354307,-0.005745307838210505,0.7531212112278111,0.36776222651619317,0.002429095829947041,0.7049314835345247,0.40477845461615125,-0.002803970439332162,0.6854367296093098,0.40109674259444156,0.00608591726198532,0.7079822772822038,0.3341430901634876,0.00020706401181223855,0.7204709642196031,0.3185571367176139,0.00851878452947385,0.6978449794054203,0.4050343916690801,0.0029321065939231557,0.6781052625711733,0.37959068243790356,0.0033070654338769982,0.688446916466378,0.35259771476885565,-0.006321472847278077,0.6742289310727846,0.3245993566504029,0.007555482664211527,0.6500319484228251,0.4330398872344689,0.002836960765399332,0.6502578735563512,0.3999412905002664,0.003810490062863589,0.6588768402518197,0.37192705346333765,0.006814031567360665,0.6495994447927532,0.3511583555409239,-0.00309955220592306,0.6521984452106223,0.4230828399352514,0.007699896561891318,0.6365474786951176,0.4201366825435787,0.000873985261377646,0.6401074713194176,0.3755674975270268,0.009257643227148936,0.6344472815848239,0.3634462879864713,0.0013154153357349194,2026-05-22T14:13:58.511696
not_help,0.6824521038754998,0.3005439847021863,-0.006401042810380036,0.6691807714851302,0.288491574490593,0.006377613339788703,0.6541342867599843,0.293747080330074,0.00017437055510982798,0.6362011952495678,0.2695191710889556,-0.0010457173733997346,0.6618279719909363,0.23669720021871923,-0.004847118531145609,0.7007866268151536,0.3081285356107343,0.001683624807186217,0.6969542584567981,0.28613146397892486,0.006092087240722714,0.6992553012859271,0.2354854403484786,-4.899396954763727e-05,0.7218917825685386,0.23003634139252782,0.00013487752600505228,0.7087100867965591,0.2720197405463144,-0.004394424070428238,0.7088038249987737,0.2760790559448102,-0.0056569650107890215,0.6835910908177352,0.24527515541398046,-0.009667833519066695,0.6987556449171088,0.24136906295319283,-0.0002473516957277027,0.6915462557653759,0.3122145355486611,-0.007182067818835667,0.6718687535681528,0.2673982629426768,0.009261485218972717,0.6814551834851568,0.2776796841400175,-0.0031799461499631195,0.6822020799100759,0.249180915385168,0.0013287078841750684,0.6671718418156358,0.2778639734705003,-0.004818531329580422,0.6773001406623099,0.3001796976114,-0.00423362189149691,0.6481767879164552,0.26103686132110193,-0.006557298313577337,0.6733127491535796,0.23879738232708314,0.006999961865808592,0.3795597044788177,0.4886845377067142,0.0010513155966955547,0.3669566484169561,0.4677350338259847,-0.004749017547371388,0.3441586239087808,0.47781028909834566,0.001870614297624404,0.3175253458642988,0.4553979988676362,-0.0026122648546896814,0.32665287314255637,0.44293527649672737,-0.002083861438448107,0.3923692589206479,0.45501498456056494,0.00623347937626628,0.3685819449576184,0.4496371648360613,-0.0002149000061142485,0.3694907018040726,0.4315973931787292,-0.0014896160485211255,0.3863449212117008,0.4120295104290355,-0.009008133756846564,0.3628328007381297,0.47505479212768376,0.006274428985801267,0.36524842014088793,0.4672740509471696,0.0014698063635754117,0.37451799502492533,0.43121111599449763,0.004435867636593033,0.3519081638591279,0.40806664727024505,9.297221275719574e-05,0.3606638777288169,0.456984648225597,-0.001564106687815963,0.3389471023318903,0.4708683180283753,-0.0018021457056072495,0.3657438121243109,0.4362012703331405,-0.003417068965162695,0.34882187342044274,0.42638769932843845,0.005872160516296033,0.3324120962389483,0.47843825008352453,0.006872226672615956,0.34936610000076607,0.45402864718382185,-0.009641689614785811,0.33770855633224517,0.45532732533971343,-0.0032545118420304496,0.3465177226738085,0.4324387691090641,0.005353246664888282,2026-05-22T14:13:58.511696
not_help,0.37631074685984645,0.5216961949357574,0.0013839466459172785,0.38357665647975964,0.5197723276662134,0.002971567418340362,0.34166161213275703,0.5203160714671579,-0.00028959827695502344,0.3644809802902877,0.47243215315840426,0.00631198264402648,0.3546175131583643,0.4700834639083503,0.009045520837524678,0.4002277563892962,0.5138839906907721,0.006086890217121945,0.41346918927292464,0.5042791906362589,0.001674888667507795,0.398712527520197,0.4722424099710953,-0.007793338509027477,0.404686058343148,0.4248171585138107,0.0029299105611711677,0.38118968941676995,0.5172945407265943,0.009453534000569036,0.38036058550556795,0.47605744037647746,0.002968748009246701,0.39505408932407693,0.47687308356656916,0.003286890190635586,0.39594448665002924,0.4437242575103764,-0.005072963229049179,0.38427364409756104,0.5147894653597732,-0.009437639905920042,0.3577685661793185,0.49625503813272476,-0.009841859196559957,0.36392319986695015,0.4913026615546307,-0.002125000951495688,0.39030497863580527,0.4612231837579569,-0.008588898588121325,0.3692891784235142,0.5287496995532532,0.005148018778878393,0.3799547900690627,0.48635053227264047,0.007711478065685546,0.34079116574914037,0.5040611668216769,-0.003519979788094418,0.3767307641803661,0.4699049223507274,0.00568782752702352,0.6989765760665677,0.4425342744031322,-0.00677198342549159,0.7403369628722776,0.4371580794030058,0.003509256447384224,0.7607115073031924,0.41790789772081033,-0.002904240848262971,0.769276389888647,0.3963017896045994,4.622249516804747e-05,0.7658839928126021,0.3754982763483348,-0.007494861686396809,0.7588590253597794,0.39870290248151297,-0.0034482675096448494,0.7308944708222298,0.3960586809296818,-0.005601359813243252,0.727002961017596,0.351498906100981,-0.008948753724350982,0.7449758383774596,0.32507473335883286,-0.007670469707865859,0.7252834629975878,0.4088897418734544,0.0036805909336168115,0.6988446375486539,0.3811903970585958,0.00904126919054094,0.6988329537541863,0.36701313603826113,0.005507154014162003,0.7254794980435388,0.3109930566786878,0.002005797520472247,0.6932372289512378,0.4376874093079139,-0.005962719042498501,0.7042027666726042,0.39411508281637736,-0.005679192826924544,0.6919019418293489,0.34888235881446533,0.006357168318704759,0.7077773562772572,0.3426062717135503,-0.007532217689336823,0.6893445396157364,0.42651601612027834,-0.008804339773797154,0.6878536966546129,0.4098219058130567,-0.003432763451600973,0.7000413969554273,0.3938153550455818,-0.005125573065996396,0.6760955695185827,0.36428296278317457,0.0027236493898979038,2026-05-22T14:13:58.511696
not_help,0.5665745248115813,0.4476177843121029,-0.0031014408395312444,0.5883059572770808,0.42761141198846964,0.009162069750297654,0.5841316192884523,0.4253221451072264,-0.005285591505687264,0.5912804808071673,0.42974029656910295,0.006219519082329176,0.6182608996576345,0.38241023327556234,0.001773541432218308,0.5908528586497281,0.435230803652354,-0.00221772468273395,0.579932014930106,0.39920882019226644,0.0012611020377268287,0.5675477254872885,0.4110914394986322,0.0049329358801926855,0.5669785570376817,0.35190390306566216,0.008004463643591355,0.5503515423416383,0.43663885536420416,-0.008206320069233247,0.5423044721119725,0.40028020391531466,0.0058929146046444916,0.5739519621448346,0.4090182736091289,-0.008375826966715802,0.5700124322768739,0.3650510848043469,-0.000607047836014887,0.5444770010208733,0.4293701217510243,-0.005783573070172481,0.557361721188477,0.43984308090881874,-0.004334848184822482,0.5390124032557022,0.409061817864815,-0.003468040249376263,0.5492947453391024,0.389632517976697,-0.009491341976884116,0.5455024487377406,0.4396585951231263,0.00845682237337437,0.5300730929907643,0.44185741217678953,-0.008169719384294274,0.5178617007335145,0.405761881047776,0.007089332684658648,0.5375062666108902,0.38626350700567325,-0.002090267282778306,0.5378693429680171,0.4965826133722676,0.0030941707882707007,0.5945969500714667,0.4884917323563207,-1.2079544231449746e-05,0.599872411959474,0.4723312978576015,-0.0010755089045190163,0.6087749965054688,0.469137252267063,0.007491408002045131,0.5941455243195561,0.436207174562663,-0.004791169310011048,0.575223560988768,0.4783292627881647,0.0030413867459892566,0.5763993429808162,0.4582018334702342,-0.009193923901254434,0.5513825186680138,0.4296908733650613,-0.004300646788245526,0.5570707844800213,0.39963109270191466,-0.003796638734034914,0.5345464168780591,0.48963314874345604,-0.00033099197718957675,0.5392848760446856,0.44179524211861027,-0.00990748115817083,0.5612295427400016,0.4269107924046073,-0.0017446983397026942,0.5414589807586415,0.3837252594285153,-0.0034462944362217904,0.5440749919835377,0.4868125049550493,0.003063774477123502,0.5485512299409299,0.4623449410328318,-0.005879283088552523,0.5253897611301047,0.4565907891991604,0.007938392051234902,0.5269144660709604,0.4024860602599703,0.005966982834565747,0.5320677705316017,0.47208595304537393,0.0015030007461329428,0.5008284117125757,0.4879570605451543,-0.00783006848927138,0.5192231665403255,0.46123308006621877,0.006440044076635466,0.5393940419617759,0.4241429558460761,0.007007949629731275,2026-05-22T14:13:58.511696
not_help,0.32052520654073924,0.4726971615700821,0.002676747079142283,0.29708789987874185,0.4682972969002056,0.00353760889737504,0.2904097764210038,0.46138786357350836,-0.008869371938228622,0.28110559485616965,0.45462498137148305,0.004951098986369308,0.2697353623601313,0.43997729660551593,-0.006836090317341024,0.33038910015386563,0.44514307437177536,0.008404103245371395,0.3418388198510585,0.43485402536845774,0.002647921786641196,0.3306538492661229,0.43014462556877076,0.0015087994585138431,0.3518471465208194,0.37437206067730866,0.0002042198850155056,0.30326027181470105,0.47625523201569214,0.002149663420358076,0.33673791130691716,0.418502305654926,0.0011691735882466726,0.3218629081820027,0.4265731635310022,0.009327039991518406,0.33308224004757725,0.3822259954685146,0.0036201556519041157,0.3124136018462692,0.47978423056844655,-0.005302470184222461,0.31007942511155534,0.43553960728171137,-0.0006266814034863507,0.2852926624268253,0.4181702285842386,-0.001332145929355353,0.29119157754291997,0.38698356097427317,0.0023011039185256814,0.30409910967596643,0.47443171071148166,0.007765863057060502,0.30546101932051944,0.4325688171061754,-0.0025593884602900996,0.30104225003651497,0.4556189787518457,0.005479896071713338,0.2930509412181242,0.4150854612086431,0.001414392351598421,0.27164880098708977,0.6901020483228398,0.007427401714112004,0.26811662644753265,0.6375326599454233,-0.0007244329956874254,0.27530954850730066,0.636338161602124,0.00822784866402842,0.2921956526964316,0.6260462269292896,-0.00838267053439989,0.2888105446948738,0.596391002523404,-0.0068724252330132525,0.264243518706947,0.6644443739432746,0.009106062198062969,0.2698968805480898,0.6073617993642276,0.009375556451801539,0.2794329773279095,0.6213829899909346,-0.008043933662018384,0.28822358288408384,0.5798878655225901,-0.009358157703962394,0.25731454406117843,0.6649158527842327,-0.004207124721185098,0.24899583137586329,0.6367588657196719,-0.0062447198087404,0.24625703515326122,0.6208486301469677,-0.00698727905748538,0.2766397877324752,0.5908204530048184,0.007297547662213589,0.2436687770601018,0.6498859256988324,-0.004250087817855653,0.26474678376923827,0.6240017983175234,0.005506935316454669,0.25928284688746644,0.6285353146236345,-0.003815694385706967,0.2315661007956462,0.5831955610807418,0.0031733107135285474,0.23236206677092364,0.6524620531196131,0.009943528249457415,0.22155089012794169,0.6236202110315008,0.0018695887961505918,0.2551231059063099,0.6335393083653156,0.00846462438131162,0.23814723052740974,0.6076457339809087,0.005255333501372934,2026-05-22T14:13:58.511696
not_help,0.36633963320499224,0.576823939884853,-0.00739255979363044,0.38204548507372066,0.5543658661597957,0.005639540886801226,0.41554349765858495,0.552314094219102,0.006504039847279026,0.3878071451584974,0.5426977612982946,0.0008437769543038123,0.4154129270240171,0.5213202802819867,-0.0014106529732933783,0.3960590383149142,0.5543636199805967,-0.00034590969540242676,0.3823419383215187,0.5316483319391273,-0.0055897397493694335,0.3712978017245057,0.5304598005712124,0.0059012992716874265,0.3882917569794652,0.4959427902454367,-0.00039944686863485623,0.38639658604474125,0.5668039832606799,0.0019704453234954244,0.36650826665787756,0.5376402268175162,-0.0004745712241124682,0.36832560453400326,0.5120850736762801,-0.002632981003760933,0.3894550210982089,0.49413837363564733,0.005841408730230221,0.3612805114841241,0.5812411170648343,-0.007512742806228243,0.34328883337917615,0.5537599437964893,-0.0038649710141276964,0.3787044521882763,0.5149642800556068,-0.007194263098853151,0.34794079783730714,0.5154527754434284,-0.006335361913893478,0.3441366484167745,0.5778928492194361,-0.003317888255304975,0.33449431395066287,0.5475868652371058,-0.007977586006024762,0.3585081676493323,0.5395930012321885,-0.00484802680053261,0.35498006382103736,0.5370839800456108,0.004171290107856749,0.6742351188316129,0.75394848351881,-0.005908900492492495,0.6960014035238391,0.7506722877034226,0.006215891908195182,0.704681829426118,0.6921683024585937,-0.006890625012835652,0.7162881319674991,0.6854190824414504,0.0006479211765292245,0.710938402050038,0.6856828225044517,0.00814072742163492,0.6971485967773945,0.7393270940215952,-0.0023025362340144077,0.6596416292397976,0.6875959662126541,0.0017114280625209009,0.6830386900982337,0.6394572728116817,0.005536912517844151,0.6806163574664248,0.6368685402650494,-0.004296799383927419,0.6634866444808848,0.7045549227192123,-0.008267533982774852,0.6408392868682404,0.6962280778278109,-0.0014296065459622146,0.6555877478128973,0.6743246348026325,-0.008349946404662608,0.6466517154661967,0.6190107150356808,0.004360618313756946,0.6390873696591193,0.7343402847430385,0.007471387257419434,0.6250657819113336,0.6864076257633344,-0.0010050310612672812,0.623017491347789,0.6688293392202915,0.007519833269509816,0.6542360972455347,0.6339859650747557,0.008399221522919555,0.6145970159253052,0.7500591987249491,0.006157685111673134,0.6255975162845144,0.695848789290346,0.0006779763214946801,0.600679651539615,0.6801863315634717,0.008226685580970122,0.605323015304217,0.64882820152283,-0.007523773309933413,2026-05-22T14:13:58.511696
not_help,0.38208039211841194,0.5719542734322869,0.0057240208357359715,0.3840279469552803,0.5724949447950467,-0.0026366968252955923,0.41421963330522427,0.5221075576194584,-0.0011310044782181367,0.40232009143014325,0.51299907310457,-0.0009066336407869517,0.4297847271729764,0.5213702585001256,-0.005493693599499741,0.37545368030704035,0.5613296814596379,0.006922736008782996,0.38678017882574167,0.5125861520890125,0.0048700907486165495,0.40412614655649426,0.5245876643956143,0.009132268454739906,0.3805450339193154,0.5059145075274729,-0.005944976563336855,0.3698436167003939,0.5570088995004241,-0.009825691611817537,0.39703408993626604,0.5363537900945099,0.00047395145483166215,0.3636225430149562,0.49564146514529644,-0.004604006345008615,0.3597077421871853,0.4718725803811226,-0.0006392621526173023,0.3826982456346198,0.5467138048192466,-0.001094765101261769,0.35838818552308993,0.5323835420291374,-0.00781311349070015,0.36120655843906313,0.5114532903713811,-0.009772180176356829,0.3579477211350728,0.49474635635311165,0.0020021687532557533,0.3704255012161925,0.573058626172494,-0.0032414074186167376,0.3630726335429537,0.5245686435111749,-0.0033598909986774506,0.35078707567785145,0.5437769130996881,0.008565791310433104,0.35855941439587147,0.5024944349387556,0.0050205900886109035,0.49430089090612495,0.6570685040228313,-0.003166178795035608,0.45459280202881375,0.6302594318501442,0.004635079650491765,0.4597121635560455,0.5842018357260906,-0.00874009659158737,0.42142093318110896,0.5725090832201444,-0.0027238715078952615,0.4358551494293912,0.5655574034554008,-0.001891202636735357,0.507884155883855,0.5935736529420499,-0.008976514149462803,0.5068961480987003,0.5770173754234232,0.00677961289073571,0.5035706186402816,0.5216359748187176,0.007240199576378373,0.5197229796416521,0.5015826942643195,-0.008824425903387514,0.5074813903410356,0.6037809276715915,-0.009308516838902084,0.502162151655835,0.5526139299019676,-0.005248007940688957,0.5005988727056015,0.5321982950152571,-0.00248387845144854,0.4926494901886309,0.4866589861182093,-0.009386749238833314,0.4904066960554658,0.6221026249484632,-0.009330322960357738,0.4835284511709626,0.5716552606652304,-0.00536771572312637,0.4643138935532481,0.5413496794187483,0.001729893557102194,0.4781583690734844,0.5311741872098901,-0.008791659871240903,0.4601775301613252,0.6281084388249765,-0.006711395901115708,0.4588087055858797,0.579164770632961,0.006374406065982991,0.44838884402208645,0.5552079839475413,0.005367877957986487,0.4603727504181954,0.5463804852942717,0.0020182264889452295,2026-05-22T14:13:58.511696
not_help,0.5116054078089708,0.32934556555995764,0.008602320343606565,0.540263809741805,0.3083438495014754,-0.005864274014333573,0.5490841383734495,0.3023517416465983,0.006517584016930105,0.556532429494089,0.2839323843651722,-0.005309617810279466,0.5603856016547608,0.2632683160867395,0.006300311411306185,0.5453476656422234,0.2976761423874829,-0.0056752313256522215,0.5200979517708629,0.26098881176400934,0.0002537576860137912,0.5253608445937307,0.23187435330806794,5.940402620030483e-05,0.5388329096379791,0.20177648981567803,0.00855965042252268,0.49132300372759524,0.31671754626301063,0.008429459197022962,0.5154692504514773,0.2600839203618629,0.002995291791545224,0.522822208663355,0.2443414412587097,0.0066243676595588285,0.5257840673213047,0.2146680216594028,-0.0032446961289718133,0.4868896955163028,0.3143991859691946,-0.003017870006337715,0.4898402486049143,0.29338402313285566,0.0008196208543676271,0.5047600839190584,0.26697531406575215,0.005532888265367693,0.47618880955562903,0.24463061377408543,0.0007356486584376067,0.49283570630464313,0.299545646290501,-0.007134387966781095,0.4832828604863427,0.30861485719262155,0.005041055414160112,0.4793738532990889,0.25961593563651814,-0.0011926112557375992,0.4708064982626871,0.25170339271191966,0.003818441719545665,0.7788488674024557,0.6444764587640001,-0.002161174830049961,0.8163065447034642,0.6386498993917955,-0.006451539733233097,0.8427301482222292,0.6175721036399053,-0.008920391020258982,0.8552383280860755,0.5696533979118129,0.0017574664003209978,0.880792760034114,0.5576093020946913,0.0074967589680580305,0.8175001655456564,0.6226936382055035,0.007325984683569172,0.8196063228655066,0.5933402294261398,-0.001524265550998792,0.8013299174136648,0.5307115403724256,-0.00771328444537984,0.8166475577910243,0.5000340994318574,0.003669476290311762,0.8039055636127257,0.6290799468207149,-0.006525223899295321,0.7941448525681137,0.5956425492161137,-0.00480011961373469,0.7768593389031123,0.562987537857418,0.007098694717191699,0.8153337054041394,0.5085294952891187,-0.0009558931337872462,0.7889661406351293,0.6352433416389538,0.0013084089728686871,0.7859362139713926,0.6081784609309757,-0.004964913348148084,0.7790055655719305,0.5748199238500759,0.0019288450686710205,0.7916947820265733,0.5386634562802927,0.005541106099871306,0.7455063526328801,0.6242551559645815,0.009114349750920814,0.7464123119108608,0.5958797214914152,0.00638317643376146,0.7535308016711959,0.5646502122222884,-0.00266021359024121,0.754766333662795,0.5468386594522018,0.0015803429538916898,2026-05-22T14:13:58.511696
not_help,0.5273001047112501,0.34520156947379554,0.008713250658181118,0.5600716773955648,0.34218296512766966,0.0006824811528516484,0.5556725165692716,0.31302168978919465,-0.006307863682216351,0.5839243345736592,0.28420859135049037,-0.004075767267557386,0.5626649326348259,0.2367590770405745,-0.00736944755115921,0.5519954225912777,0.3220938450195069,-0.009895981176923535,0.5523004919882578,0.27806992391383756,-0.0008964612861616164,0.5455133434820005,0.2487289664455318,-0.0021517261088687765,0.5170493642678156,0.21952943032401037,0.0009421199087983091,0.49362785476695886,0.3138325256667065,0.008022987797939392,0.502293109792164,0.28728100322869177,-0.0070076971323368206,0.5133708655527109,0.25188446398524184,-0.00398760564739314,0.49633140839871553,0.20443930765121854,-0.0031425171110824506,0.48202288971281937,0.31560206436095994,-0.009502097433274528,0.5063992756352289,0.2792319181477542,0.004398083094862228,0.4734141115461044,0.26267626704111063,0.004212354437917199,0.4810309946110224,0.22679044462838013,-0.0075944378404155174,0.47258385327520674,0.30762225805702814,0.0070196243867391445,0.48351259893547016,0.31771368990716004,-0.005958017635790962,0.4810216060442845,0.2836164427993529,0.001589832568898419,0.48885191285460483,0.2405982180624692,0.004445664356743366,0.6173620582784551,0.4010874395841185,0.005172991621800219,0.6475658808285913,0.4073271939937105,-0.004404163408815612,0.6497087084166192,0.36922749291438334,0.00843136081998058,0.6426115175156598,0.35267997092760234,-0.005523170057102731,0.6530650321357347,0.32505058506068585,0.0058367491571514555,0.6077529966283621,0.38121986764612736,-0.0035159585116849423,0.635883839414155,0.36861596286262965,-0.003137116916438496,0.6172613324750867,0.3352353222318662,-0.0008916214706391652,0.6094010373034835,0.2923123214815567,-0.008968007750227793,0.600723488931866,0.40045051497656936,0.002874573549741988,0.6105756487268549,0.3416689390966474,0.0033371477914937806,0.6022695885023378,0.3402657813089946,0.008420667043211509,0.6006174853188898,0.28514565973172795,-0.002207299832643288,0.5712123739894922,0.37424073133240005,-0.0031534852686763834,0.5857390989415787,0.3595677623323209,0.004391701577902543,0.5756524078171492,0.34862831522509224,0.008947734462196323,0.5872887401156183,0.32886059589370453,-0.004529751834717115,0.5497188218442627,0.39478560276051433,0.007846182709852245,0.5597120510607535,0.37542021623478083,-0.008860956462460892,0.5662578316017715,0.35251224913045176,0.0034398217334728302,0.5763329068815983,0.31780444073233227,-0.005007325407641474,2026-05-22T14:13:58.512962
not_help,0.6797756361414949,0.35426208931050523,0.008519602976438759,0.6501493843360738,0.3633488642253207,0.00040723131661392527,0.6474993791040603,0.35258077420231065,0.008817880221636253,0.6662892440270513,0.3206488943315472,0.005857807411614251,0.6403116825251076,0.32488572263959214,0.0013287616246836914,0.7058965520858281,0.36380192946870404,-0.00329183264987458,0.722253123698209,0.32818616633858017,-0.0037551824410123344,0.7167956483853627,0.28629689698460126,0.0028436422875500675,0.69679567020199,0.2723172673593349,0.006554999878300579,0.7020114098702056,0.3369516068206246,-0.009979230000283185,0.7025615586499302,0.31578195579818397,-0.009840964535894876,0.6826097974330885,0.31451026090295137,-0.00708069765013329,0.692146150721755,0.29208389757699416,0.005181905461100242,0.6685936558243272,0.3622110881060053,-0.006077881666852869,0.6842217392436742,0.34563806179555995,-0.005456616048694672,0.6916398361516958,0.31729076028241365,0.005732030780726106,0.6923518522332281,0.28520955843567763,0.008541356598095155,0.6779506320553775,0.36783875165486385,-0.006399639793064831,0.6467267346873512,0.3314824188839525,0.008417575303691313,0.6787699177044445,0.3292482413999177,-0.0009850950947508028,0.6818686491675314,0.292665708602587,-0.007519330301393663,0.6774489005999428,0.552668748461389,0.002179971142307724,0.7085645381403559,0.561577097167446,0.008482874618617393,0.6928865357962544,0.5308934572126268,0.00837962048640105,0.7253490764498701,0.5113115773789036,-8.580178189268248e-06,0.7169455445250984,0.5254755219384162,-0.002590849797550434,0.6994925216965235,0.5610560904304731,-0.0030689837587554412,0.6944977467910756,0.5233865771123304,-0.004084281583410346,0.7016234028963566,0.5024360810591721,-0.005846074110925994,0.6855106411710107,0.49248297594815726,-0.0003031376229706423,0.7019439442011456,0.5458529906041568,0.0007293919795744244,0.6674030411832991,0.5386955705989099,-0.00733356805677496,0.6651245071474015,0.4874076625144085,0.0064998126041815926,0.6704826795345826,0.4660595035825969,-0.002370098296488048,0.6819144373618783,0.5698423185611686,0.006964604945176917,0.6533101216461727,0.5431745536818063,0.0032074036173233723,0.6866757318834033,0.5000757951145204,0.007382531262982784,0.6736600309298536,0.4976053485413706,0.0031954536401242635,0.6486719507798313,0.5613434061586022,0.00211042872748419,0.6717053754048302,0.5392426059378013,0.0017279493721826349,0.6428765079416238,0.5281702727376736,-0.007471529085378483,0.6604225992457567,0.5256150137402096,0.001526616595477601,2026-05-22T14:13:58.512962
not_help,0.7029880201544466,0.4672252695096679,0.0070510235542290255,0.6450143094865487,0.4307887985472643,0.0005709713707434932,0.6546290754719659,0.4047342001098218,-0.0007563206139677044,0.6225014601414638,0.38491238913969067,-0.005423750637321447,0.6087916154593993,0.3797725612352804,0.008525302772231605,0.6998772677484724,0.42966389048579406,0.0029051646969620176,0.7058106844492888,0.37139509581925934,-0.00538148319643674,0.7140531592059229,0.36560857679896375,-0.006240532039966613,0.7132202236923849,0.3104008641833086,0.0029987194818905036,0.6954961393475355,0.43945430477885816,0.008453844667477754,0.666831148132036,0.37589907411181545,0.009832400840687308,0.6755043318489399,0.36426916779758167,0.009738894498966597,0.673221747327148,0.3161727508384659,-0.004960108772478631,0.6701614415123944,0.40909221945602847,-0.005182437704676757,0.6498730445747196,0.3844796280378445,0.009923660782738703,0.6471290508503974,0.3661524180692733,0.00048261195365792084,0.6733301887239133,0.3461984478384934,-0.0034874300844050365,0.6614682838054015,0.42252801919622257,0.0017521764391745399,0.6298260764961627,0.41485337138025014,-0.004027584053045796,0.6486813471580354,0.39302849739536433,-0.003695026838903697,0.6669280209617219,0.361354506582248,-0.0029063894819745762,0.5790262542853791,0.6379080186459826,0.005783469072524907,0.5943707008294453,0.611570780503411,0.005659366871267552,0.588662944620902,0.6061135200395052,-0.007984854758987888,0.6123654565067551,0.5982219034403088,-0.00923161795523791,0.6214629173902271,0.549634552894235,0.0035421501517429316,0.5827753595946801,0.6008014778012503,0.0074699990476771155,0.6128005024694537,0.5744376571774191,-0.0018053693717536377,0.5800927619014518,0.5647511436621245,-0.004643118632755623,0.6131654519424604,0.5236305868073352,-0.007763149771227501,0.5755511983396253,0.602563050412646,-0.0034669212516342538,0.590673210433288,0.5876096545390367,0.0046084701930176695,0.5736410538289555,0.5444343869591933,-0.004412341552603573,0.5894240224583714,0.5476797796070405,-0.0096165957971064,0.5639421641816631,0.6166758353912513,0.004338709001840867,0.5733591848846096,0.5667879875391961,-0.0050560435482046055,0.5856190660108677,0.5521171760422494,-0.0025120038511139958,0.5785035758991526,0.5377875009300959,-0.006236069534949298,0.5770829511712374,0.6179510931846441,-0.009669158721016325,0.5555644835515172,0.5968201305671977,-0.008899045625302544,0.5750741691273582,0.5858756998020563,0.005161465404073525,0.5632602706362617,0.5772254734991388,0.003370322521642828,2026-05-22T14:13:58.512962
not_help,0.3749915214671893,0.45831197492014575,-0.0008818863128404585,0.33994441702948286,0.4416220243793538,-0.004935846036151132,0.3305712352663045,0.445739490883757,-0.0010576268055153201,0.35695947606242867,0.4156755792825447,0.009855058229037981,0.31782240502895454,0.3943529787051053,0.007634460567438909,0.3985979653842703,0.44410331604768943,-0.0047014141615624805,0.39880395422664106,0.4164126354396485,0.005670186583108321,0.37302615555397256,0.39266502765059763,0.0075542899867588695,0.3724166399061518,0.39412627703296005,0.005981716629808514,0.3706473138476388,0.4423101437406428,-0.006408703190374521,0.37636659136238293,0.4192998779626639,-0.009588827192939117,0.3593232029591594,0.40422932114257676,0.008000451269063751,0.3773069232987298,0.37579759224398124,0.008225196207348092,0.34405906081434245,0.46802411720394055,0.0032378777837049743,0.37132794482602954,0.42886209581377677,-0.004763097277565773,0.37087407174058756,0.4282513097487071,0.0037520938128750726,0.34239777959374207,0.37622730721281866,-0.0025436002930904426,0.35242971046954313,0.45756992039850874,0.007533437654118262,0.34616775546977185,0.42289106764822587,0.008871690860003544,0.36460650009115686,0.418038934971696,-0.009275221119722519,0.35023400357888224,0.3993899745085449,-0.00484247773110859,0.7005587057577545,0.5278950723325346,0.005602963527978778,0.6880612811758875,0.5068409055664927,0.009940626507780577,0.6612562885348929,0.48737830659581227,0.0008764983824742275,0.6367487313919601,0.5016890460914015,0.0009349137560576773,0.6648875169669904,0.45629542889907376,-0.002930647108201876,0.7008271480136398,0.494356375433944,-0.00393213047987101,0.7148890070509387,0.483836725951307,-0.008491701539269184,0.7348524796645852,0.45641322478305224,-0.008358473551865473,0.7236811389556697,0.4334996661704885,-0.009626365546149067,0.6935549364025615,0.5113909018364565,0.0009862591104533233,0.7023880154644973,0.46826837309101416,-7.203001270849642e-05,0.6925234580718407,0.4688888030262912,0.0020510569717065857,0.6868450385722003,0.4358128261710801,-0.002748491538016205,0.6615886274878371,0.5038961395519689,0.008461293053174264,0.663772815708891,0.4951959341573516,-0.009230432579257713,0.6756137747116899,0.471371704448472,-0.0019874335907855614,0.6743691953605468,0.4393496304461573,-0.0015435790720476853,0.6828029774337004,0.5345787250869919,0.006389024901919506,0.6859300690305116,0.5125099543925926,0.00950867766100383,0.6528106612077409,0.46748276470632605,0.0018860239260716088,0.6581926689141697,0.47696591304302516,-0.0034268785277913926,2026-05-22T14:13:58.512962
not_help,0.5373335590784933,0.3784799750683796,0.00796350935349605,0.5616645723913303,0.3609856997775561,-0.009109569142591869,0.549874549824879,0.34278558109637547,0.006650462637958805,0.5650530107483245,0.3289630557097335,-0.002329770541351914,0.583515274107919,0.32387516987949144,-0.00765627679508593,0.5396705318464531,0.3763320031902127,-0.005616402831876262,0.5446556201062124,0.3348695205751481,-0.0024863630555866665,0.5450025354433594,0.33594265491330977,0.002264167738803429,0.5482489214421039,0.3055091965359317,0.0021252284507193003,0.526007508606285,0.3688654481177351,-0.005846826651093786,0.5133076268258472,0.3654198545215992,-0.0032556604734470572,0.5292946304345801,0.32157578865857206,-0.004869254155211278,0.5333102575495868,0.29453908618021624,-0.00422582363679495,0.5301122901296758,0.37102553377343,-0.00135850544279628,0.5153900467002734,0.3363867981375386,0.0075414186506568715,0.5158342296518947,0.34982735137000126,0.0032036884547187363,0.5078848794697942,0.3289207222693743,-0.0022298678240119532,0.5154705167859287,0.39500849000299554,0.007271580423402585,0.4882556113119386,0.35445449909184884,-0.0028681356642609977,0.5159207126448422,0.3501775249387458,0.0035705145830320136,0.5080195164850697,0.34236106286386647,0.005194409919940208,0.20760654044643478,0.5477879442720781,0.0028077781450640375,0.18204979621093953,0.5577337450455172,-0.006186289769773443,0.17586231757694526,0.5044356114085172,-0.005078539111711167,0.1379160337276076,0.5040543677930749,0.0025415845885240623,0.16262004563273055,0.46957405907199506,-0.0013244205705746498,0.22120522449248634,0.5131802887271901,0.0015960524040987065,0.23665903565244145,0.5130731345144779,0.001438064582595244,0.24089378391614522,0.4734863379234104,0.005205168665631206,0.2306991658999586,0.43797324380765296,-1.566197794132876e-05,0.19358798335007324,0.5285951910156269,0.009319224537062834,0.2269796744245314,0.5015266116342846,0.0009826362370699386,0.21505893804219192,0.44525001629941463,-0.006747767426446754,0.2025426324067353,0.4260867646755355,0.009348365838885006,0.20052848541960744,0.5168971947025583,-0.0033587622243367353,0.1935730322410301,0.5033216412363475,-0.0019373854037515459,0.19172880131311093,0.46909578747713415,0.0027232948040135097,0.17569171147769044,0.45158510386807327,0.0037329733404314475,0.18075890224130986,0.5498659116677576,0.008387482780985516,0.16930206964468866,0.5065642853994836,0.00941600883016352,0.17097590925893041,0.4924280542335512,-0.0009357613352626252,0.16283692755935936,0.492033337534071,0.0031806291274008008,2026-05-22T14:13:58.512962
not_help,0.6820845493082174,0.4988206071643946,0.0004193862144183172,0.6386024473867129,0.4828863884099695,0.0007418220096232653,0.6436982917349465,0.44764648928256745,0.002931347743906812,0.6132288750250579,0.41695807185806266,0.000695250466519708,0.609220085049801,0.38666766889388343,-0.0015741937598081467,0.7001994648140035,0.43480302895915945,-0.003955042849882435,0.6967526444344756,0.4214077561380531,-0.00430454236013893,0.7017985547996857,0.4014859827144163,-0.006458103877557915,0.7165685642077732,0.3539019802580189,-0.0039449250586172145,0.6883204147014393,0.46004429905010474,-0.0071827715201564675,0.6939907162683803,0.41933897654187297,0.007433364022999609,0.6626307755621064,0.37682562496389155,-0.008518682261477542,0.7005785381322466,0.3535609396390418,0.0024904418162116897,0.6719113146128505,0.4518123281480883,-0.005332752847243441,0.6415728266375755,0.4482290793097766,-0.009093166164315854,0.6702834388243841,0.4068727218560405,-0.0033835617238134417,0.6772028937741086,0.3835439360425952,-0.0012902508407122565,0.6386202824721154,0.46279777449226855,0.0019486828860169753,0.6573007732269309,0.454159205426521,-0.001849162343983744,0.639702330030771,0.4057291384282801,0.008862458581338386,0.6372709589782799,0.3978048379740192,0.008443095675941899,0.4533432067079828,0.6242949695119756,-0.0036290255302810492,0.44947221463610976,0.6296290861954349,-0.004813896375183195,0.4210100753114575,0.578347043334807,-0.009957466323519017,0.4174348539020045,0.5607211154315462,-0.008970851895074296,0.38896561394470514,0.5443710191704995,-0.00043594425918658253,0.4678088967182276,0.5920292614893302,-0.008049703288605442,0.49996647611848843,0.5740287139852139,0.009455131503763878,0.4718338203915841,0.546197372586075,-0.0044895001497047594,0.4958458122176722,0.526226812725017,0.0009642043762425664,0.483577553683825,0.601576182659221,-0.0016151264863082642,0.4779298763362095,0.5705453040765734,-0.005601216139415113,0.44791685011369226,0.5341831485915339,0.007039600804300225,0.4807844600181083,0.4918628504956532,0.0074170765162020185,0.4312237569266526,0.5855171421964059,-0.007937678503623268,0.4667114886426375,0.5806459950311048,-0.0056950069668943734,0.4412856258063705,0.5361738947985947,0.009358677082010382,0.45714671396447476,0.5207535202435273,-0.00015408733693161349,0.43700384259177744,0.6193915693367831,-0.007320665673394747,0.43789518815066636,0.6001088341513748,-0.004697732972606468,0.4430890105312737,0.5892627450532961,0.00023075957153264118,0.42751414015511513,0.5619488293590705,-0.0016441704358587782,2026-05-22T14:13:58.512962
not_help,0.6560021413875242,0.4046904902722542,0.007473729974296768,0.6152102036353821,0.37120471185047166,-0.005173775961128446,0.6143051614494438,0.3426182517029125,0.007646864144931044,0.5956440735849265,0.34280507004789174,0.0006782932064876984,0.5929007385076016,0.320659694622131,-0.0049229699090058456,0.655818975484018,0.3672465432065554,0.0065983385704191985,0.6813735540959931,0.3355863687803911,0.00869981149451437,0.6884166309719743,0.29555679353859166,0.0030814947233520212,0.6680486072686661,0.2608688213256163,0.0008261677397466728,0.6597547237354859,0.37673279809899624,-0.0008186645983150487,0.6426762824487434,0.3212453154583412,-0.004968229024578563,0.6353326275426968,0.29836986048260206,-0.0007259236591679909,0.656815837135612,0.28301763751048314,-0.0018642123673501976,0.6254917769885245,0.37330074560042437,-0.003188066845849908,0.6318683876891394,0.34253350170039043,0.0020597438799388884,0.622277766628305,0.3311178513958118,0.009748009956603134,0.6156093965678532,0.27170620255501304,0.0012362001519407445,0.6167681765145255,0.3603115136512209,0.008003515693495033,0.6036199755863247,0.36115682296003243,-0.00654041086783661,0.6265606020695491,0.31575346080663164,-0.002159127575571103,0.6148320650403248,0.29865545115575043,0.007615596420516615,0.4957066087581278,0.3348831622781228,0.008123714458227503,0.553554099468587,0.327803022395301,-0.00038107587211652985,0.5516181963378683,0.31891706127488245,0.00547705182050588,0.5462422425025562,0.2982875150495204,0.004394936850737779,0.561771826947178,0.2887271335072736,-0.0058223057476985175,0.544383337368228,0.3315097157966024,-0.0053017007085122405,0.5421855145508838,0.30635401336511264,0.008708504593279,0.5314782696440459,0.2559557339678466,-0.005331919202616244,0.5405410969136624,0.21629843906877566,0.008813487883341466,0.519758651285112,0.3266761421039273,-0.004350168960139413,0.5115052434729381,0.3081667368363729,0.005614405159982974,0.5100323427072576,0.27660361677283024,0.008859076542594555,0.523581835588296,0.22903487716283777,0.005403899153635037,0.4780446547263777,0.3330200655031811,-0.007126147711914388,0.5061667532377938,0.2891774665302586,0.008068205580340061,0.4970003491416608,0.27911775181635123,-0.006734643587708862,0.4689687642140596,0.23499846256536186,0.0008478474888242785,0.47673646761764055,0.3390676290454569,-0.009039325908701028,0.468578279822894,0.3248911352974184,-0.0031619247890552924,0.4824561166897621,0.3002074665545311,-0.0058208041229951294,0.4583827918089152,0.28964701269359644,-0.001184363629635905,2026-05-22T14:13:58.512962
not_help,0.5874653859152469,0.36271178782239066,0.004117143835120771,0.6038096365625514,0.3536150201051088,-0.0028265101431781845,0.6237672379654029,0.3408093878659714,-0.0003782356556702518,0.6254375769070118,0.2949830410703447,-0.002944122989676312,0.6127395983267405,0.3021988004530198,0.007302518511387695,0.608604343298168,0.3459068555532275,-0.009478356175539276,0.6089519728913071,0.3151234965155933,0.006886385112151944,0.591695876499709,0.29542908351855623,0.004026926538041977,0.6008191091535682,0.28522544561428054,-0.0017538964520137854,0.5749427877511756,0.34776135461858537,0.006729871727456519,0.5842618112268649,0.32740670689702617,0.009030053726097149,0.5819308854426416,0.30196239707735095,-0.004541732014361122,0.5894717282876832,0.29062161799576636,-0.007577991059191807,0.5609368274183528,0.34693828335425736,0.004863519330940249,0.5576906026152427,0.31066528124096254,-0.009503522163297248,0.5633493972436867,0.31192817607528783,0.0005057862730370403,0.5718027586851164,0.28628549747628845,-0.0014689835253392028,0.5799502183343173,0.3472158979989199,-0.0043509400135215695,0.5708961006623082,0.3081161004073799,-0.004114798105657036,0.5574954969223437,0.31664081038211717,0.008061025291037272,0.5484337440499282,0.2818694043141724,0.00442568250735398,0.7855039800226017,0.45507373860241174,-0.0030609284043229936,0.8182630894910788,0.433069511978112,0.006057787414005174,0.8261327483079902,0.4078339740627384,-0.004379333239402325,0.8229350494543867,0.4026442647281911,0.007553393435140112,0.8320883744494509,0.39863060210783263,-0.009928836324530864,0.7928482128234943,0.4307288268839323,0.009515610273420414,0.7877736978527557,0.4190719094310843,-0.003852955009486181,0.7974325140097955,0.3722565792552556,-0.00619512797277727,0.8099497948343927,0.3563594459427648,-0.0010978720930215641,0.7715301229275477,0.40985026611434444,0.004429070553913677,0.7741753907977688,0.40478160841004873,0.00012366687040530136,0.7899316191037036,0.3744244648412454,-0.0045777481660228886,0.7966049581746065,0.3422295693706115,0.0029433297640089687,0.7588791409809768,0.43275308455311107,0.0014591010361341295,0.7803172662531458,0.41846721808597664,-0.007220657092939076,0.7815165928809129,0.40015257296907014,0.0018691961552416373,0.7467559013679193,0.368665698361734,-0.0034307480110660005,0.7559732332498798,0.45026993783214436,-0.0006397611847832399,0.7725847791543333,0.42258674961799264,0.004858814370030176,0.7428781276273397,0.40911594065188384,-0.005561241073929404,0.7531640338856231,0.38017653733953705,0.005970845971296856,2026-05-22T14:13:58.513973
not_help,0.5904355023693469,0.5644851305256939,0.004456294131331003,0.5997823756514868,0.540806334768272,0.0007418268186985075,0.623244721564472,0.5511146584224583,0.0032726898860583244,0.6452094210188087,0.5134859086693457,-0.0025406008636948774,0.6268798779341648,0.5149986404526611,0.004074437615527029,0.6147043300553201,0.5391456434624908,-0.006481562891644286,0.5948411884288604,0.5327246110472073,-0.004694373780626819,0.6118047848803739,0.5083579417658959,-0.002963496702899848,0.6183111266000186,0.46636092468263685,-0.007122786590331845,0.6110431870673263,0.5564941301289973,0.007025814129136733,0.583749503854698,0.5370773129345902,0.006011519664616447,0.5776014255561344,0.48342546564877553,0.008962819265569995,0.5877981680673416,0.4902300978871724,-0.005355018921954491,0.5785877157283098,0.5562911626260147,0.006737476893664626,0.5851792722768604,0.5191521923462644,-0.0036743133370305677,0.5755812293087536,0.5068211348819004,0.004756466604978119,0.5610531335024562,0.49945561645650927,-0.00047734045976054705,0.5615260634575933,0.5566479045590206,0.005066393899633441,0.5587518301539184,0.5454837863065347,0.008459894090247244,0.5662403698060241,0.5388063302084962,0.007702078303229732,0.5531036867130547,0.5229478766983228,0.006287852565434569,0.34901470821492253,0.4753539398975094,0.009048585768479696,0.3057686670071056,0.46842732044320545,-0.007607064130251988,0.290957962247339,0.46245325489880457,0.005271044984903257,0.3003985248841785,0.43680096184615447,-0.008834450802131008,0.26770217566473814,0.420023380718324,-0.0017933638637655843,0.33521048700067807,0.487349207672399,0.004418894720000337,0.3478855194143742,0.457400395362581,-0.00839498716955604,0.3396485728918647,0.41337997543275085,0.006282063955351828,0.34544802130078134,0.3857516220849493,0.005103145226673832,0.31586603496357757,0.45237893228663634,0.009172964774382177,0.32414745121075117,0.4662882652765304,0.009016147100741148,0.3390347934957896,0.43553080587057785,-0.007982025178441893,0.3177973534518054,0.4082993570753354,0.0013007145728501871,0.33200240182421004,0.4760056870581551,0.009701985216123686,0.2973982987825643,0.46564823382148013,0.009099627093495597,0.33030414230760724,0.42691667504508524,-0.008373879330760212,0.3091085355899289,0.40340868881345904,-0.0027293798123687483,0.2935804343457022,0.4650856307452222,-0.00812084192804163,0.3153651445140481,0.4661751011211756,0.0003877782323679843,0.2913867249906684,0.4418671027010601,0.009978443627201473,0.3195859281548337,0.420990220396076,0.004241380799625025,2026-05-22T14:13:58.513973
not_help,0.4888895369881715,0.5251522815252601,0.00889511951687809,0.5232863194431826,0.4833510076635412,0.0016358353763878952,0.5516320579665971,0.47216686663931484,0.004386353734229466,0.5607318854482103,0.44605098023747297,-0.005958356019772735,0.5522438380149227,0.4384931912536352,0.003600875211075369,0.4992825053126692,0.5020843937804755,0.00830346876001684,0.5305915677948124,0.446578308537498,0.007361443863691813,0.5296557357726794,0.4163363915875436,0.0020538519409319528,0.5314368160132333,0.3929386034943566,0.0022782429850362346,0.4817423776334627,0.5009918574447384,-0.00904298674478967,0.5104226582195448,0.4525015362391108,-0.009906392845316633,0.47182291988066105,0.42624870850897023,-0.0025681090420394924,0.4823959896204779,0.3680235063275582,-0.006061530703273464,0.4774391930778125,0.48118803461626236,0.006930149175368031,0.4503111939102938,0.4714633440767223,-0.006240518448809525,0.47958146840368876,0.4483529392514136,0.0035104157139564784,0.4587006929839838,0.42658834204509705,-0.006397897982723852,0.4462869636658136,0.5089345958365489,0.004863771603427965,0.43818749355268183,0.4797065264076583,0.005365213556752473,0.459721903855168,0.46854409396963637,-0.0034863094907649408,0.4654257879901193,0.42908444730087264,-0.00840201103734393,0.5844445826225919,0.42964082539131926,0.002969877007843862,0.6132585447683232,0.4130033504826334,0.002634811137832283,0.6334343951553943,0.3888219304285755,0.009155692643308013,0.6392958166868202,0.3511519420045643,-0.00039374195374169453,0.6496311880917345,0.33830814345124516,0.008689353894778968,0.5941752136749111,0.37657613663309447,-0.003961189896306163,0.6158355382879704,0.36412993366544916,0.009106457453026321,0.5929311357991537,0.3148398374773749,-0.007699774172098861,0.6082370113285936,0.318783732364065,-1.1738706799062706e-05,0.5812507363794628,0.37498704227097523,0.0001857876494662722,0.6064591847995083,0.35969445716013493,-0.008532149741275193,0.5826757332930517,0.3350407981965892,0.007860639143531667,0.5752879894514324,0.3184727071136218,-0.005658065553683623,0.5895053708227255,0.37562399113875594,0.004450892744198225,0.5867867377589049,0.35281507867342793,-0.006396923292627621,0.5755773995966262,0.3353980112949403,0.006103039995515159,0.5558400208672011,0.33810740609397893,0.007070647627086339,0.5558243266529403,0.3929607339433506,0.002050096522325906,0.5618834302955399,0.37149771968566847,-0.0021798409862433706,0.5522299274383383,0.371638125831113,0.003248753765056199,0.5509051216167187,0.3410414847520845,0.006371907104764088,2026-05-22T14:13:58.513973
not_help,0.4901714405082897,0.5881074378778816,0.002461613798354115,0.532796569696933,0.5597263437770366,-0.007709329812723821,0.5284705503927708,0.5422238954122881,0.00481721635511732,0.5373464067143713,0.5255713278318441,0.0065967075520939455,0.561877984674061,0.5095707671337708,0.0002720781734764227,0.5293485663541765,0.546808095505436,0.009497863088514183,0.5305628923794736,0.5538454091318267,-0.007524043449655431,0.5079223507605587,0.5250056315859825,-0.00590159803575288,0.5021851866664916,0.48294204184405787,-0.008265746286231886,0.4973620035993783,0.5766034847894964,0.00038929471879010046,0.4836768189189466,0.5391678015425025,-0.00668397852049395,0.499806939879045,0.4970811870829597,-0.0075068861644898835,0.5180132864874382,0.46045963875213436,0.002058258872608614,0.4834752692769496,0.5648294653670239,0.005153706920336915,0.46896416688275194,0.5531964589946633,-0.0014392623309644244,0.4731528093643228,0.5172020485679326,-0.0093914817653721,0.47262288103486655,0.4871533319659648,-0.0049718139336766675,0.47656526730431786,0.5590054551020713,-0.006942321226312454,0.45853197420432423,0.5683898551046884,0.009729788940617374,0.4805341070711277,0.5347329682360551,0.007964002865333464,0.4526729748517956,0.5077704818806947,-0.006855852943823664,0.2813340588448893,0.6239250982081149,0.005228352132803298,0.3012061576681046,0.5707152320390223,-0.009928225796683104,0.2986916846514139,0.5579149852234915,0.0008765030029836557,0.34254136649519884,0.5496885197075542,0.007340866948246967,0.3382379847384469,0.5072532828764991,-0.0016571927889309033,0.3024394267982671,0.5670065821252704,0.0008301394007581356,0.29043810301131723,0.5336740085979537,-0.0020297304917091252,0.2905499089295313,0.49778757354149217,0.00845505939146274,0.2865247308809673,0.4653037739009394,0.00673314469072271,0.268481059047768,0.5501008272725302,0.0036566442476509402,0.2608870454826612,0.5327184037494899,-0.006462769211215524,0.2573652460002804,0.4792401177362784,0.0031859951251218682,0.26882789190449635,0.4429070901361343,0.008223479112372976,0.2548102026982002,0.5698666146364121,-0.0013195297221881789,0.23807342147486538,0.5498104850368426,-0.006567040577223087,0.22770808848963695,0.5026205870463869,0.0001930337453999089,0.2372367637125734,0.47059320758846307,-0.0032803578599794256,0.23517361012274351,0.5840257512465763,0.005401275903028913,0.2405812561774062,0.5450177324684848,0.008412577734864818,0.21114709597070883,0.5307047738605526,0.0036727939403676003,0.24166003539573225,0.5180528393249478,0.0007441867355784601,2026-05-22T14:13:58.513973
not_help,0.3099188503475803,0.4755305946592479,-0.006820609125675834,0.27792628242340545,0.47111744702937375,-0.006485507620971737,0.2639436005043212,0.44431260085580077,-0.001456432241788928,0.2407726315964976,0.39563134287650153,-0.004529117858075484,0.23973243577466954,0.3745075844573818,-0.0019348897165504947,0.34984165181602733,0.43672507960003093,-0.0014188605510165406,0.34863442717917154,0.38783163961508466,0.003956313384664078,0.3591535674796347,0.3542194484921875,-0.003008939084799194,0.3414075015672546,0.33231850180470024,0.008399018716791476,0.304246646376937,0.44328900208066446,-0.004482152769021604,0.310681980245894,0.38711109392837434,0.002024883650590739,0.329452966127664,0.36420795706468867,0.004359009152445779,0.31258609627830103,0.3376575453018276,-0.003912072759563505,0.2916484381677347,0.45747475842233665,0.0034340131240643747,0.3013270140634456,0.413141829643774,-0.0037906890139298025,0.31042314404691546,0.3998562120691671,-0.0019194602487489412,0.28708242620983027,0.35247284037927157,-0.0027299575690817113,0.2598018401158845,0.4640319065919851,0.005175842318736643,0.25780614770090804,0.41076650538213055,-0.0017173783154308623,0.27365658180390534,0.4177387900513481,0.0002823747028495652,0.27863049694782155,0.3668184690444246,-0.002985925653830335,0.2906399830194262,0.7480785753045774,-0.008649088776067602,0.26843219776279054,0.7383209778962952,-0.002776399367734073,0.23074912748612472,0.702371063575008,-0.0023265504417947546,0.23689370756862085,0.6710910866243768,-0.0067287857195301466,0.2111387530099886,0.6396174496248495,0.005133893493266843,0.3184189274521475,0.7105088468707307,-0.004736936842460895,0.29805125651519,0.679527730717284,-0.006354064652196501,0.32144087363920265,0.6259992572236188,0.009446804097442014,0.2960859520327928,0.6128997215869736,-0.006593231756251221,0.29655520301165944,0.6939019391367153,0.0009457255903931785,0.2863475416621767,0.6968791524687105,0.008521809674297122,0.29448698111035215,0.6534114080417349,-0.004810574689837628,0.2857310773438064,0.6224893985513522,0.0024021259536005594,0.2580443642086869,0.7299665445330793,-0.008819764239627747,0.2519536163177734,0.7011047163956695,0.00021136701507441964,0.27968530003222764,0.6643197177606373,0.007539869739715379,0.258904188309219,0.6188815847242061,0.00041810725894439807,0.25773291353587974,0.7232587825717357,0.0030215096584440843,0.2662428369703223,0.6800198840387587,0.005852941672317468,0.26803007861948297,0.6910463969919853,-0.0049416911947357265,0.2581667210391779,0.6749922090453092,-0.005141024417564737,2026-05-22T14:13:58.513973
not_help,0.33112458844792886,0.47824746457399303,0.0023954460683986434,0.3559242478028635,0.44605764062396397,0.003592055158654288,0.3604335719768945,0.40920029931590707,0.007067541905034837,0.3619733181629787,0.429997377600429,0.006854723012457023,0.3573158346701492,0.3999071329805338,0.005332571613087627,0.34050263774383743,0.4556186626501318,0.0016723475223613064,0.33664876920539144,0.39171559744726175,0.00044980258563108444,0.3105326289932041,0.3935445651816767,0.007970142249699252,0.3135498445652155,0.36497461870807146,0.007124611696249993,0.3237457690487238,0.4280879931006518,0.008972478467653726,0.294299241177574,0.4263693222943823,0.008346137910619044,0.3262809077374506,0.3773191593382159,-0.002255402424964181,0.3046083019560193,0.3473062692555464,-0.004842312216825342,0.31018047058396375,0.42743146814497135,-0.009024608375448027,0.2851344589411287,0.4239159391249153,0.007580964725249875,0.30351094745752033,0.4089473965427372,0.0028731023276758055,0.31416031834235064,0.36024406129533837,0.004592563875134849,0.2759410532112619,0.44775940367239264,-0.00864826453511975,0.2879334073102733,0.43233108687966887,-0.004121923633408427,0.28018217789499034,0.40634351473726954,0.0016377633431274314,0.28376955731219466,0.40579236766719473,0.0015057551158651414,0.5902390328451368,0.7009951568668005,0.007433608919450578,0.5598220036193692,0.6522471982703206,-0.008310719018579939,0.5704733429562359,0.6304367497641601,0.009099614934332792,0.5537276761139517,0.6212857525500901,-0.002037449342604334,0.5412454066742237,0.6147405559525007,0.0017645963125884519,0.6293779928606776,0.6384139600912863,-0.009044159088786674,0.6412512302011902,0.6358063561755516,0.004184410619411581,0.6388125020288711,0.6087415636483988,0.0015649577723866707,0.6202302968054104,0.5585300713048617,0.0047653170230222905,0.6149413585773035,0.6469637212710052,-0.0010608201258594536,0.6070327092125092,0.6254456731441556,-0.00013168636704037617,0.5932998749078998,0.6008653111705163,0.003430214201797961,0.6033112620302108,0.583037880896099,0.007607973164205266,0.605537325715793,0.6635601774032105,-0.004321923128207544,0.571941773265409,0.655136247577774,-0.009405863973452057,0.5731657680380032,0.6123690468116448,-0.004001319747324496,0.5870042925756173,0.5876932689532346,0.00020370654211096344,0.5787139071510748,0.6504550220524157,0.007132787701664698,0.574072151560108,0.641442986323084,0.007400805579894249,0.5675628374512807,0.6243257398748254,0.007099714233319123,0.5858315854756868,0.6086895552394577,0.0002407527525822191,2026-05-22T14:13:58.513973
not_help,0.6138574439259594,0.5118655417848488,-0.00047507152263783284,0.589271460058039,0.4960678497053909,0.009867697892823489,0.567998633027663,0.50239724334595,-0.005447919363635507,0.5687820658665094,0.46879066399439134,0.005977153949847552,0.5532086284261358,0.4730307310832949,-0.0050490564566875555,0.6096414928529903,0.4960868227458396,0.008815229050663636,0.6178441388166407,0.4554413551908969,0.008860056232166841,0.6093213347615104,0.43768521970509916,0.007466964388811179,0.6177940598913058,0.43131873337417675,-0.002573607320631377,0.6083094085386965,0.48495791950076234,-0.0005310241360201601,0.605296638010889,0.45601021616750015,0.0012956213630323926,0.6041597627475445,0.4698244213337263,0.00923179865556773,0.5888171141699142,0.4417224796270409,0.004248208971797517,0.5933983194264064,0.5200672486101688,-0.009463718304638897,0.5652091918702611,0.4721565839224437,0.009087713908980556,0.5830224633330496,0.4505148891125233,-0.009937731054207559,0.6012260182487991,0.4580107846354452,-0.009902359758483468,0.5805175714172736,0.4944997109237109,-0.009545142108817444,0.5751760925331606,0.5048054423534902,-0.003590522120387107,0.5544544732134675,0.45796283479536765,-0.007323466771575849,0.5838486752015205,0.43951069357103095,0.0027016761739944647,0.5637771446580354,0.7320527292010112,-0.0063061067786029336,0.5688180603421842,0.6970969091769679,-0.005457186129015661,0.5837877742582334,0.6996254088284967,0.00017701842810718786,0.588016797302292,0.6650289064029744,-0.005038446474402998,0.6215712607894474,0.6786687785748283,0.00447021204567254,0.5838051837220222,0.7239583036323087,0.007149801300366148,0.5584157937315558,0.6660305226112209,-0.00980804988890453,0.5935387798917011,0.6695453380199564,0.005402543741792609,0.5567713638815125,0.6357488246345179,-0.005244206363816568,0.5726969062260459,0.6975481260958697,-0.005842736504505572,0.556359703383847,0.6899984345904697,0.0009290951238871536,0.5451058016729841,0.6382555984568253,0.006267065234850379,0.5550114385622098,0.6477893479062617,-0.004283449533718451,0.5390682443625927,0.7277603577774623,0.005784010566717344,0.5558462011551825,0.6774752129604172,-0.000885113405879677,0.5589015614317436,0.6605289114901676,0.0010719359568629218,0.5603591568920235,0.6554129181178601,0.0005608201867397626,0.5325664608027151,0.7024462111551909,-0.004337439250108577,0.5191813052406383,0.689094471330789,0.0019925559347248826,0.5210406640507815,0.6701481334055073,-0.00376779422543631,0.5486691015259723,0.6610905369705372,0.009365351398545762,2026-05-22T14:13:58.513973
not_help,0.47729822036706826,0.5664029623348658,-0.006650571110023264,0.5145116467614241,0.5319787616498745,0.004844150634696334,0.5230777450241216,0.5436429615955649,-0.00338481528592653,0.5346528622780677,0.5175208618825083,0.0009989998647594017,0.5584204446954921,0.4748397252837189,0.008102629659933894,0.5301626374340679,0.5384793171454667,0.0011732612226764035,0.5325881117363412,0.5084525435285261,-0.004751018986966937,0.5275274379622727,0.48271277404601853,0.005391915798250966,0.5075158543014117,0.4653526007847165,-0.005213432877186608,0.49296317480919544,0.517186191081233,0.008744679337080447,0.47585454216681317,0.48524783397439075,-0.0001689529761452601,0.5075839670580462,0.48157239851222594,-0.005950782980008076,0.4850505290087179,0.4449963167889559,0.008365960560664331,0.47697870955303784,0.5546192024858662,0.0036996248118826135,0.45723218561551443,0.5148519055826822,-0.009174522621336625,0.477863236195455,0.5001334898991456,0.0017377071775833437,0.4764709991956658,0.46165490272977416,-0.004931201909538334,0.44710885409013496,0.5302926755449882,0.005435235763279414,0.4599951946973466,0.5192220574437287,-0.0016322022740554807,0.4511606851781547,0.512242807527896,-0.005317806092066207,0.4723799339454409,0.4688972721637264,-0.006506374556544769,0.4452119375263955,0.6713577753673807,0.006234500379985358,0.47547637343116694,0.6287744115958152,-0.00601156609284935,0.48036483568750593,0.6095288294718195,-0.00915870920623005,0.5049157253953647,0.5773129285351081,0.003829151277051782,0.5233629009851611,0.5609303010337298,-0.007351090275322416,0.48639345581243154,0.6315458239572523,-0.0036036029204888024,0.47815430425742284,0.5979328817896242,-0.00700346736894568,0.4859036097776893,0.5621030932457264,-0.006884753408886658,0.4688946509471834,0.5291844465641515,0.006375116039653251,0.46214526624910457,0.6454257915523502,0.009653192448587101,0.4549641402866776,0.6111294990284657,-0.007364283910405374,0.4527344129433481,0.5811314006034851,-0.004863583788731017,0.47590284166408825,0.5389420823479231,0.00907382405249938,0.4387310898990348,0.6129177884711736,0.0098551610129504,0.41774603185746206,0.5940940308636313,0.00522085616193547,0.44907033678429875,0.5926163245249091,0.0004650850049559771,0.44613029805039905,0.5430700621593307,-0.0012984421278777435,0.4255998054774968,0.6534465042852173,0.002951400197817868,0.4188254710781758,0.6328779418215434,0.003645045440123394,0.4227089529115612,0.5859979937322435,0.000295773750263963,0.40705515906268636,0.5646103619666101,0.00426364379916341,2026-05-22T14:13:58.513973
not_help,0.3187797525179798,0.5596905396846847,0.00793460435546641,0.3238238119709114,0.5669231005987887,0.0015885704299373766,0.3287415402386617,0.5222381112912493,-0.007651380962883354,0.32287738245210135,0.5306155854199531,-0.009851605477718272,0.32987972235767,0.4948312294291576,-0.006821035322161162,0.30646856489652025,0.5298315462957314,-0.006254106002791153,0.30259021882792003,0.5373468877867389,-0.00519128434520556,0.32016652728849293,0.4934565146441795,-0.00933544430069334,0.3357755090550176,0.45813560139859344,0.004616510036426174,0.312776697441461,0.5308972038980071,-0.007262342639757729,0.29917910655780683,0.5205157913030674,-0.001035330917457642,0.3092958163611726,0.4930218259002304,0.005748972327988792,0.3126153604179872,0.4920494733872638,0.004463196360510886,0.2921804927357517,0.5287814743156669,-0.005650047641449656,0.27179119034584126,0.5162365387489799,-0.0021408163079696934,0.29087046519816867,0.4978920392811287,-0.0023869408901636222,0.29771070756376833,0.5065370535376689,-0.008184570466695176,0.2778565700324833,0.5387847820481682,0.0074981882040725,0.28029802271869975,0.5499770838855302,-0.0034338222441055955,0.2659072264956201,0.5120670950420112,-0.006100102859399104,0.29182304150465876,0.49685476763371456,0.00730548807904772,0.6954316747475849,0.7535857655832188,-0.0013370811664770478,0.652190900497499,0.703239032367646,-0.00678651773535786,0.6510058056629309,0.7104619487356527,0.007516655675508315,0.6636065275662748,0.6843652361411358,-0.009905095952607882,0.6235944784712214,0.6358240901642268,0.003846056716370545,0.7355549005977594,0.6962132080659827,0.002842638331548899,0.7388200532442755,0.652147773892616,-0.007307468698822362,0.7236305394883717,0.6395020307842036,0.004964352076817219,0.747096892417856,0.5956464103146442,-0.0002963510702547901,0.720125369052566,0.6872665752881171,-0.005705276762519234,0.6938855568267037,0.6729233544614819,0.0081044652960888,0.7191410048190531,0.6316829596547302,-0.0005663310607185966,0.6864183231151176,0.58886845668275,0.008310227529052529,0.680369537114499,0.7217114735173146,0.006066563219068304,0.6761200978932435,0.685059861995256,-0.0012983141691116154,0.6974148917272385,0.6585015760150263,0.009370642678843166,0.7022222905243287,0.6142113309831089,0.0012460494380955225,0.6679658075469262,0.7348540800110873,-0.0023105819271477613,0.6744494174303971,0.7079753268030928,-0.0022237543909694813,0.6460903288680314,0.650945012457391,-0.008348717852837206,0.6746518151914771,0.6502249145070851,0.008883982270726535,2026-05-22T14:13:58.513973
not_help,0.48783051902308194,0.3269281738588834,0.008745406404603027,0.5156889129297828,0.3118241781919471,0.0043045112238628055,0.5200721651225819,0.2807818473346293,-0.0005913375343716849,0.5068173054613787,0.2958591729917635,-0.0016971656404466164,0.5210484585571019,0.2718496872326359,0.0053597199333908566,0.49128778850941185,0.30224374270484655,-0.003980545796662893,0.49922058079561293,0.2822968669037744,0.0030916590456633673,0.48453380447814676,0.2657962853907694,0.009448853692591673,0.5061915132081034,0.21755701099683822,0.0077078634729451,0.47109649934183795,0.32958070472597834,0.007064694646224461,0.45186888228003386,0.2776004771977027,0.006224741230406264,0.45404217766242083,0.23970856841804655,-0.005411918160210178,0.45740321444733956,0.23855248333747256,-0.009084472594616031,0.4586280820515017,0.3208855833118153,0.0013969670867332185,0.45002438482073504,0.29592472352315824,0.009507822085689887,0.43382614919583506,0.2509493775651807,0.0066532898532750805,0.44424151331225414,0.25387495495624485,0.0045778830771665315,0.4275149090299632,0.3112064301203149,-0.00878979176205587,0.4288712178584403,0.2891893177350617,0.004171432649899498,0.42245338103615104,0.29577693536832445,0.005133239695094025,0.45506358250485174,0.2616607661286945,-0.008252822757926374,0.4005583291384937,0.583649467812411,0.005759929222226618,0.3992379426856992,0.5399704390365995,-0.007819115318615392,0.43150573239835194,0.5463983009396236,-0.0006347891070762786,0.4444830275798764,0.5058999682382626,-0.00719779294195624,0.4353856726675371,0.50556230735499,0.009814352841048151,0.3844752234652871,0.5531462673475501,0.0027837999361207573,0.3877221273476151,0.51453431132677,-0.0013076179383222034,0.3883113985363504,0.5081658460981104,-0.007295671762777396,0.41885686541727685,0.4573363624605505,0.001936658444800161,0.37744243058472715,0.5341817836618208,-0.0013883983675286714,0.393432853626475,0.5230037568690395,-0.004922123419382427,0.3818143129589622,0.4985527752803093,0.0006561779443464387,0.37211260758284787,0.45398153550901743,-0.0020924283349695056,0.34961003434677046,0.5527373497126632,-0.0062244577039425215,0.37027894390654903,0.5335657051924065,-0.004432230919020741,0.3727208758014997,0.5249687100522383,-0.009406302979507784,0.3672465136560138,0.4654758237780895,0.008336522037569108,0.3581081353415593,0.5456870042992743,0.006499974305899927,0.3668330685461345,0.5427718679991502,-0.004550060480789795,0.33677996866878457,0.5040296263323284,0.004587356704481538,0.3528031271368998,0.48751389148586627,0.005814535328908304,2026-05-22T14:13:58.513973
not_help,0.6064099660501525,0.5188290573466401,-0.00644029586211391,0.5916945657224906,0.4971162474456289,-0.0006512493940753396,0.5873375614742267,0.5101689153195904,0.0023189389339149085,0.5868216616521974,0.4708971857653983,0.008258759746236426,0.5672692218046892,0.4623578332794211,-0.0020172094839920017,0.6451178158884396,0.5158846020998428,-0.0003126606694828053,0.630087753298275,0.49898494627203094,-0.0035982721431452825,0.6094308034112226,0.45276523604346175,0.007698977464008496,0.6116792118269033,0.4410271277415239,-0.0023629488774978436,0.5963414080528624,0.5121785315723151,0.003870516313637884,0.5978026050241158,0.4978005581586056,-0.00829919174011367,0.6252444803876294,0.44931300366446025,0.0016904578480210868,0.6257121415843966,0.42271027224955565,0.0019178649454598996,0.5813384634369836,0.5201310589251338,0.009293987124460822,0.6082014796469734,0.4746919253924878,0.006352461931332263,0.6108877355896059,0.4620319202044255,-0.0077231702882930315,0.606848759022805,0.4459807781424762,-0.000634234146071333,0.581057627359017,0.5321435392523184,-0.004717448106676825,0.5885481445873292,0.507407591747604,-0.009440574762176739,0.5656674261525173,0.49029874605747925,0.009923575343589364,0.6007763523726372,0.45808400753047857,0.00645152177334171,0.419681265276021,0.7273669863009614,-0.007477074893451221,0.3900308353622435,0.6920325539366446,0.0024619339886635724,0.4016281797418141,0.6770231725805562,0.001797871254844834,0.37197767626380834,0.6789314348262178,-0.005311535968119139,0.39880021399892773,0.6485172697571961,-0.00756594571327119,0.4481759161464054,0.6967521762056598,0.0069359854851792965,0.4278537702378225,0.6509113691939885,0.00766685920937305,0.4287617210646499,0.6643446550852761,0.00414441889576507,0.46184346673869636,0.6370791701971472,0.006549596239764069,0.41813282964077214,0.6774489551882882,0.005580086922909556,0.44307617405578453,0.6786086783079388,-0.004502369525972292,0.4228869944209698,0.662600354760519,0.008457490537403625,0.40794548666176134,0.6222854826114878,-0.004518042360715329,0.40672052891100474,0.6910144376342298,-0.009402296621694253,0.3951936243663919,0.6832100130396054,-0.00862114315641245,0.39958410173468667,0.6499273550824597,-0.0018280085772317285,0.3915991288321209,0.6516913907983211,0.00926163555950729,0.41660447964895064,0.6972850737694971,0.009694344205433537,0.41046466070295373,0.692040689885259,-0.00674050600817451,0.3893240215427217,0.6633508878882027,0.00868803703953939,0.40527514511201723,0.6705563594721078,-0.007382812465363091,2026-05-22T14:13:58.515483
not_help,0.5545593973190875,0.47535200000189126,-0.002207619536567569,0.5624623442868757,0.46300049128596454,0.003276453239540591,0.5816229007360199,0.43605645513948005,-0.0026872851554109057,0.5848733023589799,0.44894558035317983,-0.009018816844024127,0.6098974614160746,0.4094699918293205,-0.0016659952460634179,0.5643174322111613,0.4656466710419141,-0.00414938571913781,0.5642287291743382,0.44119058070271505,-0.008729966089687038,0.5879615676867718,0.40370662388889206,0.002298708293371714,0.5690381468637629,0.380984598600318,-0.004578708983261361,0.557850279370655,0.4497012448536113,-0.0008649229771213983,0.5417650353964811,0.425534734374956,-0.00019915659642383808,0.5380171293240747,0.4135990772574206,-0.0030460097638371963,0.5649113278698813,0.4010606920292992,0.002961811196110822,0.5251841060904768,0.46617516711590495,-0.005558986047329877,0.5263688992013609,0.4440921033373613,-0.0035878557660207885,0.5390830243074655,0.40213747962748714,0.006243820904110747,0.5263621203567762,0.41614571948783946,-0.007667994866265966,0.5095765880234879,0.4537291987742598,-0.007829068580149557,0.5146840797286759,0.4564444870582591,-0.0064849208982974684,0.5365240678849554,0.4243142499293941,-0.004393150688574117,0.5375562957779467,0.3996247664340898,-0.008699021582783661,0.49198401917263507,0.5471687581562646,0.008990593265257018,0.5360064776420039,0.5262992408823368,-0.0065255280510788955,0.5516119962706414,0.4852932899082407,0.005872053388128641,0.5578336167021164,0.4850149930366548,-0.0015606998436489845,0.5420055326188026,0.4773591132727018,0.00032429908378833576,0.49905523336890395,0.525022208679048,-0.008894579328190527,0.5182643889773605,0.4908320269537497,0.0016910804815161527,0.5351689691075288,0.4538599587726118,0.008810216564653138,0.5044054666332063,0.42710132442284404,0.007218178533894426,0.5140276659328795,0.507029049311473,-0.003142416316699246,0.49198164255788795,0.47687632774715166,-0.005942970753516197,0.4956037616895335,0.46463062208990913,0.0056361076610368255,0.5075599464551981,0.44933888605760786,0.004235349384395747,0.4635204303349447,0.533819578823602,-0.0036508101609099277,0.4657895614158331,0.490517631293066,0.0066640856337726335,0.4991823905341764,0.4593756299330849,0.0034850786750377123,0.4807088680056482,0.4701519068181043,-0.0009989829896501923,0.4532449057220828,0.5191431641115494,-0.008749306269023172,0.48919500702679436,0.5165700180672438,0.0028567438713853685,0.46903047662350766,0.5017556367038993,-0.0068767635452165,0.4690299095972043,0.46875345615564834,0.00537672543699258,2026-05-22T14:13:58.515483
not_help,0.3454862757470504,0.6139965896042996,0.0036305365618986337,0.3320949386119104,0.5888134512194212,0.003812775715991607,0.32080279984312554,0.5710780116980962,0.008297608722919026,0.28195330468043883,0.5205637545579617,0.004316100634724214,0.2701994938152197,0.5091209038947937,-0.0060630130012584325,0.35672974316012657,0.5786481302416023,0.004630811647064909,0.36264462494405514,0.5358029510640034,0.005935463063320842,0.3832974694622384,0.5082442335608615,0.003962765832035491,0.3491299305704333,0.4679115342986111,-0.0017165711680702488,0.3385827903906137,0.5703159247431618,0.0006925371093591051,0.3304649230475386,0.5442827622925449,0.004249383623338947,0.3470997951983225,0.4890435117668496,-0.0013918316495744598,0.3558554987495086,0.4577648263895457,0.000863397636075465,0.32468121689592855,0.5850728651590167,0.0038166468691204197,0.32495626471929445,0.5608554544677091,-7.140615465214481e-05,0.3068884652727954,0.533833320799265,-0.007755133511790569,0.31001288315678255,0.5103816340365935,-0.005513015992142478,0.32062911223726936,0.5769065336836889,-0.004058050960450299,0.3292587328117425,0.5748704853567286,-0.0036347321465236187,0.29887966019108975,0.5397239666501198,-0.005534319555547041,0.31067055881794703,0.5005158906959248,0.002720840154164652,0.580270907847215,0.7931877033387265,0.004488849266440664,0.58772154490045,0.7610489493185283,-0.008370058854962172,0.6074911587822267,0.7687978985477196,-0.0041527949670453436,0.624107863164724,0.74828056007616,0.0028937259583280504,0.6188581448163242,0.7126095815847446,-0.003535195035157499,0.5893227274973923,0.7607848842285638,-0.006888611305374007,0.6039157551306956,0.7313398615255405,0.009071463227350017,0.5745917827495655,0.703769453299644,0.005717337203647499,0.5925266994370714,0.6899656779669471,-0.006694231406457017,0.5911001927059008,0.7530860538568472,0.008950870694705836,0.5660375261173242,0.7598674026339879,-0.006889986326038062,0.5739329430249311,0.7267742553002617,0.009026747079574073,0.5818451760211598,0.6730313267172262,-0.005429288284802079,0.5422359371021976,0.7702382031434671,-0.007069119590872317,0.5733823271354196,0.765005752988659,0.0048121103215630675,0.5675985745316573,0.7221710267387424,0.008359362171128188,0.5571758741301152,0.7120555974386897,-0.0013310239771073124,0.5577279503092966,0.7777059981945416,0.0026569399978473435,0.5386986561330322,0.7606173171942335,-0.0026798348629990887,0.5412183449002922,0.7453351669408748,-0.0036106839249419086,0.5479961657174663,0.7129457266517824,0.008858542323675904,2026-05-22T14:13:58.515483
not_help,0.5365215437842886,0.547488968400244,-0.001138428278038001,0.5110910052588363,0.5331906885795724,-0.00931007477039746,0.5095463320327903,0.5063524709322759,0.00038867153532546293,0.48580524459686203,0.5014742280336791,0.0005662642023909516,0.48274057082480687,0.470284822958302,-0.005227979042426438,0.5274880156180863,0.5180667682857313,0.00992290134487024,0.555140939375655,0.4923487229344833,-0.009242920611773264,0.5439736499294067,0.4885482646487573,-0.008468233627714452,0.5462484265320596,0.45846004556063324,-0.007672601102731552,0.5481288396252008,0.5041864810540613,-0.0030457312780035207,0.5432861548822058,0.48720647605822476,-0.0009080576275845628,0.531508033262569,0.47473198858866816,0.0016918319139967355,0.5466447426624718,0.44739404781020786,0.00044702641952882455,0.5000491271038477,0.5200403994305014,-0.004654557255800131,0.5073219545058921,0.5136659543673134,0.0009205698401887653,0.5288428955617853,0.46914951439474245,0.0026714443407484037,0.5073145981606945,0.46536543083159176,-0.005272271594005626,0.5242568971187327,0.5013318137627101,0.007084549964946485,0.5150332464549077,0.49538768938924144,-0.00619195492392137,0.5011548437000442,0.4872179051625379,0.0066734169940607675,0.5216489367851317,0.4905720756861206,0.00906979062859046,0.36714910795751615,0.5084411283076958,-0.0032038074215364042,0.34649367350578514,0.5198635263307544,-0.009791057477720204,0.3314213717468684,0.4627917994919287,0.009173842394036917,0.291195657557574,0.4369393337632672,-0.0073271767476015895,0.31014630034378265,0.4224176450862567,0.006852988920161991,0.3955759411821202,0.48160396482032913,-0.00328796215041224,0.382161465654693,0.44319063454152247,-0.007958956428676103,0.3983069205522627,0.40008375509815874,0.005089291672936598,0.3915431775697399,0.37844884705860204,0.009283844076934224,0.38068073464405094,0.5090845728184001,0.009166109566307945,0.3500615256018542,0.44484462436077565,0.00865096762733132,0.3686569960776025,0.41217660330131345,-0.009164406268648912,0.38458575143418516,0.3777261025780659,0.009293954066267677,0.3641031695259141,0.5114078271768047,-0.0023268271972073,0.35574757146050995,0.4495182278041886,-0.00542999256692108,0.3427136626636211,0.44430225675172674,0.001591775267925184,0.3500446058183015,0.41483750098481686,0.007199494266105744,0.34477837202576006,0.5053053174954966,0.009511784479608843,0.326256292192861,0.4909410582965401,0.007109455718533901,0.3386433230054794,0.4452898227548539,-0.0009527560326124066,0.33207689179596367,0.4402138948014389,-0.0064820949798751705,2026-05-22T14:13:58.515483
not_help,0.3299992711310777,0.5582311307125872,-0.009245797784843635,0.2822245034471563,0.5231801801117149,0.0027671186667925472,0.26566983015047524,0.5070789514615871,0.009308066611120469,0.2893231779010933,0.5124961151580529,-0.004690463133399734,0.2730943790278657,0.4870534218634929,0.004022780371722743,0.31874280248069575,0.5329445954635051,-0.005995644838404677,0.31344499016528826,0.5222940933096835,0.0006732997770277863,0.3327098423644463,0.4667833083371901,-0.0003175439001324512,0.3210762985062779,0.4379658683354333,-0.003374130636418826,0.31867371979746273,0.5155691783140874,-0.004269475898580888,0.29766310526216405,0.5177782446826631,-0.005337921876173193,0.3072690689703754,0.4947152214347306,-0.007571849225912213,0.30104217827147445,0.46324697824311695,-0.006763090212871763,0.28897169863655814,0.5393108336687515,0.007274356533908682,0.28465918413202496,0.5285767046738927,0.003031914211541531,0.3126105206672693,0.5048302365802948,-0.00023844834118723693,0.3055685869005472,0.48360582434724486,-0.004711349485592051,0.30493953321231454,0.5397573847657495,0.006073125944760305,0.29745863697111047,0.5302001327488095,-0.005027308639577455,0.2907500229669202,0.49218450439866585,-0.009703139287767485,0.3037912903454352,0.4991574582197685,0.000290351578623867,0.5296240370517962,0.7535622744669184,0.005065519765460961,0.4652300895495599,0.7182107076814312,0.0023256065082472126,0.477519400211314,0.6770956023205524,0.009927814071902642,0.4639409115240389,0.6594713220967134,-0.008090547976874727,0.4394947572202466,0.6676971792256455,0.002123019842909673,0.5464636570124571,0.7243553229137982,-0.007235800768964893,0.5537127248839445,0.6803767209701967,-0.0034893341531946724,0.5220689809740972,0.640435391654022,-0.009304234424785847,0.5423683759166427,0.5958002108567737,-0.008163479138712298,0.5115725801598128,0.7052461831524572,-0.0013508503804510567,0.5085545484024329,0.6832737029690471,-0.009315401855315639,0.5171089892500143,0.6520194750802056,-0.009665666753249924,0.527081039211271,0.6112749838280077,-0.001834282622295744,0.4968458558266078,0.7171942738670136,0.00923151644260529,0.4917604143828394,0.6964712070067628,-0.003660907926552115,0.4972833310134186,0.6605155764797239,0.007877774408723006,0.47750694753789286,0.6454185096385097,-0.004697482812810119,0.4596081684060432,0.729004293958179,-0.003866423421684329,0.4634818356986473,0.6950421070672645,-0.0071261276428230234,0.4655764650975149,0.6667558546279478,-0.0021915407284378574,0.49417164546942455,0.6386806598685529,0.004322960486304038,2026-05-22T14:13:58.515483
not_help,0.29834922417162946,0.3099313461295768,-0.00621115610478211,0.3512738467442624,0.3098897091264698,2.303975363683597e-05,0.3496648224924602,0.28029033300584466,-0.002629936770442263,0.3577187920602841,0.3000610996370598,0.008093248355822402,0.3390613146473393,0.2811777535469462,0.004412684011414503,0.3332263137761858,0.3104198911617325,0.006763736025935442,0.33069372984979706,0.28216130832422875,0.00358294951318679,0.3337101834047476,0.24852408128825584,0.0060118704976822365,0.3166222315164371,0.2501277943252122,-0.0031669684865445547,0.3241801159890765,0.31460948478433426,0.003704282397680716,0.3325706171851369,0.28887298641813985,-0.0027112797094214144,0.324775047846217,0.24914658824306243,-0.0037919856382007565,0.3219226713988961,0.23098310577036982,-0.0023813163495271248,0.3245633519173351,0.3045106879926769,0.00941572960267883,0.3219106883857068,0.272174231181338,0.003609755978001195,0.31671119733995423,0.2896231688637349,-0.005129582274531792,0.29321283818485844,0.2516492304584285,-0.0040113352492684795,0.2927809151437733,0.32483241634439425,-0.008555743223719312,0.2871073182310442,0.3047615997823364,-0.009406263973122646,0.30108482427832267,0.2843490709404595,0.0009732358315267357,0.301613139926971,0.2630795860537764,-0.008295833093564334,0.2962325235426853,0.5126106932341047,0.004534790125626109,0.2803387348574303,0.5119001599657781,-0.004428866240880311,0.25731029696127045,0.46689291576358616,0.003721634405297814,0.27153203994755404,0.451527804349151,0.007262277671373883,0.2751444651415633,0.46849501933785503,-0.004538496703235562,0.3221283254906279,0.4752770272336888,-0.005494515622168936,0.2886634791297624,0.4686505881762297,0.006925958534084691,0.2926182474611613,0.43064617036648134,-0.0017233736848931043,0.2956997438624235,0.41741585823151145,0.002726004053554266,0.30430115116494266,0.48013361564796075,-0.0025365308160230794,0.2881356827179523,0.4549239271648547,9.776792116627207e-05,0.3022080173815727,0.460440156495915,-0.005601317834651876,0.3024471013053539,0.4259905050240386,0.004774128079422154,0.2629383582836567,0.48515910444017196,-0.0019356606594883204,0.26427717067562717,0.45886014379205425,-0.008683750188444113,0.28831730552676604,0.4616796364557483,0.006738778776335176,0.29753275879068947,0.42699434873423225,-0.00889360436503078,0.282257563440047,0.4901642338284399,0.006631004786719545,0.26647861839222325,0.477558133646502,-0.008489468822588095,0.28564908889512736,0.4654977035437349,-0.004642676093264007,0.256981444238915,0.4645253709810399,0.007237333685524235,2026-05-22T14:13:58.515483
not_help,0.6167229862256893,0.4113579231296733,0.0007217380787295207,0.5979512169680831,0.3992960201482449,-0.0016555677347887925,0.5762583881062529,0.38659718726469083,-0.001267895804636052,0.5945230665908193,0.34602134571954635,-0.0025516237510049148,0.5880546330517529,0.33698933155486777,-0.0051346429603339305,0.6454232506486097,0.36153278028923813,-0.009455573030364872,0.6554360726811753,0.34353768927291867,0.00041589303842994203,0.6333443079927987,0.299944917464882,-0.00880423239965703,0.6343906308207412,0.28844728559787974,-9.520898856415702e-05,0.6227258215696294,0.3861333384174457,0.005018250762968109,0.6490004039866446,0.3406571016302506,-0.0033218052761971647,0.6448974722094389,0.3213691152167431,-0.007676880568332556,0.6514128070776762,0.28705162754381003,0.007087121003128147,0.6252697691908283,0.36420488454847855,-0.009109897403197753,0.5936879112110733,0.36942092426097384,0.004204968298502705,0.6193957779373886,0.31939596135276066,0.004901691132899306,0.6031195648563185,0.30475223450571104,-0.004466082100685304,0.5816750367515242,0.3746564113326145,0.00869507723482653,0.5914608122586813,0.3636209646844378,-0.005758093389538162,0.5824685783020249,0.3527384590908358,0.006781006400572788,0.5820538405112606,0.3427293911911302,0.004225278333311044,0.3485348014543123,0.3562200120471012,-4.775641697844432e-05,0.3130544236808222,0.3551758121822729,-0.0056142594106297,0.3192286290648183,0.32532703509729616,0.009221038557848027,0.3136158019183842,0.31394719403228455,0.006870123782972205,0.3059030599409002,0.2801824320759575,0.008447905591238388,0.3396224037839981,0.33335602309838064,0.0045016527464483095,0.35579376531075946,0.31890810301802963,-0.006996090375243007,0.3661535217526413,0.28640884343005385,0.0046550129465984,0.3633481904297852,0.2698617164432977,-0.005367279136992327,0.3373863840342541,0.34252311912449723,-0.00566536340181585,0.3234516895597924,0.29349523632225133,0.00021874365361432627,0.3247748842861152,0.3065537646158916,-0.0014699822012712166,0.35172977497974295,0.2786528927004133,0.008707819232362022,0.31140500346668504,0.3532929437272646,-0.00645545793723214,0.30818009267663504,0.33068105747764714,-0.00693026065124881,0.3378705712249487,0.30280551766153396,0.0037706442229882373,0.3099014095974958,0.2844771700326437,0.008231488117200059,0.3232454881282192,0.3384838291639861,0.008245624906762098,0.3209805770529575,0.321442339651767,0.00804794879409841,0.31006390266225725,0.3196751316018404,0.006437257644222384,0.294540150713933,0.3125511571804689,-0.0030561378609655597,2026-05-22T14:13:58.515483
not_help,0.4041719759057372,0.48254444871012286,0.008997557659141864,0.4431009715977425,0.45460288800865156,-0.001014061288876036,0.47155567908310403,0.4262488809172124,-0.0036300093319471772,0.4582934681019653,0.42324502042476847,0.00024401424749477194,0.4934916868105065,0.4012895225934335,0.0031553351831381336,0.41887076063649886,0.4648553227383419,-0.00567111829641602,0.44009685304326623,0.3996552400090212,0.0027834551194933412,0.4271119677545687,0.3865908168274962,0.0006364791823155434,0.44839477581603915,0.3600207536170356,0.0010616347027304542,0.4233271522175498,0.44338157831265773,0.0007040052679947034,0.4380699607777547,0.43772502189635165,0.003224401155771139,0.4177421795899344,0.3905337893930191,0.003226108356296987,0.42758900386152376,0.3621184624082491,0.0033558427376315907,0.41455311433126396,0.44369776542318023,0.002044543880722999,0.38783105532865236,0.4238641722199013,0.003762429944397079,0.41961627466730445,0.3975188224523691,-0.009527785375370815,0.41461786517232946,0.40010823719523003,-0.007361368948162639,0.3700259759795805,0.4406629524872341,-0.0025310819164051273,0.37383950062681487,0.4372428635283763,-0.005768869969751469,0.38680275327632974,0.39913728832080914,0.0016146473906507534,0.37663143317255654,0.411884381685146,0.00690503806079335,0.4207933192522509,0.7508163248185695,0.009671639384674384,0.4424480933743458,0.711190229647901,0.0004710189683392058,0.44085884115207774,0.712593559986571,0.005166329444610065,0.44949724672438085,0.701061485297734,-0.0027510509356444366,0.44932231202573636,0.6914129527529158,0.009790616509410802,0.4204223396785558,0.7000792059518669,0.008721514447138751,0.4137687123659889,0.7055954642348229,-0.003207222049850891,0.42114582442220155,0.6512949434329198,0.0032430046230219594,0.4183211637360678,0.6380739443774616,-0.004396304015161916,0.4224413168520393,0.7175158547178404,0.008562859223983811,0.40957202905246204,0.7088515095438431,0.0069344646076632144,0.3960812263916295,0.6836189685250696,-0.007101849105424473,0.4173464579395896,0.6388781284432079,0.008621764500983247,0.4058427283379424,0.7142767104803937,0.0014868338657347841,0.38533424983314113,0.7163047421080344,0.0028205330885153375,0.38823214849967685,0.6681695209762513,-0.0007621490957540611,0.40520123975197875,0.672745105263229,-0.0014265365299296045,0.36151213894492373,0.7206720719916043,-0.009323434343620549,0.38633722123955466,0.708245429940425,-0.002603380969544191,0.39555059405994497,0.6808599600159728,0.007755776236365404,0.3710237791039142,0.6651243776597477,-0.005981355926261471,2026-05-22T14:13:58.516965
not_help,0.5735042627301501,0.5145877745909375,-0.0028565558836687053,0.5303359584217748,0.49876962758782317,-0.007277433817780652,0.5137069404010306,0.4617246716681288,-0.008571640046600564,0.5035290703278285,0.44403092118526666,0.009936605520365486,0.4862165429382385,0.423248443265542,-0.0034706996974453895,0.5940260089584722,0.48667452778499004,0.00481976940903916,0.58841884967874,0.4356288081785779,-0.008426524940996126,0.5827405647939108,0.39688990374836774,-0.008855161735784947,0.5696079855851144,0.3518123616290192,-0.0050106004165141,0.5585520629613886,0.45005320962123785,-0.005802610580616065,0.5352194129213272,0.4412450709196175,-0.007681252203166102,0.5510017060275445,0.38594281503171146,0.004743096730489201,0.541717314583808,0.37770996951262015,0.007439714414387533,0.5221390071168591,0.46073227810909,-0.004741529390724146,0.5410701713948854,0.4573363862235688,-0.008082540021756946,0.5466261508436171,0.4387866091958583,0.004740985003231415,0.5187418964296385,0.38814576786656524,-0.009268221836876938,0.5197779691436012,0.4818473502904958,-0.008157991215606245,0.5027616008686163,0.4679771100861866,-0.0031664985136116023,0.5168841441130957,0.4519524066784797,0.003222211433033124,0.4995456090686616,0.42143223929304896,-0.005679222043645757,0.548990961872627,0.32971970518198784,-0.004486018693135205,0.5559776347188644,0.3168319495016137,0.007685594437350221,0.5641865338173951,0.31248912629654496,-0.00097711508943479,0.5558274310706112,0.31632294373525105,0.00927916350469129,0.596122764841237,0.307472682678364,-0.003497256713586576,0.5391530362750043,0.3240328533342392,-0.005894336096737614,0.5522877863425795,0.2902315389735245,-0.004831266807873434,0.5746961467116737,0.27010846342077877,0.0050082697758788725,0.5461732516490571,0.2585719524058736,-0.006800630526038805,0.5487184561394226,0.3194553261671134,-0.004070621310850285,0.546085730578749,0.31655531231852313,0.0005467792651359434,0.5471497404365403,0.3044469157651006,0.005813472226995934,0.536413166693606,0.27858045786474167,-0.002167343232498649,0.5370059115025403,0.32190532777919734,0.006351753126047429,0.5509474353758345,0.32831137517389114,0.006828682544492945,0.533148415392118,0.2924166518192152,-0.004633783018451383,0.5267732319460533,0.2950788523675618,0.008394696880881297,0.5147207758705061,0.33524848497036414,-0.0018478156659363174,0.5080654799205715,0.31846927061103547,-0.007769577959454639,0.532042916552168,0.30532056532417484,0.008120226534767612,0.5261499112851296,0.3081123740025687,-0.00839188260124696,2026-05-22T14:13:58.516965
not_help,0.5783568626481751,0.40350258792131893,0.0078039524899839886,0.6195621439467216,0.36480030840070116,-0.005999231936198637,0.6294212167487715,0.35819865264452844,0.006367708837759717,0.642433274156696,0.3516248620744157,-0.007627694422123356,0.6199399092398932,0.3314420499175359,0.0068068445803388025,0.5841949222206682,0.37389870888404203,0.009383081197510112,0.6053106613035718,0.35466093913492697,0.0004796570977804015,0.5801828183219201,0.332485753615286,0.0038642749493904543,0.5805151551565576,0.31605560584814596,0.008168208695671897,0.5642815903165266,0.3899363863093362,-0.003189915714084988,0.5775170831882519,0.35570356372812956,0.008216774218597013,0.5793365067204048,0.32510408044733896,0.0016679529273613894,0.5949196590347748,0.30468293139225594,-0.00978295726470528,0.5462098261892361,0.3593636167952167,0.005157234166932605,0.5685962666518747,0.37094784324990593,-0.004008586887958909,0.5528947345381092,0.33994506826506987,-0.0037537122000609723,0.5697397558667805,0.31621944012357717,-0.006709433636920534,0.5707641045143527,0.38632259775623823,0.002962150060823218,0.5621322556114595,0.3710721894372354,-0.006314209237322472,0.535746205017654,0.34737766948660886,-0.0031303304005298703,0.5350371862541291,0.35071857206811174,-0.0077880500319269476,0.5135921668392355,0.6338412278645803,-0.00018107105076052912,0.4910703750225995,0.6107757253278929,-0.007707538705877766,0.4736917113579935,0.5993741977592605,0.000652363615226843,0.4948368691548138,0.5987056078713014,0.0037719640580477394,0.484101829544108,0.5896232577913664,-0.002559960060603819,0.5559415356043665,0.6010533393852113,-0.009232117892793901,0.535358298326958,0.5822298420323936,-0.0033317142146283476,0.5471050990344369,0.5453351118117719,-0.007015958393386559,0.5191070310177106,0.5347198214907871,0.009201522875880325,0.507715627949219,0.6220263855564294,-0.009944658147819743,0.5374536472951346,0.5858444380750141,0.006216231817113541,0.5232134550526907,0.561071468358583,0.006502680223125274,0.5041555591322686,0.5413865493601017,0.008273535051417579,0.49021518764849936,0.6270017421901171,0.0012458728613251296,0.5255148501430961,0.5802654185768998,0.004637373330514404,0.5068291714025452,0.5714383409898727,-0.00960577178426915,0.4916429526297963,0.5429006266979225,-0.007156032527233096,0.4945799157949472,0.5986009901842997,-0.0017619240245634344,0.5098213098947635,0.5869596836317383,0.00235592975250333,0.503623801445645,0.5752778343719883,0.0012072320475317085,0.48604316990927077,0.5618500718913494,-0.0011809570189115215,2026-05-22T14:13:58.516965
not_help,0.6233940138448228,0.5218659127165677,-0.009388047090693984,0.6568529731290537,0.48951432553646473,0.006336203763623137,0.6407495173037675,0.4966353778379299,0.007552386515817534,0.668058285986057,0.47832159331280977,-0.008845647529005114,0.646921329390513,0.4590876808752888,-0.0015561723205093567,0.6478173540383019,0.5029650190436423,-0.0063593641460587685,0.6386730904342712,0.4648885075102913,-0.0017456901424744084,0.6325763177986946,0.4647719802061135,0.002543017374279746,0.6446045002461203,0.41726345171523577,0.0007370900662283172,0.6377956979269805,0.5158358440016133,0.006094038690396963,0.6198980109619507,0.4703705273157779,0.004218519469747295,0.6058131520182848,0.44722097540101213,-0.005580047574348206,0.6218772344661276,0.4486643329664197,0.0019295586941384755,0.6177129648194221,0.4848228398775687,-0.0045471392725813554,0.5991155169718343,0.49295797859115736,-0.00487335691685266,0.6054999393370963,0.4528610181814461,0.005759096648811036,0.5914127791398026,0.44218675282844555,0.008516142789131579,0.5940040170574774,0.5128967144291456,-0.0008687310736840356,0.595800454830309,0.47818702126672996,-0.0025569749813579828,0.6014937865702882,0.4767773991839507,-0.003786416833935542,0.6165327934229715,0.45127493591627976,-0.008974886221875384,0.7423639020403536,0.8070199476417902,-0.005643170336200369,0.7161549416201655,0.7940534503629337,-0.0037841024281484083,0.6836953895079942,0.7498518156723096,-0.0038007268683510525,0.7088766796779968,0.7426840374920353,-0.0017567372670142974,0.6823627001059835,0.7383244935696173,-0.006426882401071287,0.7362464153383932,0.7865427522726905,0.0029747118693201832,0.7355235535903956,0.7459492462177019,-0.0060635515154704,0.7232547286986329,0.7470659487347358,0.004643515661387957,0.7211100459379115,0.7113150943671864,-0.001027074584496586,0.7364664463407278,0.7517363019122424,0.0023619328681628877,0.7175914864730853,0.7625539280933874,0.003437346274061368,0.7042791093778624,0.717938617450182,-0.0008955255125658382,0.7136494392673589,0.7268476812678089,0.0003314676711407786,0.7265345953574258,0.7866733069949172,0.007025831539660838,0.7065860205404133,0.7359191713088928,-0.003089469510879686,0.6972691166749757,0.7439606765048353,-0.007475777548845573,0.7010680512970904,0.7189693376815764,0.0012092293008418853,0.6827342361521631,0.7825630176768795,0.0003167709405387624,0.6969821475252481,0.7553568784452886,0.0018436321850277219,0.6840708052690506,0.7473119592213542,-0.002753683718595264,0.6846397554877707,0.7378738817199195,-0.008376392970884055,2026-05-22T14:13:58.516965
not_help,0.5369224689469544,0.4846621658964098,0.006675346449727714,0.573155094399113,0.479745853322065,-0.008107819782259846,0.5861284931841529,0.46921259726037,-0.0005483879133101246,0.5802331036229345,0.42467305698612334,-0.009717789835865498,0.6025285089956864,0.38874620200957244,-0.009074087358171166,0.5560335763954126,0.46688016792633147,-0.002715414120910615,0.5278929929790114,0.445603589678184,0.004933555904481848,0.5561465411301554,0.4099096888704615,0.006304947122030934,0.5574796362896252,0.3715751474663518,0.00011326008531779494,0.5373740437928032,0.47894017072692113,0.007589978393607649,0.5216269024560468,0.4377201447006821,0.006119146635422989,0.5144762436372767,0.37986949709556495,0.0004771834910932953,0.5451286535196809,0.37093890790081147,0.0007909513772879576,0.5226825224019234,0.45195782380825716,0.007732228645933216,0.5009764139323258,0.4306552013435643,0.008281856028442483,0.514427198280169,0.4305602009719485,0.0019826126241131604,0.5077925101021782,0.3965029040310634,0.004296778587646497,0.48646883283495274,0.4576914346483167,-0.008826547087360708,0.49726336863723486,0.4394503588862759,-0.004296949440297864,0.4729620700772398,0.410974353863345,0.0027300640963118065,0.4832358037280515,0.3903978638479422,-0.008900312494670014,0.48515112310934405,0.5933433377125558,0.0024022564006491373,0.4814543717450566,0.5585651466742537,0.0041295403792285575,0.5291618363501838,0.5253008834891498,-0.009319222539721308,0.5248738741777457,0.5454663817681621,0.0066977688329756795,0.5354064074620276,0.49108787989109565,-0.008650665469785348,0.5050477078310571,0.5613161370954877,-0.0006008771562368825,0.5040846555116625,0.5236853158221737,0.007568879953029394,0.4905482454271696,0.4984326360271253,0.001641383853842257,0.48077545661975307,0.46630009773020303,0.0018380602787660075,0.4875092744032755,0.5409337535746336,-0.004753861061998445,0.4690513280689211,0.5094674576409771,0.008988714319146699,0.48758865623107284,0.49535869940933974,0.009779452635770491,0.4913447176258707,0.4558627559079639,-0.003135760525018485,0.46991224307570245,0.5604562477274664,0.00916720883458338,0.4422090741073605,0.546638159093038,0.0014021946786951147,0.4639177349573764,0.5122092690908361,-0.0010070856101193869,0.4720929602364435,0.5075422694640997,0.006020737276535,0.4581317411590738,0.5703796691683239,0.009060610273395152,0.45942692319869677,0.555981219496418,-0.0007167567247356958,0.4478762938011114,0.5362094855513472,0.0004907993755924479,0.453833717375725,0.5078138233933445,0.0044104023061655,2026-05-22T14:13:58.516965
not_help,0.5511236896044319,0.28313402939169935,0.0025160910471834982,0.5607996076897382,0.2757635751826977,0.0030348333567954775,0.5586289168380415,0.26745539728160034,0.008053486764698805,0.5563870438163688,0.2588652261746394,0.004917143425329491,0.5993521369506959,0.23358713191327415,-0.008336651322740892,0.531306958439221,0.2633796534564233,0.005239148189963046,0.5444465430326317,0.2603295771446843,-0.008915270431652664,0.5397064831228747,0.24036975502065283,0.0013417005380768569,0.5295713443367752,0.19339659045914545,-0.008862329881805995,0.5301946491838193,0.2702429883081835,0.0008257265764557431,0.5247165886116479,0.2544999662942933,0.003764583943764506,0.5392869197456702,0.21934444899967262,0.007434255713788024,0.5486648276302769,0.2067867166938466,-0.0007784079839001801,0.5190959307991188,0.2947511943879269,-0.009889855158215055,0.5047290540600973,0.2461280349826548,-0.0021731822012063633,0.5031897586572047,0.24680620374961,-0.005689232482242243,0.5088205275310451,0.2211054286343764,0.007038151264243989,0.5092142328109834,0.26741982571506895,0.008794938600012752,0.499459948886353,0.29020981296846354,0.0018972911951421305,0.5196144532936149,0.27103295895713053,-0.003583719098747242,0.49333727937809924,0.23512940276843716,0.00427664949980292,0.4492332118008282,0.43169445311166105,-0.0055016893501143695,0.43838876987354974,0.3790706187362778,-0.0008655498730536088,0.4161767599608767,0.3679684448141141,-0.001227819392230333,0.3944312446455668,0.3540596785797211,0.0013032024250907975,0.4112140836561726,0.32519561875638453,0.009858462809791439,0.4764551342921626,0.3800666363770788,0.002366908239104848,0.4621168242485853,0.3430199819123564,0.0031857510051844923,0.4631228076936016,0.33288013816840883,0.003941717684871303,0.46459308362775503,0.29597524452106716,-0.0007390185040862789,0.47727826166272724,0.4068196930779039,0.006579811313388027,0.44675440024823204,0.36582874222465656,-0.0017120630605543478,0.47314320873998644,0.33049191735248934,-0.005108527333085496,0.4549452117316559,0.2828286856182947,0.004833330419053922,0.45316938918337735,0.4079383713153145,-0.008889194802484828,0.438352896690032,0.38741725693293366,-0.006663903974322545,0.42251725350126923,0.36071191957606563,-0.009399908933138338,0.4303256228977566,0.3046571385050307,-0.0027567472080552193,0.4174696339088023,0.39421009955001235,0.009466625802146788,0.41740677905685925,0.35974495469976164,0.0013746678620759917,0.4176195846841718,0.3463657237418808,0.0028223875351994915,0.44373347633435734,0.3350654220049446,0.00304890476714742,2026-05-22T14:13:58.516965
not_help,0.39870571867315335,0.42878841102336723,0.006357502633618036,0.4043713116005325,0.4318646905922532,-0.00977579642760199,0.4094253638873485,0.39030423070307424,-0.0007904089606783106,0.41787536658266405,0.37698442783744673,0.009088337541139342,0.4456565936757037,0.35119087015977407,0.006527216747514339,0.39490511775120635,0.4118667371953759,0.004701628029165518,0.38429047312343306,0.38163736871301535,-0.006247577495079178,0.41357798048843536,0.3471033853688964,0.009042756174789638,0.38140228685040906,0.33577134124647695,-0.008749102142884758,0.3624291926835065,0.43028406353936577,-0.002553071288663009,0.3905783600522895,0.36452052683945263,-0.0072723530934104535,0.3834945619066794,0.365989285118738,0.009259109308044954,0.3743861767073798,0.34475385249493284,0.00229007664369792,0.3724236216392284,0.40128469554347124,-0.00794944740983999,0.34667468945509916,0.39335963446648586,0.0013543946052581978,0.37841818805645694,0.38059472489420076,0.006228463888992031,0.3818397368601913,0.35678542448708167,-0.008817828747737552,0.36241819029698163,0.40264366229647586,-0.005820529031233841,0.3595105036264698,0.41862688391097075,0.002445482264786967,0.3304440223342423,0.3919282709961831,-0.006775928346010086,0.3524873118708537,0.374023210278454,-0.0037888000047442798,0.5786287000906628,0.6686290137679545,0.0026377294455009644,0.5565599359648878,0.6617850125260496,0.008693587987865162,0.5449180885805388,0.6478746707058409,0.00944636246714658,0.5194207797214108,0.6290113429085332,0.0010728614626768235,0.49580567280392634,0.5909311546303738,0.005726948963864059,0.5994761461968182,0.6594973476580771,-0.0015008404153762436,0.5855955790741353,0.6134572537893844,-0.0021907480787380276,0.5991710928424299,0.5862892777652617,0.005873127304801549,0.6026119564661819,0.5533180925838965,0.009673013904955065,0.5799176438734406,0.645343934111487,0.004454711544872836,0.5828291912764585,0.6317130545899431,-0.006473613888151264,0.5473317980891809,0.5778494964255141,-0.0052714084567126295,0.553907783393689,0.5534368121422022,0.0004977995728829461,0.5415816734572274,0.6367359921326892,-0.009391217147977741,0.5560517316144747,0.6481320131198426,0.007555363818249271,0.5376208602153736,0.6198651151629593,0.008651933997575573,0.5516944463460527,0.5802054310622252,-0.009662620659895543,0.521857431722876,0.6425327687968349,0.004061967776566904,0.54943487373203,0.6233688902811496,0.002520907421493343,0.5388413305143349,0.6348149468013502,-0.0018950173468057479,0.5467536189741415,0.621732715722115,0.0016901551866883129,2026-05-22T14:13:58.516965
not_help,0.6890817884838445,0.41570908002171836,-0.008694015462754341,0.710063227115564,0.39044490683688626,-0.007319999363419907,0.7349074040695789,0.36059805730184064,-0.0013469768720481088,0.7338725662234337,0.36406280448807354,-0.007612685015510363,0.7487386726087636,0.32605994942091143,-0.009232598111739081,0.7036648876446557,0.37632600520692716,-0.0013519327500139487,0.6815122165754607,0.3408453500795743,0.0064749961928609965,0.7120676912149023,0.341018250404001,-0.005465346331488199,0.6820250690258013,0.30856069728293906,0.0005247397644407639,0.691092429833797,0.3788789083671211,-0.00971959499504539,0.6799700952037562,0.3656539011038341,-0.00129029384398514,0.6904945984970859,0.31061797248168466,-0.002236265374299518,0.6669889206660715,0.2968227972010296,-0.0010660971100668656,0.6407458872309735,0.3792126560354053,0.008272106539154713,0.6586436572454183,0.3809926855353409,-0.0078880687303948,0.6536191294277596,0.32667632191211954,-0.001400874341708649,0.6460929240279758,0.3122880587335532,0.006984258420772287,0.6378782820480843,0.40066839453111974,0.009196684435950191,0.641206257697108,0.3843894951613179,-0.00379116309049019,0.6459189557491127,0.33478816252013455,-0.0021379393827963347,0.6403597539319802,0.3497861831620929,0.00317520590092589,0.6199658237194419,0.4378943663108212,-0.007022511101286262,0.6155026814836962,0.4355149549219044,-0.0022330613852856954,0.6060215622503176,0.4312470594728462,-0.0022346581275369815,0.5986636200767833,0.42008626103124413,-0.009918384344553208,0.556307518278081,0.39561280980073404,0.002247515536361792,0.6494027335854978,0.44376308175948703,0.008623044502753389,0.6286944875535675,0.4219691775155364,0.0032336162813167355,0.6302696212986499,0.4051322813379557,-0.008231726757528066,0.6286587406054969,0.37816813470874494,0.0017684348165131116,0.609462933666172,0.4376435834200514,0.0019718812414518255,0.6371899034561012,0.3997489901286119,-0.00759048190270202,0.6409461387874855,0.3812745123600246,-0.006264252544834968,0.6401946952470134,0.35213023886935013,0.007176244896240065,0.6091026060123318,0.45322971859543015,-0.008329427068406227,0.6150806647733579,0.43544561750128435,-0.003113319405942226,0.6015475803179331,0.3983671952170914,0.006801904538354114,0.5865336124710795,0.37004138587726554,-0.00027862034167506697,0.6113986774101877,0.45454982284400774,0.0006284208744249467,0.5970859659555883,0.444568530909144,0.0007982264956062461,0.5914451580403449,0.4101964444512869,0.006187613784199431,0.5789561795885642,0.3975631850674929,-0.001643166778762764,2026-05-22T14:13:58.516965
not_help,0.42312032612845246,0.3637750745674252,0.006597256005742078,0.44378724780415163,0.33526755105172673,0.006846508581050447,0.4427765647301614,0.3355181739071479,0.001471279890849421,0.45641258695384584,0.2953178646133686,0.0063355346459935975,0.4796204120814485,0.2609593560927036,-0.0037581825319580094,0.4504040863148581,0.30901325279263697,0.0002528895966341319,0.4227877193303734,0.27896512457652206,0.00784407375886722,0.4310268214377501,0.2794356765048168,-0.0034084851717756945,0.4565177450573231,0.23200829983933527,0.008898753565597118,0.4196051692024256,0.33157962552917164,0.001047212632442649,0.40114174095334854,0.28671038109052405,-0.005800218704333726,0.432883637467246,0.2701895314118655,0.006991931529232944,0.4149054711535274,0.2515587677536656,0.006015192800590192,0.3919239808030429,0.32819043151851507,-0.00942318763918036,0.38224321545669526,0.31045519298280827,0.007037422712392138,0.4016241076804307,0.2732121801789872,0.005258257195824368,0.3950397409066059,0.2675260361158786,0.008930944872240222,0.4022543649916308,0.34024280386105726,-0.006156989738063176,0.37128487072282584,0.30666796152823145,-0.009407514652786409,0.39925949572036185,0.2987044810099864,0.0006110040517939355,0.3815798647560679,0.27986938476322076,0.007326571100772247,0.7676474387473301,0.8049137667691065,-0.0013027957676571677,0.7612993321880803,0.7766622648334585,0.008448682120489678,0.7539360717437977,0.7425626431579638,-0.007032122585313592,0.7405659496875662,0.7458066753821687,-0.0034184108679867946,0.7171680462074446,0.7404614833838505,-0.009079836892946877,0.7821768320651944,0.7739617917103884,-0.007120375341271461,0.7840260353673916,0.7357854287294889,-0.0028323113691236393,0.7986035873015477,0.7327061450401022,0.0025714155902079906,0.7907630453658727,0.6908437719403658,-0.0015548346416478266,0.7566064020049005,0.7462047053003401,-0.00958319376743037,0.7707509918161438,0.7467941180564046,0.007994028305558521,0.7840486537901841,0.7039602113058603,-0.009311247664381744,0.7754211663209519,0.7063889052168453,0.0005985917264348783,0.7509936697788037,0.7738440692992007,0.0076780787915444754,0.7752398834031682,0.7489614217269869,0.007386011523575637,0.757346311455803,0.724902357351611,0.0022937492473335246,0.7674845567037532,0.7221303512284979,0.0023573055143420556,0.7644090979655065,0.7830558095750231,-0.0026099094670182744,0.7571982098122493,0.7439196714592696,-0.009398322851389782,0.7636675737038522,0.7365218750127691,-0.0009635204723835548,0.7289774227594447,0.7364496622390662,0.00846681421290567,2026-05-22T14:13:58.516965
not_help,0.6278484628131358,0.5898891030338758,-0.003027531073527423,0.6518816134720488,0.599644425698427,0.006975235872746332,0.6624862894657428,0.5593722398073522,0.004430392032057766,0.67551116820374,0.5678423471168429,-0.0026760841787511437,0.700654824156687,0.5504286642039938,0.009539028781485335,0.6425336321791686,0.577324202020193,0.0005487104195555075,0.6432053579330815,0.5623019230629315,0.005831398937303544,0.6523259163406321,0.5474266673965817,-0.004186434440117315,0.6388706855050938,0.5122008737775906,0.0026507349331159613,0.6496427860858702,0.5667313581090059,0.007094857867864056,0.631499407571112,0.5601483489261955,-0.00996221097265779,0.639238799246801,0.5193649948739486,0.001371557415733771,0.6415640088948791,0.5062675780404782,-0.006232715158785802,0.6230802048682298,0.5741506131076067,-0.002417220507053763,0.6200691797854466,0.5485645155835215,-0.009228502149829001,0.6361337714047314,0.5651226073060374,0.008857476387964977,0.611597406603307,0.5291081869014955,-0.008063225696315781,0.6347200380145543,0.5936570712447979,0.006886081872859195,0.6176325727717791,0.5698252426831434,-0.004604735992030382,0.6300133468810248,0.5499814370880356,-0.009613435704016446,0.6167551630420566,0.5608054896656103,0.00445624515483717,0.5052593481532887,0.7694550489770194,-0.00465051448654485,0.47819029520591305,0.7771920913160975,0.00023900579444689762,0.4571430945850646,0.74557826991234,-0.0023998203881497445,0.4584714718570955,0.7138820003800171,-0.003118012543278037,0.4375007400453139,0.684271702961454,0.0016939102646492937,0.5241857056241034,0.7725602153264175,-0.0046457903049656225,0.5383851784938493,0.7273502175461456,-0.009601829073673114,0.5146983456042339,0.7012376006879751,-0.0056124300944335225,0.5215150179735604,0.6618349712728826,0.007567755054558515,0.5075683004016929,0.7438228489902055,-0.0010932464479706874,0.5012813262565492,0.7322694096940687,0.006359543653542193,0.5187373499616946,0.6792398723015943,0.006514021322491322,0.49396362944385175,0.6381888566102125,-0.00864033300239158,0.4748303390448767,0.7796915074721742,-0.009278937147094848,0.46267723461571497,0.7146535706501925,0.0029671209334577,0.47424912321104795,0.7122479074170215,-0.0036031113269325,0.4690181548305028,0.6837145010434611,-0.006394330173811611,0.4814640457414454,0.7600340230282518,-0.0037021600863492753,0.45317459584934017,0.728166085306794,-0.002363401335585686,0.447603341913665,0.7209591659490735,-0.004416289730368819,0.4727996016796707,0.7020805005489458,-0.0036290574362782225,2026-05-22T14:13:58.516965
not_help,0.3885056621446737,0.3661443942666526,0.0050755632730863694,0.3912366001634024,0.35324362610780197,0.002893619179211106,0.3820364613731526,0.3306502165102534,0.008516004499320053,0.36281948245817974,0.327034394782333,-0.007455740159573767,0.3470743701111287,0.28271017055907205,-0.0022014669131623288,0.4088504931072638,0.33281519525225417,0.002281000758120105,0.42361543523349526,0.3175625654089464,0.008835929238773734,0.4195206722913129,0.306690825425177,0.007626870600961217,0.42705171532505465,0.2513804314502767,-0.003988058151804235,0.3934049390743349,0.35547476058782734,-0.000451358768534851,0.4011955397203717,0.3304513272460742,-0.005427718168549485,0.41496479614980886,0.2886727529549663,-0.0002910829128309096,0.42285041737718254,0.25417037155779065,-0.0018938200734935507,0.37803318828265764,0.3572580399461269,0.0011272409129334093,0.37132825928583985,0.3296613517805845,-0.009936979637560055,0.38211003739400884,0.2944001346332439,0.006723035309712707,0.4007920828688892,0.2799096311650466,-0.003455089295358838,0.37300249464473234,0.3422539790373352,-0.007879187112039944,0.389340438718897,0.3446537084094348,0.002814622275106579,0.3660911636307583,0.30934098535137283,-0.004877111783986441,0.3533114333433332,0.29891945804852454,0.0073030985307480315,0.6171341460893316,0.6233986799737999,0.0015312161771209361,0.6183553299418604,0.6114980659731414,-0.0023614774868050597,0.6588134955329871,0.601312168868957,0.0075561623490801675,0.6419246108860738,0.574780410062405,0.009248619894982804,0.6414874971755489,0.5772659017844263,0.008538443967864759,0.6412081368919602,0.6032145401624789,-0.0029826426381742224,0.6432485736697654,0.5722219819751313,0.0010990538663874574,0.6404757551301536,0.5637625681042828,0.0006704531205714414,0.6340472272890467,0.5116008319639553,0.0010472482937744013,0.6002555280025885,0.6097478103824171,0.004076857116949176,0.595822599807286,0.565659756409103,0.0026637768305116244,0.6155648339347272,0.5475486726666774,-0.005762045693940064,0.6112849660664933,0.5309152082250934,0.006874364192230814,0.6095625897020452,0.58516284046632,-0.006345632832940353,0.5930647880799674,0.5617304319511749,0.009944276938786105,0.6112239425349121,0.5590549554767669,-0.004817729876008397,0.5879862658727498,0.5373094384245842,0.009985036748171005,0.5706527324591201,0.6054678210475485,0.007646616903629061,0.6092910002845654,0.5703537519329271,0.0008299427983632923,0.6040490429426134,0.578756363481038,0.004138234598288175,0.5995580086147071,0.5595153311872005,0.006939216890296062,2026-05-22T14:13:58.518473
not_help,0.5919264408345954,0.448264744065268,0.004373725928002311,0.5473221595635179,0.41288081118581504,0.009272265946518766,0.5345574435347639,0.4098192116722274,-0.008488413478984894,0.5567557044829174,0.38642998792486366,-0.0008280831390631606,0.5309339730901124,0.37818242862585494,-0.008403471241142284,0.5921420361409427,0.4375366342531776,-0.003134281770134786,0.5912658801370169,0.41983829285416197,-0.003832055355841266,0.606065068542261,0.3952030279069905,-0.0013414653863326569,0.58517160461661,0.3740214189597701,0.002928901639270072,0.5945389531233167,0.43071317692996924,0.0004656831322747187,0.5766653383093012,0.3992699356062861,0.002756690247102662,0.5760339531374885,0.36856650802038804,-0.0014283489107153914,0.5923241416894719,0.3762421295336159,-0.002323213321227353,0.5544903683676637,0.4325452383107248,-0.0038966458583328256,0.5456408018291087,0.41374512818065645,0.0022668130042396203,0.5754877440797767,0.40638247418862705,0.0016203417808471968,0.5494214070404098,0.36396677880595646,0.0062905458020276975,0.5582949248712915,0.4400181149867436,-0.0004425324020055129,0.5595945552064557,0.4054606911615119,0.008892852771422393,0.5414136781777112,0.4016531414381237,0.008379458135237319,0.5552895092129221,0.3963290259797343,0.00035104047790276635,0.6317524828551029,0.6885303226027736,0.0077391532778336766,0.6804601246109703,0.6561849010305171,0.0020230306737826827,0.6582569591574826,0.6246419780915705,-0.006704979820800574,0.6951446874216097,0.6181001584568206,0.006930276929825211,0.6938618435493866,0.5813890519197812,0.0028040699251454873,0.6410840197998555,0.6488598335465426,-0.00789817717905889,0.639659607184043,0.6087676471764362,0.003976330172305356,0.645224147269846,0.601266343995768,0.008321748950549946,0.6345502600286356,0.5468202481795895,-0.007104127332837245,0.6366544415112407,0.6454596631430894,0.005908726130514691,0.6304490087258288,0.6105015194823072,-0.0024222340665955057,0.6221887208449328,0.5879490088243318,-0.000976573605126086,0.6118199871711407,0.539927344914763,-0.0014863697604525442,0.6165291900215014,0.638536427366626,-0.007334407584376795,0.624889980179787,0.6104282791101193,0.007035142080762275,0.5968802865013875,0.5969108768759628,0.006552649684525574,0.5964070996708313,0.5605398147107141,-0.0030873985275798547,0.6029023950717974,0.654345058940463,-0.0051551143031813695,0.5914685499276335,0.6355872983345441,-0.004305352613591897,0.6044180503501054,0.6078033995830217,-0.006763661016072,0.5893490070484013,0.6077871216597194,-0.004756124170153402,2026-05-22T14:13:58.518473
not_help,0.5268821236323079,0.4817243024392929,0.006557680255823655,0.544000694003663,0.4936201977673201,0.005773768346744033,0.5317410970402343,0.4626484958984057,-0.0008079050792162371,0.540207285649461,0.4309865333836716,0.00963029355121041,0.568171299242795,0.42721220943253224,0.005101266244043109,0.5414718293622623,0.45945066665140866,0.0008825144905446596,0.529005297746285,0.44688427864330066,0.006188304335532359,0.5431968954706442,0.42245922791629065,-0.0034875937732421107,0.5140763768060401,0.3895682569853961,0.00235782102537516,0.5259283966596965,0.46238547541043845,-0.0005767672212414927,0.5138520189347657,0.4658550241782795,0.00108150573945991,0.5177940818399869,0.40951522449078404,-0.007042320886714226,0.507489012324572,0.39025655165073836,-0.009130711343176806,0.4879455892226048,0.48548798800886495,0.004235808415510918,0.5167625918555278,0.4672207410731003,-0.009147550822294877,0.49290753104555185,0.4198801093032296,-0.005202494920352228,0.5088696346822893,0.41459843672164537,-0.0026315228548574173,0.502504240450088,0.47975818573394907,0.008558525331813319,0.47558110096661194,0.47857150760176503,0.006915951775391975,0.4966046976020099,0.4379870557503853,-0.006079255396436076,0.48425269826579137,0.4391848166964546,0.008115480742629072,0.4546170797341368,0.7178722868944625,0.009303412991838891,0.42260789029185225,0.6894575436561583,0.0021553234716686857,0.4282031711604666,0.6548281249560474,0.004505388490574858,0.42601371235043606,0.6769249253055071,-0.0070608574251343125,0.40850490093886793,0.6311747272029093,0.0014228440703994358,0.4441069234382031,0.6654495385857216,0.0068680367804015,0.4454727190622548,0.6542211998277385,-0.004881415706673784,0.4394200103480042,0.655508808024902,0.0006648476342661844,0.4635452347190496,0.6386645296305733,-0.002064855266176611,0.4615860593580609,0.6985852256687715,0.006704081748701308,0.42688885855974673,0.6587409451285026,2.9256427696234405e-05,0.4615800416502052,0.6362750643039544,0.009252461263166244,0.4245366550653359,0.6359388399089646,0.006398161347211674,0.445486983500617,0.6719863230839581,-0.005407270925170298,0.4157369878729207,0.669215765206495,-0.005836387882351659,0.42736871658557274,0.6577922433387962,0.009510309915905459,0.4370783916074543,0.6546027421661053,0.0027729350636136445,0.41783578479484845,0.6808635844822893,0.005923807021124479,0.4108099393292214,0.6838651049313972,-0.007864902828786238,0.4100048769499607,0.6631447122968466,-0.007214746730288799,0.4250959565078681,0.6412620605925442,-0.006473402439385861,2026-05-22T14:13:58.518473
not_help,0.638531907809505,0.4358671294960391,-0.004964982465441692,0.6628099264128979,0.45198148852094233,0.0024658017888049798,0.6722589373475795,0.4188211499675947,-0.007758074645351765,0.7021953797691295,0.3755739372777305,-0.007548039979748296,0.7165310152999683,0.38081765076653595,0.004569269498921185,0.6529067955397573,0.4262041492398739,0.0009293281693797863,0.6615229486092132,0.38826388916359983,-0.006265439825960446,0.6770437481746153,0.352236203214231,0.005934630016150385,0.6800001487578328,0.3249364379870476,0.0057200077056249,0.6317265866616415,0.4313215501121831,0.008284872300872487,0.6615643721933546,0.37360391723789255,0.006799058294718647,0.6234585075513575,0.3732711954218612,0.0021571570102238043,0.6470098874613042,0.3345931121090914,-0.008939112998993734,0.6312252261933656,0.4133527757106053,0.005786472471726518,0.6053628434079817,0.39186749542159494,-0.0042197700686039605,0.613073174201854,0.39368014815052627,-0.008496099742064516,0.610477583735025,0.3571532642859485,0.006518670931344424,0.6229818424077088,0.4337924941080907,0.009283444678357915,0.6057972586058323,0.42241841268985403,-0.003015675617497944,0.598273139627275,0.3859113955044068,-0.004003835741094357,0.6040803066534715,0.3674080490060054,-0.0035434753164475244,0.3117291015559997,0.3987872243255152,-0.0057515361693055754,0.31900272353065673,0.3926175301893564,-0.00591757553494241,0.28457755771420856,0.364869233965887,-0.0029662236066569283,0.28730167602201817,0.36536758533666147,-0.005934410780053032,0.2731866703798084,0.3592978945749835,0.007625255390534201,0.3356439616866905,0.39561820860184954,-0.005802714000941214,0.32892334888030783,0.37253496351255105,-0.006028778957875001,0.34621488745992585,0.3257415074437805,-0.008258089970093767,0.35424536493292047,0.32708553139330193,-0.0008384619103545907,0.34452887970443674,0.384707212608684,8.191451455242735e-05,0.3099640194920601,0.35049024648855037,-0.007794331979114191,0.3386434288639509,0.35206428279099844,-0.009474525176634632,0.30757549865877987,0.3428781737932112,-0.003406470875701462,0.33465099043493285,0.3925434206036265,0.006727822101550001,0.3127027969788353,0.36835533518565244,-0.003195214146617311,0.30351437870341746,0.35643723115722403,-0.003355078832363758,0.33431297686580513,0.3322207677628054,-0.00121674600578563,0.2897452244055931,0.3883397844586852,-0.006878615482216197,0.30666216170286337,0.3798982683670596,0.001600935350589472,0.2884460371837518,0.36563135936656255,-0.0023341479000127327,0.30177567868875455,0.34489003894654896,-0.0019097927259043596,2026-05-22T14:13:58.518473
not_help,0.5488664359879162,0.31175447206993834,0.00963961898567176,0.5579178987163403,0.3068500509562566,-0.0042386552279538295,0.5537812758759231,0.266700672663352,0.007919201535147682,0.5501062217366671,0.2764690647549326,0.000948466529535447,0.5712979778073598,0.23655206242287588,0.0032499480955191402,0.5318957639335756,0.26966719373882003,-0.003071308862359878,0.5399572888773098,0.25052509910883664,-0.006049179669594946,0.5369468973237623,0.24707984907606242,0.004798977426178524,0.5339861749825893,0.20545188631738023,-0.002879829669647032,0.5340707798453821,0.27042132025013077,0.008456542986017642,0.5102779198571459,0.27418172821426084,-0.009163682644878315,0.5143270048723767,0.22477648861115423,0.00999760638385176,0.5165654635719001,0.2149153314348214,0.0002569500491131759,0.5133389654556799,0.26975666858029806,-0.00021005704214939122,0.5224847347887621,0.2662846341163396,-0.007368262352899342,0.5187444911066313,0.25384909338704964,-0.004688231387463305,0.5296480504797353,0.23179315383380134,0.008871404042863731,0.4956000209905476,0.30340858954272076,-0.006462850178369634,0.5037835343884225,0.2618229432870134,-0.00013183840919113107,0.4884572352375921,0.2731676345161336,-0.009267109072118735,0.5153125655330978,0.2535059342562067,-0.007573543978293167,0.3367567582589091,0.5290556009576973,0.008263951866904205,0.31688344098056404,0.5154747363605664,0.0062673932770621905,0.30546386670415954,0.4872455701805418,-0.004964218216895728,0.28172413273598945,0.4725302511187122,0.0013380710447361,0.279693462716349,0.4834917809299911,-0.0065795362306058335,0.36940207720706825,0.49537051993051306,-0.006751322812744221,0.34277717360090165,0.47068058290910153,0.006227218981609483,0.35565661320691105,0.4496972272451311,0.008153515863837281,0.3734235202014994,0.4478852726396099,-0.006846942795097115,0.3261958391252907,0.5013867367871381,-0.005899069169108185,0.3287740230794316,0.49974811010913345,-0.0008655093338773654,0.33077144933724234,0.47724502392538126,0.006053655058906987,0.3521507976483024,0.4338755447260232,-0.0058753948883279675,0.31864704492439594,0.5326042405621343,-0.009650540188705295,0.320928842461256,0.4844382192659522,0.0005202943257885742,0.30687009737418136,0.45612169137482733,0.006044268113015868,0.32056386227541805,0.45585890180711364,0.008089870943986057,0.3174352097710614,0.5287862274020937,0.00467272487154047,0.30717116478319195,0.5231509692505366,-0.006946436614482758,0.292078748410518,0.5041208176705343,-8.599737199682482e-05,0.31676628950726565,0.4615573132693475,-0.004435399637292063,2026-05-22T14:13:58.518473
not_help,0.5673974321806288,0.41973216644038674,-0.008488606230885194,0.5553516482334104,0.41576536637067496,0.002383176100504541,0.588284159217518,0.4008942565271402,-0.004534185210189458,0.5959503302014852,0.3696405195477116,-0.0006353060560986366,0.5821540640060604,0.3892993772114825,0.005457232765756633,0.563780768011276,0.3969084961531052,0.001175815612790787,0.5719923097807503,0.39238972821345025,0.007528030183630711,0.5565789045872314,0.3768971896234095,0.002339077571944183,0.5521337559422762,0.3284873309525888,-0.008254414107677669,0.5374290981468376,0.40344532416373335,-0.001782902883582082,0.5537304596735361,0.3707931989144143,0.00567234269190456,0.5431776433488091,0.36818091134967684,0.0014159069764481669,0.5625780817159687,0.3442469869247897,-0.004400254397870908,0.5235456059804569,0.4080730646646283,-0.00811288094199264,0.5560472117838932,0.40812252136643895,-0.008665849802863956,0.5340279538708447,0.3728697230459347,-0.0019199698344371172,0.5572959117172975,0.3559978039974206,-0.006362790809272245,0.5307432244383173,0.40025555068344193,0.004558272657232446,0.5160644192817554,0.38261254851894,0.005474173753720812,0.5340240971922714,0.3977684905174944,-0.0031067224974466083,0.55183791455484,0.3631524581436955,-0.0008471784962380338,0.5276751116742762,0.7292154859906791,-0.00326218355221416,0.5025985079671633,0.7026740410816262,-0.009691482779815795,0.47595064823348565,0.6896514511496677,-0.006910564907831889,0.48453997227917384,0.6752179913715758,-0.006328067621555589,0.47767501434338494,0.6448714233582816,0.001167253190086575,0.5108146658309831,0.6847770933208442,0.0010420685694679296,0.5370594440339636,0.6801972386618635,-0.005381712763423601,0.5147014419987346,0.6439378740112212,0.002282612745132393,0.5234487660611111,0.6542984457597787,-0.004568575620464021,0.5304471907601337,0.6850391636476737,0.0027342892243290944,0.49352215866918636,0.6742305365135662,0.0003569049297972131,0.5015201648375532,0.66453569262204,-0.00033001199328866124,0.5220252206348184,0.6499638703125874,0.007599261664335487,0.5126227946533404,0.6884686449241325,-0.00015210168509073065,0.4917551380013566,0.6729871057732263,0.00598253455155843,0.5152019275871019,0.6757558669725471,0.006639026827784075,0.5147711953000202,0.6512819055435602,0.009203590706681754,0.487124334321803,0.6976686804479604,0.008782931013469561,0.49120277492827197,0.6881958936912959,-0.009955928887740446,0.47652127785516196,0.6648444221165147,0.005982071013071947,0.4989702274020574,0.66966512995984,-0.008951401812741977,2026-05-22T14:13:58.518473
not_help,0.5388352232966452,0.5052446701745699,-0.006231139530977727,0.4981530004793438,0.4853210592416495,-0.0034222544699643587,0.49144184194280305,0.46199380931531453,-0.005386308925501282,0.49277693974912673,0.41776072437062095,-0.003389881035525231,0.4663773727743739,0.42481952958849506,-0.00800345561816171,0.5615173209918558,0.4745851366839748,-0.005464406624964782,0.5369879213321983,0.4387599045401207,0.006008282055810594,0.5559241569815117,0.4102782718112766,0.0017776158581998495,0.5350607643259965,0.36726831409845123,-0.0030532003315689197,0.5424966208453696,0.4493770814704552,0.008285610342129822,0.5274054929673458,0.4446430331353975,-0.0037059453934645,0.5432722150369046,0.3917866663549572,0.0068301181729184274,0.5184045128093473,0.3649027742164605,0.00017217334305306108,0.49746990547872283,0.4740318699802018,0.00011613641960759105,0.4974372267009549,0.43510122439421584,-0.004856992803486013,0.49176982032849775,0.43287617640079395,-0.002867352943840353,0.5185859014101257,0.36913338187280864,0.002057599301649414,0.49409782268200403,0.48155355675795863,-0.0041458224227834675,0.49840949440438004,0.4418303796934232,0.0004865766254963048,0.5012529197383258,0.4448941451529122,0.000106721857322533,0.487383553399209,0.42280716623166065,0.0083630099540864,0.7711029511839391,0.39072871137140497,0.006857974619371364,0.7201003435926837,0.3508986873026267,0.004241215763936171,0.7099807457022814,0.3394335617269428,0.0070123196373556625,0.6995110738079394,0.2991652019112735,-0.004777698931837346,0.689923158601627,0.29734384129290714,-0.0006435155921074836,0.7670268898936486,0.34081458039301754,0.003834446690674065,0.770145260968591,0.30139145400789147,-0.007450323109102713,0.7984003574351402,0.26103781242755403,-0.004722908277334252,0.7971458431635182,0.22932365209586922,-0.007029841362661013,0.7522387755505296,0.33492537592030586,-0.006830052384938168,0.7515156332913444,0.2876465246131451,-0.009063504596808816,0.7471150216720731,0.28406322227035924,-0.0038813477603853877,0.7601409535846244,0.24506567057907783,0.0019231766959171333,0.7281230994957205,0.35753129508419107,-0.006593982263331157,0.7424373962994176,0.3219354200553619,-0.008770656346113204,0.7355187478228964,0.2729656037645256,-0.005732037191158326,0.7193488172168319,0.2580173830290844,0.007541828541565343,0.7239713173759582,0.36000755858463646,-0.003414130321762501,0.7359134538979745,0.3420373217346331,0.005931966189251738,0.7089849610963068,0.31169406969705094,-0.005666180841142561,0.7376159752637423,0.29556433244893243,0.006066853037277659,2026-05-22T14:13:58.519481
not_help,0.3298408666870569,0.5840089762751305,0.008684732302908121,0.2845350087854005,0.5606574298670745,-0.0055660469152728955,0.30147496758374875,0.5750367011012651,0.0010978705922985027,0.2633184590696119,0.5517400587353899,0.006931896800967058,0.26354044978051816,0.5482974773595013,0.0015889453364202732,0.334471803103226,0.572969626803674,0.004111130075857304,0.3417022631561286,0.5633522636259687,0.00831688495827177,0.33003441370746905,0.5086787754037962,-0.002224380064125806,0.3316674282385188,0.48997527409865543,-0.0027262873640810197,0.33168867784097356,0.5826049487723758,0.0027069599301155402,0.32909723887547365,0.5365380301807107,0.0012794254614817424,0.3010588488126854,0.5101552889259995,0.005627501152141711,0.31135418332173503,0.5071164775206647,-0.009232746582014261,0.3156874344657102,0.5836622102799948,-0.000195066517114895,0.2939458041739354,0.5672891686269009,0.002160263350793324,0.2998973943581588,0.5405057486464259,-0.007451835258423807,0.3122480410365805,0.520859706484627,0.005916565193575,0.29438217834147895,0.5666186534822221,-0.004681971026385017,0.30134024153230166,0.5572736664818205,0.007288394669452242,0.28233972917967015,0.5649029883490542,-0.008866311156766237,0.28703955145402904,0.5270794925865364,-0.00576122636808951,0.25389975041378193,0.5133925957630424,-0.006906069738261323,0.23723866142624778,0.5163830981043686,-0.009402859231211546,0.23917028483373073,0.48641755849647306,-0.007611528122947944,0.2373836562025251,0.4604011231510089,-0.0025395833551583036,0.21993956342421117,0.45838640068307207,-0.005127825123371264,0.27117724004053284,0.5044623032546903,0.006097288684229369,0.27316406713712865,0.46473728776932655,0.004414595903038849,0.2684963857883801,0.4497834939442728,-0.009444815387481036,0.26182090824141585,0.43488344735952233,-0.0019025912835024753,0.2848914405428151,0.48153566127167846,-0.0017963068788664355,0.25369685446468915,0.45980989363434555,0.0017983483278548092,0.24928811701722933,0.44465039228210695,-0.0029081774628284627,0.2777146437729264,0.42683816205931185,0.008224451154302303,0.24794476300873766,0.48287377980304613,-0.004657308884264651,0.23875638412384306,0.4882533297767532,0.0013261610471873905,0.23259341573310532,0.450356610877278,-0.009291727670181176,0.25319741403876395,0.42080993651114995,-0.005597972646769935,0.23061858914784766,0.4909109159289305,0.008262337058742466,0.24611362715072235,0.46422810458376973,0.004562603744070812,0.23177336867883255,0.4655125785910454,-0.004102002137445422,0.2458978245638379,0.4702852481495153,0.009628816860342662,2026-05-22T14:13:58.519481
not_help,0.5132547834368262,0.4249479466884503,0.003029939181971388,0.5464322267812298,0.44191320175073423,0.007345066914987286,0.5357474568051427,0.4268780477810522,0.0031194918826887384,0.567934730757067,0.41259461462830654,0.009239935541813417,0.5709129580660602,0.37154319979702244,0.009754471748451425,0.5260267932576136,0.4247780415281281,0.003853747376680183,0.5447919198421118,0.39952977194987355,0.007744227722906659,0.5368282360209266,0.3732200146068909,0.005494232752077834,0.5444477288869087,0.34096996147467734,0.004293465153262472,0.5329910074047004,0.4255826659278844,-2.6875837807343456e-05,0.5366288282224432,0.3996235729482824,0.0056506416489291115,0.5135934348896218,0.39037716830541114,0.0034312987005658477,0.5394085768478644,0.3508499779959817,0.009399443142863775,0.5171797542272727,0.4176215837836456,0.003918779026577741,0.499123876988929,0.4206239484346966,0.00925702495296799,0.5072150827321085,0.3939986134045802,-0.008477326444999938,0.4897617702288996,0.352186047878401,0.003082676041524327,0.49065945246509884,0.44591358584180535,0.00983484826315527,0.5054976072957407,0.42560053163239725,0.0059889326405498326,0.48267809906525666,0.3968374163569477,-0.0071153082906684345,0.481432949769207,0.3789435035399715,-0.0058584403884176205,0.5778118330851467,0.4156772352268288,0.008454989189754155,0.5294081686931759,0.3922699577040249,-0.007368204016881033,0.5271065243114614,0.3821827605499405,-0.004339898798791189,0.5307408771886308,0.36634885966375735,0.00015718873368974172,0.5057963341627933,0.3427408367997533,8.834018820791205e-05,0.5955538335216478,0.3845706188980109,0.00013586961837650478,0.6045318597370509,0.35906330992339514,0.000569097645505506,0.5800671314322046,0.34178321379645604,0.00047499127377130523,0.6061206748688553,0.2841364997208393,0.006180487403017699,0.5789427126800133,0.36979671096102895,-0.005868631317812329,0.5718859749894702,0.37254786658960515,0.0010918044788775002,0.5715975593108961,0.32559339842191837,-0.0022849629849197054,0.5882417123140371,0.30149179349799515,-0.0042193454054016265,0.535263213053417,0.40539343426335617,-0.00890529061514905,0.552025511982917,0.3610839210745241,0.0028164743971635393,0.5381931760839749,0.3453565619854735,-0.0029375594641224793,0.5436231801023103,0.3189151596266454,0.0066788435689703,0.5542244479016636,0.3893646855579612,0.0016716421978352318,0.5249617195381349,0.3771996294400834,-0.005463216583534756,0.5542211358415313,0.36909574217943447,0.0011260832543380558,0.5330139284115614,0.35125505328543877,-0.004704204265205114,2026-05-22T14:13:58.519481
not_help,0.5164012397195862,0.43472897703487945,0.006438242833448108,0.5167924387278534,0.423761834020719,-0.002390446512701363,0.5515175374574346,0.389893642592669,0.005537854192802552,0.5625766816946677,0.39604727157637254,-0.00702147936827693,0.5689857617731737,0.3517091556750261,0.001374767463751687,0.5034023343294033,0.3992134967753009,-0.004767693839650116,0.5363643079105542,0.37761392248128284,-0.005517498721069792,0.5307258999380879,0.36226738419877363,-0.006340802810417505,0.5270911477251541,0.3095673153693009,-0.0066127179893752525,0.515141855942906,0.4014685025903962,-0.005574998675087306,0.5046171700261428,0.37714604509509914,-0.008576860988387388,0.5141327464719613,0.34436834587048204,-0.0015424849028285118,0.48082321426312813,0.3377464923805076,-0.0005516889669545423,0.4768506423967405,0.4164759375283488,-0.00956094929800527,0.49085871026129696,0.3829148293747357,0.0007849626117887379,0.4933096394980238,0.3748706484308535,0.005534794525070082,0.49332166025270807,0.3409105991785067,0.008095457976484663,0.47690084614069445,0.4145821920562416,0.008994590574102635,0.45348089669186215,0.4040790541089198,0.0064503249004394855,0.4469182016769331,0.37284245580111924,0.0038449637556473484,0.46163845333961445,0.3601455296979021,-0.0045834673174290535,0.6586048846024117,0.4879012174572606,0.004890475812617255,0.5989139811922641,0.4909670119340737,-0.009625041021729452,0.593441785439889,0.4803260537811389,-0.000713689176260442,0.6104833023329648,0.4544586493220467,-0.005541811738504153,0.6058263022653063,0.4228082866776102,0.002443958879861435,0.6416316794649762,0.46987596787807895,0.007085216917222472,0.6519929668629221,0.46261731243987275,-0.0036881961272380304,0.6456263529679805,0.4319950824647127,0.00036260349370477105,0.6624376435085984,0.4037092733911882,-0.0010476954164854516,0.6518095510481318,0.4822147453626775,0.0008504114581169113,0.655768784517444,0.4411152099444734,0.0085033476494223,0.6560811092366027,0.4129276279112013,-0.007602457410085948,0.6300214030767441,0.41383129765682947,-0.008921232317084388,0.6289755834503694,0.47785027867581503,-0.0065240307012683595,0.6206754004870951,0.4575427495348628,0.00974100040310061,0.6445414922788077,0.45417408705180207,0.007766534940484916,0.6373363140783393,0.4025189121846674,-0.008188449128219344,0.6249498333830854,0.4809143367569408,0.003408287896230027,0.6227436963617247,0.4671633118231109,0.00033236102453636576,0.6277185480054683,0.46056169008450726,-0.009916711406810715,0.6068344464553603,0.45298481032538374,0.006428621408247152,2026-05-22T14:13:58.519481
not_help,0.5154640772347292,0.5068939024440423,-0.004503910104708331,0.5247110076840676,0.5046258641297822,-0.005297018512623577,0.5251546735172326,0.4751533437298059,-0.004584433416298664,0.5418784593598119,0.4866348216823796,0.0053197185147805075,0.5517519275594258,0.46422627035828395,-0.002457721152338355,0.49577751992677865,0.5084358908048822,-0.00502759092274474,0.5032730055906625,0.4799241707183442,0.001198738752144178,0.5031568202321397,0.47880935519025675,-0.002642595524968718,0.5286818625216048,0.421063860507042,-0.0009234323042562088,0.514868934313129,0.48862419862809336,-0.0019469790031858697,0.5197448477622074,0.47763532960094013,0.0017124584792437107,0.5108667249241524,0.4673188099483911,-0.00982439066386642,0.5115642998041818,0.4414432436851441,0.006809081627036398,0.48254789128429415,0.5045380090211012,0.0021555664129024772,0.4790505002003507,0.4800241275014965,0.0027077072228154104,0.5024911288453466,0.47544342826102953,-0.008107618341844496,0.49887900121989437,0.45638200063083223,-0.0012449742399220122,0.4862418865553062,0.5073374947744597,0.0030966443745667083,0.4600966699037176,0.480909521337957,0.007214760266802981,0.49736135076005983,0.4949592643190406,-0.0020031316672418243,0.47861200797043324,0.46836476212327655,-0.004390653567252518,0.3472284559013377,0.6043200282852926,0.006797066636885464,0.347196660902266,0.5793054313420106,-0.0025766169313162137,0.3081743641488608,0.5452591759652655,0.0018811092268376933,0.3319078992265786,0.5422000764303205,-0.004569457553240693,0.32056524254540747,0.5100203291569481,-0.009962927901994312,0.38580240176071817,0.5685436422944017,0.004909847772183958,0.4028141709534782,0.5428615565213014,0.007276529089130792,0.37349551647388546,0.4977156197172219,-0.0005019909096946155,0.3685881420800296,0.4946302448542681,-0.0020936226108097047,0.3786392055374622,0.5765933443898591,0.009710547339046005,0.3469484407891877,0.5397324892052264,-0.001054866623668202,0.35848518987341915,0.5255796864434038,-0.001172253242896406,0.37334490255438346,0.49670156030223833,-0.00030746278940456395,0.36104354403625444,0.5884995839304488,-0.004286345457730489,0.34609664935272283,0.5432922079561454,0.006535161130443069,0.3637069039605206,0.5274043397962982,-0.00688710376579108,0.32928265995577777,0.4912100359627948,0.00047298190699301447,0.3290871241483801,0.5872665443425835,-0.001340086938822413,0.3370741118770691,0.5771720306626787,0.009876086866797895,0.3327004055286176,0.5541882286792178,-0.008889680353142334,0.33806941040323396,0.528792056523611,0.003942781485076506,2026-05-22T14:13:58.519481
not_help,0.4069597119678583,0.4198565022260749,-0.0002314160662323754,0.45583335759367305,0.4362828325980849,-0.0006372119112784576,0.4393652112819898,0.3891038664591981,-0.0012866889732512429,0.464567391664064,0.3712871136238609,0.004811603676829215,0.46764627356395916,0.34850790900210327,0.007062280783986243,0.4282328347851468,0.39263768811934835,0.0023229102089655125,0.4458755707211832,0.37190954405730986,0.00023737058511447313,0.4306535192993778,0.34548003775085334,-0.009207367719692508,0.42253832718957335,0.314728397008112,0.006064312908632597,0.40639656967148063,0.3934290897496951,-0.003692882970649451,0.41091981257695936,0.3739712577160828,-0.0013172007703026074,0.39482912323667363,0.34813756101370263,-0.00031505228244347455,0.39182453517481713,0.32493262345724455,0.0029487344974612403,0.3720520153405599,0.4268861549264292,-0.008677468375859192,0.37150412377084996,0.38600411018597325,0.00871526289591081,0.38696167159615635,0.3573463027151862,-0.002179562272495099,0.3701554151351135,0.34259557370628785,-0.004165550131387779,0.37893613990087005,0.3980246721041089,0.005482754284971324,0.35818112486366693,0.3925047999985481,0.003068900643480421,0.38328630104953787,0.38171818645074157,0.0027018849665695985,0.38344879477134786,0.3416700040949616,0.0033074101340388306,0.6938793624008098,0.4509610354087555,0.008324967553266916,0.7190904007686028,0.4443478272176397,-0.0015289251964300705,0.7538389154707158,0.4054474725660181,0.0006910563693670307,0.7666102151600052,0.4067277435023353,0.007019421714142661,0.7506179486160698,0.3586144360563113,-0.009894459820452032,0.7273578740685731,0.44948612813170874,0.003069520050139815,0.7376429031534172,0.3834674843548252,-0.0008825557359826708,0.7006872191111196,0.35547919888801827,-0.00465853087689043,0.7188991632520105,0.3187246835099862,0.0010475538707992518,0.6969499326404826,0.43617528044889964,0.004656469213532242,0.6827779368418097,0.3825816341636247,-0.009735400295590618,0.6867849752530354,0.34167669801867706,0.0005444843301693168,0.7096370156132603,0.3357523392385074,-0.005935305989223148,0.6571004184168628,0.4327549992329496,-0.0033568521299014217,0.6913762194393919,0.40428146846084007,0.00155996715414956,0.6835307695317382,0.36898538868795366,-0.0067870786328106635,0.6706990074416895,0.35021978946274807,0.0030168262481648344,0.6391693909022478,0.4288690886321322,0.003263614742557073,0.6686381299237691,0.4013320080648069,-0.007184488799174986,0.6664209560796318,0.39459653535465405,0.007486602631758979,0.6466481521556703,0.36071888621432824,0.009372686969134477,2026-05-22T14:13:58.519481
not_help,0.36902216618434797,0.3533680094169745,0.0016831365815531997,0.3542371865623149,0.35895971281900957,0.0035644046732577934,0.3434418084810142,0.3236852207562261,0.003365330702104827,0.3152562821765103,0.31700202227221097,-0.003825950296441956,0.31140652360473076,0.2992519441398197,0.006691678906824152,0.3988851529733397,0.3472989800897501,-0.0010216283120843758,0.37947014970156334,0.2999328949029148,-0.007181882557990542,0.37556400824272834,0.2792938755977184,3.430577604282385e-05,0.3838412865590233,0.27682825161171376,0.0014152142115022043,0.36812371096329666,0.3171977242137433,0.0006601343180060795,0.348152984042335,0.29310624129297974,-0.0017855071350602707,0.3646585634204064,0.2800495126351381,0.0009261874639869688,0.3661079557570067,0.2560188194330154,0.004262342477423723,0.36214579277397996,0.334213640677587,-0.0008764618367796614,0.3662406734383192,0.302515329239015,-0.003761179916351753,0.3449605799246276,0.306434286921638,-0.002242922668306402,0.35854947031996487,0.2726527567323538,-0.0007550286015767724,0.34040851250848264,0.3303397527348332,-0.008263030273169849,0.33962121336658935,0.3464988757805351,0.0011576859998269247,0.32902413275549713,0.30965488828797855,0.008927803864593646,0.3230298904906994,0.2968145736125026,0.0064800702351219906,0.6005903654356773,0.6097813628333828,-0.0025898210912075224,0.6446860752059002,0.5887893601863047,-0.008893793860075237,0.6781887687343177,0.5716304578507998,0.007369377300480743,0.6859105582729139,0.5507124708258665,-0.004681772928937959,0.6693341020851133,0.522049677919718,0.0002967063400618544,0.6508799731780066,0.5836971180559737,0.0048702653758558225,0.6424024710864867,0.5307390948468009,-0.0063313264177524056,0.6315022562636359,0.5001969699649623,0.009995310638298517,0.6288918713721439,0.4836495190974474,0.002179152974141863,0.6148171524558127,0.5577178136904384,-0.0018023655405663835,0.6333338006179944,0.5417370190331224,-0.009304038904331246,0.6256971407274663,0.5004611117924656,0.004292100589216488,0.6144847466424403,0.4866977044459852,0.001228980567687608,0.5938042130813607,0.5790685288165586,0.004948565560448637,0.6054290740300918,0.5687181287201388,0.00737811961287692,0.6008251557299426,0.5371127389197505,-0.008965224718585796,0.5824321869715853,0.4819827692917695,-0.0019661195037369676,0.5835616082785332,0.5906533504802266,-0.002519601001404157,0.569795155342254,0.5795270911453572,0.009319426735008149,0.5687522731185278,0.5382403838228853,0.003119867456749692,0.5722046934090401,0.5364560057881804,-0.001366705747191256,2026-05-22T14:13:58.519481
not_help,0.43003241405526305,0.46696168233123636,0.004920930595584511,0.4371444643069617,0.4318260667401279,0.0027483730358007826,0.4529943575696024,0.42255830415013096,0.0017465516274876667,0.490223865868219,0.39191555147701723,-0.0063922625665440765,0.47257868550116017,0.3823924878277411,0.0021634919906869006,0.45447383962457655,0.447839393216607,-0.009912561906760979,0.42917502728273366,0.4023589647014915,-0.004387023423031258,0.43087910561865983,0.36709776790888365,0.004611496832490047,0.45770738435644115,0.356660337223182,-0.0008140733353826316,0.41393619849865726,0.4331018441592622,0.009022687522466969,0.41896524621231246,0.3884531006330459,-0.009454244641770297,0.41059556007671355,0.3873441777451599,-0.004790589373402887,0.4194949117509205,0.33400682386723624,0.006424663419975324,0.4211926741359848,0.42027312614704104,0.0062081485579237265,0.410033551709303,0.3930701445446886,-0.006614879283595081,0.40429436035852334,0.37077552945741554,0.0057615364315545415,0.4001690099607796,0.36861666400293835,0.008820355004432174,0.3807754519591241,0.4192909785412315,-0.002765514430896847,0.4177076247011358,0.4272201070613125,0.00773412331203681,0.3899119183911915,0.40292345404101815,0.008829684086592295,0.39676820026055665,0.3983777308234002,-0.0029051962900951333,0.5221638440881987,0.41462948116584497,-0.0030065252399977616,0.5497718670335452,0.3935193778130042,0.00975212572319257,0.5535570137187731,0.38042833360148004,-0.004251386331800586,0.573027835471775,0.35308075729068966,-0.007730224067379119,0.5548262142625416,0.36342221410004166,-0.0005421485009794932,0.5328608413014959,0.4021051824152321,0.009647205502340309,0.5294732003814222,0.3793340090691702,0.006364486974775331,0.5263322289793827,0.3172338241954166,0.0092653075713917,0.5175152419615923,0.31230834009433694,-0.003944171353934731,0.49415519605335456,0.3751198485047434,0.006935324677276441,0.516732379212689,0.35463672927872264,-0.006951245792025312,0.5179298909653429,0.35348133145376603,0.0019273185361100773,0.49835968209798126,0.3009176508470047,0.0013072588408748163,0.4796021866800769,0.377847159828216,-0.0035666644263577553,0.5105983258435347,0.3520983813902083,-0.00599077339010746,0.5116348208592141,0.36162816100537853,-0.0029160367958737353,0.48569150641907216,0.32011981305142684,0.006911763967884425,0.4997422974727947,0.3845773525919946,0.006050800510794882,0.47384230978374264,0.3788368267453805,-0.004830427574945741,0.4683002839478471,0.3503020610918083,-0.0065084189152475914,0.5001883243289286,0.332701235617585,-0.0067220079954183,2026-05-22T14:13:58.520568
not_help,0.38841314027762736,0.33513001721249164,0.0074469102103568875,0.3677476953559621,0.3300666213101652,0.00282404264527405,0.39018161491689746,0.2897537315405905,-0.003678635117748996,0.3475646510470279,0.2819889204916931,-0.0015447610620626523,0.34659434997477323,0.2777752918463262,-0.007910394453278085,0.42729317642091785,0.28779317682624705,-0.007067488296899816,0.3995622284068754,0.27909450157700555,-0.0034397438247054544,0.4028916317998561,0.24460623177298543,0.007812070680162606,0.43147716656643004,0.2296562486392063,0.0017223827955915455,0.3866964120976247,0.3185379724528624,-0.004078463528023928,0.38491032573266776,0.29590335128682893,-0.008857835258353574,0.416908403976153,0.2625672118238849,0.00859012615860315,0.41614281642816,0.25841456881740654,0.006153100770247709,0.40620508399986144,0.2967122645683444,-0.0009805406018058259,0.39408291331632916,0.3080950228493848,-0.009443237639643956,0.4037956804613864,0.27871196487657285,7.803895294730863e-05,0.3963381639010948,0.274024875397693,-0.004249721093033175,0.3557193119161345,0.30881273560177924,-0.0036406169323860513,0.37271488907240974,0.279201451676628,-0.006716561589128539,0.36516294783739056,0.2888966762052148,0.001997293381439091,0.3752757426774483,0.26976858910163354,0.008574782656707575,0.6371238200156819,0.43439189500202746,0.008258397630229073,0.6160966152078738,0.3864207257646698,-0.001252656680773328,0.5908108801618349,0.39168700492599734,-0.003393489603479913,0.5719261685760663,0.3610426804859351,-0.008927925658309568,0.5503209077286039,0.33834738022603505,0.006805388757317463,0.6509720130134046,0.4112258153757319,0.004028658108764117,0.6526269620493228,0.35885000741615536,0.008126408958066848,0.6347805247527036,0.34148355503654537,0.004921607764639888,0.6650525818245022,0.3047796697039451,-0.00904185022394259,0.6244604002338036,0.3910563912169963,0.009824048779757148,0.6461227869018706,0.3574689459623418,-0.006931922437066805,0.6265476354314233,0.34342983981645697,0.0036467391328150293,0.6327157010779851,0.32379364530911103,-0.006854919211465202,0.5925352920727243,0.39082032953166096,-0.0029190864698852145,0.6032637813129851,0.38926105811579276,-0.009654115122987446,0.6259940633015592,0.3689931470666531,0.0060270819266027165,0.6180242708744569,0.32672181401331324,0.007947728488333415,0.5903691110097871,0.4044293175479754,-0.0009884227236331873,0.604275079601126,0.3983410531581808,-0.008734812374548095,0.6071276710633697,0.37866006403239794,-0.0016755438831498656,0.5775169677089279,0.3489580476042986,-0.0032503134765090903,2026-05-22T14:13:58.520568
not_help,0.5114465757769113,0.5436212064679696,0.0008898095889460309,0.5613239647840061,0.48894651171014514,0.006256938503135643,0.5698079850655768,0.4666266480829925,0.007109773207541472,0.5786201548881357,0.4632260663261058,0.00724116311161639,0.5920656082634388,0.4566815412875833,-0.00470373058410164,0.5337053500633202,0.49091501262544657,0.002692075334905864,0.5270788241637486,0.46218316606833654,-0.003463071060656746,0.5194586191888284,0.4433877577334195,0.008846962833657072,0.5267114276079725,0.4162444624590196,-0.008964498882257737,0.525052858982863,0.4990686548851058,0.008687573732830854,0.5046860998552697,0.4452888513512422,0.00026511591916130936,0.5140131887757198,0.44304021474871247,0.008453416318940038,0.5066999445528381,0.4062617678703153,-0.005362995015953147,0.5045174874074597,0.48342083642222894,-0.00543165426271966,0.5012303160581204,0.48062550014269645,0.00017941145260665266,0.4726154293370182,0.4400337420917282,-0.007988653985162703,0.4854093132132034,0.423785926161461,-0.006113101849686204,0.45785023777555284,0.49531979511291113,-0.006923215618382677,0.45812367056540476,0.47890259376404476,-0.008840370197538663,0.48373553100949634,0.48334826252105173,-0.005744106858612652,0.48497275625688396,0.4526477758366931,0.0029969081555442888,0.4669840053785982,0.3669372887934199,-0.0018570278929207224,0.4907037962424919,0.3565111923946742,0.006249980868883521,0.5081080545609503,0.3291679458186238,0.006672803524161977,0.5244053166885335,0.32866255420081425,0.009160329775839833,0.5102317773517752,0.2964690467848259,-0.009938101357436975,0.481423212678996,0.3377950603570975,0.0032728179986959115,0.49343091099678493,0.31277108588757835,-0.0005025008559628591,0.5058180073096292,0.30786151561179065,0.005956826994993064,0.4784414526461458,0.29684021760418206,-0.005713286642736686,0.4804105357295816,0.3291492422207046,0.0011973408773946325,0.4586014176020238,0.3321438009496987,-0.008663479946558965,0.4721934871085377,0.31636554058106586,-0.003420944856544688,0.46145196461753557,0.2936934289028861,0.0065375746236055274,0.44983718714685283,0.355506664248649,0.007235228120696184,0.46643006427281736,0.3341529941694782,-0.004171857604421445,0.4666309344196,0.32491923359018776,-0.005522810627894266,0.4370774992478152,0.30280619622677796,-0.006738056262307217,0.43585849021604395,0.35378991594880344,-0.0010415475396006006,0.45431258974973643,0.3310436316839845,-0.0035791269093451055,0.4387985827074733,0.31411700450238894,0.00024897681218436114,0.44189385885594473,0.31655384135059533,0.00754616049588887,2026-05-22T14:13:58.520568
not_help,0.5260806441441701,0.5826544739190479,-0.0023461612035057455,0.5322524408091016,0.5381368891501227,0.005271728434028481,0.5358930962574193,0.5433638178109057,0.0010236920491431926,0.5423714581492172,0.5358867720022664,-0.0041803150576375315,0.5534521413924661,0.48442540243361604,-0.0025312462247852685,0.5181812112125372,0.535559668442698,-0.005731589009984166,0.5450302039771294,0.5038536097012122,-0.0022247236742747286,0.5254710430334121,0.4802585675325793,-0.006437439428421518,0.5421579343721935,0.45962687778300215,-0.004224017677578771,0.5216113651842,0.5315185138334588,-0.00695200891778724,0.5147493712442414,0.5112437355141388,0.00024159476529015018,0.5133093908100307,0.49362011876499085,-0.005394870860651293,0.524668089269139,0.4609869587103454,-0.008184695259486775,0.5015284691688223,0.5679537431024343,-0.009652982939232831,0.4796467887119416,0.5174031827134021,-0.008108616493168663,0.5073132197209251,0.49385979676570946,0.007431612883950183,0.48060349685392395,0.4636741353693748,-0.001211875562601973,0.4670930163919386,0.5614634529733981,-0.008834908730552118,0.45787218371604205,0.5213769249967699,-0.0075514242689951085,0.4621701423799053,0.5350859913799871,-0.0007654759447186903,0.47445291744040097,0.5002967724072482,-0.005391656677752308,0.38005101573660877,0.5267092522178922,-0.0015709139748841961,0.40341459406113067,0.47807668629391953,0.004934734300689192,0.4449164131819359,0.46427285861248396,-0.005554834740294286,0.4292539974791742,0.46290346589021064,0.002146977451175411,0.4324304828830448,0.4196967434289948,-0.006406499196785529,0.42285368803389994,0.4923697413407259,0.009327800121562127,0.4169074113762754,0.4450074498024248,0.008589333579348333,0.39123672486722244,0.40213860828776704,0.0018646400177604813,0.39680354871097867,0.3632268030132626,0.0010413977162360127,0.3729347521550854,0.49819082268629156,-0.007978549516680597,0.3993222290165213,0.43422501736060587,0.003225920428400553,0.36703063529824653,0.4321241826426212,0.0013572273823280606,0.39893184519957964,0.391386866425974,-0.0029955616904163377,0.3650799429268483,0.509373648726373,-0.009583250904760306,0.35779111428750376,0.46885082440807774,-0.0033314074656327656,0.3421167503503069,0.43585316159468457,0.0021479769614754195,0.35769471515519335,0.4183238275599666,0.004845224718809715,0.34774541098448786,0.5000260529762525,0.00810828407223091,0.35841044557939794,0.479041750730201,-0.007087048295507626,0.33072470444895874,0.4679964732021137,0.002521149772388811,0.3269132120866017,0.4203640021360737,0.008428614605116713,2026-05-22T14:13:58.520568
not_help,0.6329894598410235,0.5751727247484899,0.0097602472259059,0.6323558023397275,0.5450290316159682,0.0005874404718765412,0.6029039559671089,0.5594590328077622,-0.0016480845448509501,0.6222121602170115,0.5064487031614466,0.003633215806027719,0.5987246858598378,0.5013585080450184,0.006056678641308112,0.6602927443964678,0.5438247900960784,0.006688694101520775,0.6820144478677569,0.5151570610425183,-0.0029285549861968766,0.6540867083413349,0.49008279270563515,0.006397972886255885,0.6469238365154302,0.47824879892583194,-0.004970251303949391,0.6379528992653724,0.5312971551654725,0.0002423053185041206,0.6429179244646381,0.5377463249754972,0.00288764973233991,0.6299961219642196,0.5032102928801514,-0.006466585793909298,0.6478649225670664,0.4763884835094948,0.005739908883671379,0.6171790043203857,0.5669671171885395,0.0036312964218522,0.6339475157252417,0.5437874181759929,0.004045721897672246,0.6301087031003654,0.5164961738808204,-0.0006999767469107465,0.6145912635732942,0.5018582893818266,-0.003573118776289506,0.6111630766852012,0.5503684669051626,-0.009439346480758695,0.6017861924804665,0.5352976552031159,-0.009950294157326406,0.6103817572326838,0.5332152390742921,-0.00034858161193273077,0.6328744862142703,0.5190239508868649,-3.218721325716836e-05,0.5193829799350891,0.7309615138815786,-0.0048159337340644304,0.5130238995879222,0.6899635156011533,0.0034844808877109897,0.49392986270064737,0.6666279156150624,-0.002250660707664962,0.49164116057462054,0.690523564832304,-0.0007490469431021204,0.4661181120435513,0.6605286781766008,-0.008860231756613872,0.5485023272776419,0.6952269658547457,-0.0062096162151825725,0.5342256583263335,0.6730044476453544,0.0066187793349716684,0.5408785927097501,0.6507129434413341,0.006266523261504122,0.5204182806553734,0.6152358285161216,-0.0021326772910983133,0.514540087844542,0.6938955338199595,-0.004721705949484254,0.5001790344681988,0.6628584906479419,-0.004980351362195272,0.5132774038228418,0.6367802999422633,0.006266604000699285,0.513073594200297,0.646268276139501,-0.001059622921173422,0.5060442660526706,0.7098071447680051,0.004953440635751519,0.5134254057000861,0.6759713384984399,0.0017274390000184808,0.4848536978175994,0.6599139156683724,-0.00798912721433509,0.49057563689661643,0.6542658308596896,-0.005797961438423407,0.506449884693172,0.7157434973936934,0.0050439607009181864,0.5064549951882679,0.6879761824090053,-0.0025544343140086892,0.49371353057992984,0.6638262215632932,-0.0011512303529271507,0.486278386803062,0.6502505800605591,-0.008435024978831035,2026-05-22T14:13:58.520568
not_help,0.6245265190895714,0.43828369701860004,-0.009831888758038077,0.5745045113096109,0.4220658023708723,0.007006157222696456,0.5911353779365217,0.43125281358817413,-0.001850023889393317,0.556006385536449,0.38545272678163445,0.006884212492625009,0.5695220990085368,0.36608012619447505,-0.006583641814013734,0.6333376697747678,0.43873034709374853,-0.005146792831907396,0.6119441895808916,0.4097374627491804,0.0009033304899787251,0.6308521342127237,0.38662600349429543,0.005688466491687383,0.6314164914905395,0.34448777455013047,0.006186237549232797,0.6286391287861549,0.42422774870947283,0.001002447315292275,0.5984990291257637,0.3857844702393106,0.007872515186316697,0.6309656069977411,0.3877309279166179,-0.001019820293366152,0.6265265566183186,0.365590925627446,0.0064851644131753445,0.5908189173430403,0.41569126413913227,-0.00013281674059053943,0.6107390301673218,0.4046115255189646,-0.0015671732717697975,0.5803383324632019,0.36975878721001515,-0.0056681614978069585,0.5976082577581155,0.38465242202018446,0.005899855818862555,0.5961391192132232,0.42819157095271315,0.006700054689671114,0.5829070772707741,0.41507139045164604,-0.001677727141000578,0.566313356141133,0.3995359260426004,-0.004067979548811258,0.5719399071168388,0.37617056533187576,-0.008060598388680543,0.5740929161753932,0.5813005077094611,-0.005215605149234453,0.5868401186877046,0.5714881418084142,-0.00685762137019498,0.5822279067449773,0.5556920721496451,-0.00310862045182609,0.5921901201063807,0.552421635703291,-0.006423061705960744,0.6038783693907992,0.5169979446696193,0.004194463027688737,0.5693330850376696,0.5662511659152806,-0.007914561717765283,0.6006098465071795,0.5332242589801818,0.006446587627621724,0.6015172538458463,0.4984782215596528,-0.003868337653047815,0.5779585964588213,0.4969335912199194,-0.0030061417513930697,0.5553897811034821,0.5700810314841959,-0.008752817065702337,0.5897154851366536,0.5577995973098967,0.00016140920461604237,0.5640373091456093,0.512531667970685,-0.003918750122088766,0.554301532354073,0.5048034632671076,-0.005160254997843901,0.5743402843058367,0.5684078604604653,-0.004577205853343742,0.5490162027141683,0.5496064151028861,0.0008690051862662723,0.5564520353067736,0.5092421362267222,-0.0018877910477368733,0.5661756189930828,0.5016274622357966,-0.008604532589171203,0.5427523384633075,0.5700522522985179,0.0012745131135406956,0.5293275693652968,0.5352133451469083,0.008132095436831912,0.5647737248904339,0.5553194973549749,0.0019920820225365742,0.5536160284492975,0.5173729572023117,0.00033823304383001455,2026-05-22T14:13:58.520568
not_help,0.352494413821527,0.47006495555531114,0.0011361884045882793,0.3597217359000639,0.463320631936452,-0.002769655710266013,0.35684123709108934,0.44830160076409054,-0.006116429430000427,0.369454416027199,0.41062597627169545,0.004443429582829849,0.3926234419517292,0.3827703788439257,-0.0004656179908898231,0.3578691970883922,0.42438588305296454,0.008722502737196948,0.34029618955628804,0.41221180504981614,-0.008608935675593319,0.3408618905875433,0.38961716068454083,0.0005274463651108313,0.3588131040773408,0.3566789793455849,0.0014264170033006923,0.34912283815878337,0.4443426895657266,-0.0072042514695390405,0.3596677792891155,0.4283425987107749,-0.00979564652507521,0.3582293566112548,0.40856889148153414,0.006080573906462076,0.3551892392750869,0.3617503409530261,-0.0033887692471354725,0.3310816585458479,0.46660897927638817,-0.005232400085896632,0.33029655322981133,0.4298820589804241,-0.007057493441965658,0.30346336704210214,0.42331799416053084,0.002130277198598096,0.327181423211182,0.3765808585616871,-0.0070771525097602095,0.3282634179830425,0.44888205632479883,-0.0069880474409832385,0.3035797482152812,0.4517461433202791,0.006251992934697302,0.3127063428624051,0.4282012607624364,0.0052225829542496376,0.3175411228647445,0.41800328077275006,-0.0045319748456128005,0.4749832785011559,0.49328699411414945,-0.005330994516323122,0.44591431759326866,0.4810027232689186,-0.004112090373841328,0.40848773585745995,0.48066626497299153,-0.005082269915164915,0.42548253051060764,0.4385062227849324,-0.007966416608229316,0.3990272301273118,0.4290906908325306,0.005305005154424234,0.48045405948391257,0.45453169693789236,-0.00471345497163672,0.4833351592162111,0.4369962083463617,-0.007383421169974537,0.48576486993450474,0.42422344695599834,0.007365015103215128,0.5034140587112212,0.36879071809588887,0.00938505729512478,0.4494894091331685,0.4647744067382017,0.006502752278833538,0.4741923205518484,0.4321535927495712,0.009213182045665123,0.47952990282231517,0.4319384116459985,-0.004414819057263584,0.45259085284331674,0.3813149719899181,0.0010536633169378178,0.42722446087233396,0.45860219881684144,-0.004969481924743062,0.46487187093083965,0.46401792294059563,-0.006197939294902528,0.44002035201939654,0.4135721538163839,-0.0010797893337450744,0.4479769670025633,0.4229659060698037,-0.006091380476183172,0.4435874302498516,0.49535794666466026,0.0036490792983086724,0.41835537972916353,0.46693181643399084,0.008703712707262558,0.4167934428218313,0.4475432398331105,-0.00339888388508478,0.43952560126660295,0.4387934217175886,-0.00741536028077229,2026-05-22T14:13:58.520568
not_help,0.627758906593844,0.43328668502531037,0.009517432177700525,0.5939237008917213,0.4293803019365518,-0.007788612021686616,0.5959109446971063,0.40511841645129987,-0.004206873035768361,0.5730602208101433,0.35186489000967214,-0.00199359650751214,0.5852373399555861,0.35351138154772105,-0.00625066214310819,0.6611861120584561,0.40427139219077896,0.0027675586890822633,0.6465023398961001,0.35454461016795774,-0.0023925909199878914,0.6679245013884109,0.3472412191731462,0.0031326856656118326,0.6839938401632875,0.2945367044714365,0.00015349668159845772,0.641435496057538,0.4025864811231876,0.0003082593265617134,0.6548342276038657,0.3856290913587071,0.00550808745027247,0.6591249650454162,0.35491410110243865,-0.0006970476470463203,0.6618162554853777,0.3236700179070252,0.004331137024542898,0.6338213493360929,0.4086814854015969,0.0016844922797359958,0.6045859176571405,0.37958060245882924,-0.004751063144895635,0.6235990340556977,0.3399765256894556,-0.00217904946239905,0.6076988541749982,0.3093242591927821,-0.0025592366365387908,0.6218337485826855,0.39095621253350454,-0.00045090217699981713,0.6198075931541616,0.4042862869891375,0.0021277293670693073,0.6109560990870938,0.35400800299796137,0.0020475159625967573,0.589669876202967,0.33671131044836006,-0.00925773996959289,0.6365477577674371,0.4188096968020483,-0.009381110910530687,0.6621224256739113,0.4228819452655903,-0.000395650768428079,0.667551657180112,0.3993288630107198,-0.002865767973120408,0.6827404495721376,0.3651361304894676,-0.004788403506992604,0.71078427828793,0.35765246418651253,0.0028191613647993406,0.6759186060038533,0.3984915163755648,-0.007446149020983264,0.6736823736822783,0.3830772271579584,-0.006004476441890731,0.6740755923952401,0.3306202909310011,-0.007165701028116273,0.6380004030213285,0.3185597218003116,0.00915976483716152,0.6345964266428943,0.4129119537799609,0.00589644336111648,0.6250097302858503,0.38080766936889066,0.009912575361550454,0.6388742507684754,0.34824331727733066,-8.608604317999861e-05,0.6247166626784677,0.3189218072142085,-0.004394977340487724,0.6245339876622443,0.3946826331576098,-0.003781492967886888,0.6240066509143687,0.39643778636615395,0.009360729424519912,0.6143181130909579,0.36987576658900195,0.008951641194831486,0.6334085883342642,0.326885958810575,0.006416358730161621,0.5958560710611146,0.3985960937974435,-0.0012934988825970047,0.6107929691666282,0.39152560622553045,0.00864941194233298,0.5951465006048285,0.38922781291219755,0.007774010566489317,0.6084126650903153,0.3616390381130217,0.0018441737027002011,2026-05-22T14:13:58.521570
not_help,0.4760921791389696,0.5789733453807587,-0.0009155800177405495,0.4921039780535841,0.5667783034627708,0.005380362501124569,0.5273791049419035,0.5419310771170854,-0.00996737571738508,0.5269551336255769,0.5338087327848643,0.009150430661801675,0.5196735471608774,0.4903863716751215,-0.006115069595588465,0.5163395262188365,0.5574151554351454,-0.0011295994298985753,0.4948571074852221,0.5257894672239819,0.008760092742254486,0.5232355909076968,0.520242687827701,0.006534272051352251,0.5110675931313993,0.49062041791006594,-0.007593711642031358,0.48588886926835617,0.5522673419285293,9.968566659869851e-05,0.4900949141931683,0.508271348841096,0.0020799503547324853,0.4707975217370402,0.49568984294855145,0.002279191783811611,0.4954755551947815,0.48876292530904003,0.008583053765510057,0.4698747478608635,0.5623234740323552,-0.0022375953215415297,0.471793115650356,0.512304600337513,-0.00794930744692199,0.4830706074074813,0.5110826407806432,-0.0052553517794804066,0.4765978410261618,0.5041702665350568,0.009284285424691669,0.4718271465476479,0.543603477097387,0.0041883063729481005,0.4779824185950052,0.5373437302029719,0.005495659074136619,0.44643839743315944,0.521452582900081,-0.008769067836851123,0.4840260686322873,0.5209314171967666,0.004273168823217616,0.6964318370131869,0.3463528512025713,0.00864847998990591,0.7084949484576197,0.3238660636154861,0.003927089849840531,0.7385541600147133,0.2955862953731768,-0.006131841679251191,0.7471855204918377,0.2731016258221587,0.00016285803169170318,0.7569036998551081,0.2526067558464936,-0.008004513164610105,0.6817209912455744,0.3217492895785582,-0.0005406350507488056,0.6878341883896607,0.2655495555023861,0.005354024335050715,0.6867069667900483,0.25532802726819537,-0.003841897887951486,0.7134103187439119,0.22370277596670768,0.00012952375536080807,0.6888504964414139,0.29867444730849063,0.00539307484393472,0.6822412884032883,0.2759911828681335,0.0004066020907392224,0.6627130584902295,0.24414889218271957,-0.008615992430085869,0.6629081104208591,0.21153134948114216,-0.0036041469726170684,0.6734622117718078,0.3001131962981016,0.006716362949149806,0.6476329798430093,0.27429174413799806,0.008200015913756816,0.6738770296441965,0.2533326246791232,0.0022667984932473045,0.6563254494752321,0.23872739697847167,0.0009809986703359242,0.6490237979606367,0.3172762440737343,0.0009099651553671467,0.6654463644678035,0.2874800900922119,-0.0064378360781336234,0.6621616532316479,0.3023463524779404,-0.004750131839513949,0.6529059840105781,0.24669082952312657,-0.007472333788750842,2026-05-22T14:13:58.521570
not_help,0.43891064963570725,0.3960142861773278,0.005511864862332778,0.3972797560880922,0.3666998066496812,0.004976276986781736,0.4029668201513802,0.32617591252184797,-0.0020415276548776014,0.37922885917136595,0.3279537000059025,0.005067346253058465,0.3869245694757466,0.31227005271588,-0.0012947839734647748,0.4807044784693739,0.3673793908731891,-0.0007877134830097613,0.44733403161234686,0.32613305548590826,-0.005533867136694785,0.4770991075722202,0.2713417661926689,-0.009053890435031773,0.4754931927403927,0.23311643585439515,-0.008101105180578171,0.4349807746953011,0.34893508215570085,-0.0016163160104338756,0.43618578434770594,0.3250666410946394,-0.0030846645799480774,0.4253792863771112,0.28424582032538853,0.007772587372239207,0.4401378675163397,0.2394625537716297,-0.002577310503255186,0.4008891008855854,0.36968702555088095,0.002321768781788228,0.4246576291784544,0.3310415946031315,-0.003964875447741629,0.42757054041795095,0.2872583464578519,0.005537270037718468,0.4100469793166633,0.2724829357482656,-0.0005431198573989035,0.3838495643582424,0.3709916029244726,-0.00794542980154898,0.40437953443327695,0.3227857065756423,0.001613109854345646,0.38379403186058964,0.33650937455885493,-0.0018433752279517854,0.38806357533506125,0.2869127268167615,-0.0018259103432698032,0.6341610226091375,0.4934076207825482,-0.0001227316067770618,0.5824379519548307,0.49265656103691546,0.0002518412272296752,0.5880736412312388,0.4784737701346606,0.008720859678271619,0.5987583494193752,0.4489732368960084,0.0037054977750698177,0.5975999168881581,0.4574261679015821,0.007641454878047104,0.6108790532708602,0.4600347055802218,-0.005642435590777768,0.6485087621571709,0.47521785980238035,0.0029595086937980273,0.6321839317021283,0.4354535676591144,0.0021607697679041724,0.6150758932009475,0.4273341401486435,-0.0009826047805257861,0.6179764624184355,0.46515963801870147,0.004569806074078801,0.6360080653043013,0.45575301951791086,9.743329077371334e-05,0.6058999228645161,0.44687601065348836,-0.0058218845217551185,0.6033588465581937,0.41960139808386165,-0.004179122075503923,0.6122149863665219,0.49886851144917105,-0.006669315743053848,0.5935634597397275,0.48212346606134865,0.0063269426425626215,0.6225285643250575,0.4491277018735785,0.0005839537501897522,0.5941053323191061,0.447801584230093,0.004794055142769657,0.6071768737063332,0.49910667383226054,-0.00671802531012125,0.5935412315452313,0.47918787349941233,0.008894708094302756,0.6145772574959837,0.4767704885315882,-0.003956150701953991,0.5869609218889886,0.4358763803760568,-0.007300858684938863,2026-05-22T14:13:58.521570
not_help,0.4761677048442523,0.3554380756421749,-0.002659267278802244,0.4320490737852894,0.36565713493479873,-0.005377095868001107,0.44375230719794845,0.33263794553443926,-0.0063804264431255135,0.4035593113791291,0.303359329514011,-0.0007206586463186643,0.3966465844203395,0.2769272504741669,0.00013989337995894656,0.5115553318326912,0.33851019882748434,0.0057895392924884655,0.5007852286616005,0.2996955987020749,0.004136714100508518,0.4868199225382155,0.25398271458651417,-0.00522033289318621,0.51465967663484,0.24347066488706517,-0.003657816636518072,0.4893498223277282,0.3425997027261588,-0.0018866108015838587,0.4889925583900123,0.30737405945866325,-0.0036410204146991344,0.45604599206758384,0.2805569072560638,-0.007720163477759336,0.4566770701297657,0.20862192916511582,0.002089050896651252,0.45089342613832945,0.351484981873302,-0.0019083814713894316,0.4681212850067431,0.3293866667092352,0.0004882956311021112,0.46406683711875435,0.2784169101211937,-0.005424543833634328,0.44790039904329426,0.2615284601412607,-0.004984965041360212,0.44888975577764384,0.33793091232861916,-0.006959440246350148,0.44067635056221893,0.31138261035914694,-0.006975212001306011,0.4264732464008614,0.2804103939812557,-0.007077294231840328,0.43488987458020234,0.2871401214579651,0.003325211997158071,0.4414179073748383,0.7364445237437667,-0.008310097619327467,0.4770177839958304,0.7049845540224681,0.007349736684886208,0.48790517997573535,0.674249888928433,0.006176425502088046,0.4862878465521923,0.6624018776734697,-0.0005699417716180412,0.5094046873120561,0.6401905810743669,0.005308439075130896,0.47535483475213797,0.7134255868513661,0.0019009453183593036,0.4710668089789292,0.6497661979961411,-0.008860764613407355,0.4841657115369976,0.6190934083492431,0.006893401604256036,0.48005302644068854,0.5934455092771416,0.004589924009893876,0.4482774934857829,0.6897054046653471,0.003553303306329218,0.4446245891472503,0.6494169960976331,-0.0026414695661196143,0.456354992096585,0.6414080837549418,-0.0021395564137461614,0.4409722265073394,0.5911325240445784,-0.0029769663430075834,0.41118415247259854,0.725637331075693,-0.005264721557099443,0.43160170048291535,0.6590950965470492,-0.0060383092952381425,0.4177084677726333,0.6671074154130796,0.0035203382853074647,0.41196420326678224,0.6242214481092521,-0.005254085174671581,0.41587727132621627,0.7152363432969709,-0.006361600117365997,0.4114055743418431,0.6704515966681446,0.0025137435829769676,0.3852593305391008,0.6602731543600071,0.007784668149443801,0.4027253968319945,0.6251574730608602,0.008440269051268596,2026-05-22T14:13:58.521570
not_help,0.6495712726250559,0.49224571735000716,-0.004902836151846133,0.625126141456543,0.44339587610122483,0.006094561290152652,0.5995095970952435,0.4549980290778913,-0.0043419893355854475,0.5697052066110263,0.416981848494973,0.0031658942675975195,0.5763642154631188,0.4090758089892234,0.008080989266574594,0.649660105459512,0.4442344670810185,0.004568183575927571,0.6736178964312127,0.42956110768223427,0.0003994773594306576,0.6654471689687379,0.3919097241681644,-0.00015398137380834287,0.6675172931420539,0.3633638173324236,-0.008778213566222787,0.6561259246944608,0.44860155916095834,0.004479579332925244,0.6322492986762486,0.4066746114946087,0.008921808836955291,0.6610373987277164,0.39097316672742743,0.009930702761887069,0.6319498063790223,0.3427681892992135,0.0019953199604384863,0.6268169774218458,0.47003880979034746,-0.008705225308105382,0.6276374284321262,0.4079360893505647,-0.009644066893204642,0.6025027412000077,0.3806174004055557,-0.006930422808725543,0.6126954997833118,0.38716110442781954,-0.009382271633500432,0.6088053024236458,0.4442757619239154,-0.0055851071250983325,0.6046745052722677,0.44393987492986065,-0.007354968621940139,0.613291462114489,0.3967456845105081,-0.004952740172034038,0.609171452041638,0.4036631928796364,0.006253485674755395,0.18404536072356417,0.3294395697122701,-0.009271947065258666,0.22700009129193197,0.32665482722196765,0.009281318582664838,0.21641050463369033,0.30616102655352745,-0.008330703658464795,0.255902446966215,0.3146432821819443,0.0037636136509069783,0.2576374083531062,0.2947170574141622,0.009666990607697342,0.2078798874826026,0.30969341552604457,0.008319640970218664,0.22208997431379351,0.30618691790640346,-0.00565082541115705,0.23615456254649872,0.2712699696197172,0.0020596712788017203,0.21918832316529502,0.2693788645956052,0.007209056793586058,0.22069912392870275,0.32143640327633205,0.008100698925313463,0.19974664165658762,0.3027645973588852,0.00949744038520088,0.21035599799607752,0.2780657341703382,-0.007985075576427842,0.18649894984827384,0.2652777227378793,0.0033837319801214138,0.2030047960461909,0.3100322280349727,0.008909794804055274,0.19360129903078005,0.2909136477825629,0.0018159670087911188,0.18004725575718877,0.3036313879745545,-0.005232223600407062,0.18067872597307433,0.2543240282647403,-0.005626286182074205,0.1620157553804567,0.3060346806415029,0.009127541519877337,0.1707101490074918,0.3201617966378515,-0.0057211372161562425,0.19455343729840563,0.29344284917584723,0.002508988026845505,0.191688821027804,0.2777059785036044,-0.004405428676884711,2026-05-22T14:13:58.521570
not_help,0.6534181102889574,0.49195477998979387,-0.0026415319979085214,0.6379057704139436,0.490402494908081,-0.003909986827880354,0.6144510618248303,0.48258604607808775,-0.009700648426273892,0.62186400513755,0.4577370344561922,-0.0027750127593832727,0.6063768430116558,0.4083341429645268,0.004903282572934578,0.6551937163727383,0.4581023586143022,0.0014132769897136493,0.6900174926867907,0.4440715352866222,-0.00011779563294343591,0.6562584414648074,0.4016797081871075,-0.002522430561909197,0.6696180966216585,0.37887589455260945,0.0072889479313021765,0.6723943352278177,0.4609543847299198,-0.004314365750781315,0.6454322592254019,0.4352747588725138,0.00817667818445002,0.6565206576068136,0.41865647597783034,0.001399878048197592,0.666250296126571,0.37344396445323697,-0.004662442807761564,0.6517842808839114,0.4830757774910927,-0.002196159445831276,0.633424164116569,0.4430876035666549,0.0015225888609748175,0.625548617192503,0.44129615437049763,0.0016507756994974792,0.6544702976833056,0.4092344631180432,-0.0010432741454624514,0.622605413405554,0.5000237519319374,0.009913909841635126,0.6013031813123603,0.4462804753995257,-0.00778530214125025,0.6019636479549705,0.4419633357509074,0.002202724647258564,0.6066600335026602,0.41304046951839796,0.005852010753258264,0.579764837500225,0.7090467421968107,6.52968744532384e-05,0.5761200115785461,0.6958811091795087,0.006165079603844529,0.5387123152270858,0.6760346954393552,0.007229341457663104,0.55419594814441,0.652701872379603,0.006882629441588442,0.5251130178341308,0.6499731357934394,-0.003310026586272041,0.6112497617869915,0.6896395552742237,0.003411168342936966,0.5774103893627793,0.649639142334073,0.002135389302979995,0.6069470676497477,0.6522417156568878,0.0005311876704757017,0.5859728777200837,0.6234050154255618,0.0019847117111370643,0.5892572567225903,0.6986887885033486,0.0033682149241219504,0.5665799961493889,0.6811523182601344,0.00939667442307175,0.5615418425433581,0.664038332930451,-0.0028942582019892173,0.5717619996613471,0.6202025969689047,0.001137248189100151,0.5802664152878808,0.6995359119600978,-0.006630502908378289,0.5649296241485946,0.6594094902969999,0.004307709653205864,0.5676717907440546,0.640419593121429,0.00910122811200591,0.5762787253625693,0.6335715361998,0.006506221788326086,0.5496297861674114,0.6867799464058744,0.00934741698985994,0.567032216736476,0.6643824190442583,0.0032202081024059904,0.5608831915024564,0.6505204710659773,-0.001034940010402276,0.5597112690367948,0.6556139182397367,-0.003779001833115932,2026-05-22T14:13:58.521570
not_help,0.6591268514319861,0.4181597450891854,0.006013052541263485,0.6255202383710242,0.4000375891765107,-2.2286315110153082e-05,0.6023806348542997,0.39053216860436185,-0.004020957851367253,0.6190716988034356,0.38713428113785997,-0.005418047011127936,0.5793431227938913,0.3457553026397872,-0.004850523585987852,0.6469662410905141,0.39068490929541133,-0.008158644597600694,0.6749075706986244,0.3645016239336703,0.006890885499869567,0.671740348076559,0.34980277780462116,-0.0004432436199133579,0.6458193961681821,0.34133337157309607,0.008524345953179526,0.6299741518561194,0.4042293545476383,-0.006640040403223353,0.6594215435048215,0.3693498852757527,-0.004618479069479015,0.6489038506610965,0.34650893672507144,-0.007944516225262314,0.647683264300033,0.32383517003308127,-0.007137103456669331,0.6245268899215692,0.3818158270150991,0.0024058317783526312,0.6246096585401343,0.3755156516264419,0.004479381430408441,0.6360207107302236,0.3652552961338788,-0.00475200545413835,0.6133221398680202,0.35911034679752357,0.006734179485569874,0.615513379185313,0.4043850223679634,0.002134331078206729,0.6345460500524502,0.4039868005066121,-0.0018562482085909323,0.6331366960422253,0.3627253139204479,0.006167558718454527,0.6235781387592183,0.3626814398613047,0.0032589639838540626,0.4937817095801462,0.6302512642782404,-0.009483370491157956,0.45189540257515515,0.6071225610647878,0.005332599047757024,0.45592197550459634,0.6084140402297532,0.0015026755928590745,0.44521722333385827,0.5710061970631907,-0.002761591713568874,0.43606746500288995,0.5718460252892934,-0.005792420273507522,0.5163342094503216,0.60087195399408,-0.0005530446492962617,0.5038820711279213,0.5785888566374102,0.002662533819311941,0.5050673103949516,0.5571609414683107,-0.0004743518980213617,0.5105973053963828,0.5259783953836142,-0.0004977157185333588,0.4787359663737036,0.6046405718984108,-0.007982198993042314,0.47995043081163125,0.567322919700082,0.0004913399610396024,0.4971272296249103,0.5758899967132634,0.007358762449852034,0.485906577453247,0.5154546283353251,0.0012835693782261778,0.4685544279020284,0.6276379807632501,-0.009967623171099994,0.46855814608436114,0.6029230917322995,0.009414858085975484,0.4427517073050751,0.5593804892476032,0.003909280983199554,0.4526790553353062,0.5510445787245962,-0.004532578667769669,0.45108106243844487,0.6281027943315143,0.007914130023426462,0.44862234707980087,0.6208137389492784,-0.007977085654970142,0.42576098805124957,0.5824813315155326,-0.006388544666419572,0.45514808125678535,0.560305364332229,-0.004703491086813933,2026-05-22T14:13:58.522571
not_help,0.6318685208745377,0.5163805655476944,-0.007169766062291776,0.693361234325758,0.4710004816130467,-0.005431814614641797,0.68139622700598,0.4463473721102877,-0.004967309076854558,0.7083325789794727,0.454821215945701,-0.0004930900119418952,0.6963496592898958,0.4137462365166253,-0.008626923267822079,0.680695220183096,0.46563068648008743,0.00416206313828996,0.6498521614220101,0.44836221258994197,-0.004506855098026808,0.6511575357333824,0.4009924405164772,-0.005822403503473954,0.66507501173958,0.39777703091709615,0.005644057610910006,0.6348828857275471,0.46819528137181665,-0.006549885436830027,0.6485926937998414,0.44939444935547607,-0.007734304745851546,0.6366748018582001,0.42599176433054364,0.002500060079615514,0.6588219425871884,0.4030753080556699,0.0069613660487334045,0.615571233282305,0.4566718133210675,-0.004775069098906559,0.6487207832356386,0.43928818993275126,0.006669104234720299,0.6324893432795141,0.4270012841752279,-0.004917397759259146,0.6156175807575884,0.40680552096357203,0.0013721777456156894,0.6278781797185893,0.48063744260946156,-0.00470625970918533,0.6198328090248273,0.4617815074951708,0.0005528695369023846,0.6040516733244832,0.45993747840754345,-0.004251019892856958,0.6382977176452282,0.40631597231009253,0.0021470651314470807,0.4825761158659092,0.4623896793465656,-0.005314253648060498,0.504346783784296,0.43764177874513255,0.008398098908536931,0.52519767149175,0.41006225546810243,0.0035679448820783426,0.5406307399788711,0.38815653255099614,0.0009843298081639099,0.5349792466337632,0.37971716470482186,0.00573535051094703,0.4740384728041153,0.4476919520832523,0.009860577534318979,0.5089619957639483,0.4172630808548622,0.0033824117076115493,0.4939143255593269,0.3692224838363375,0.0005566810134338233,0.47280033018600653,0.35771462257459763,0.009898884494552075,0.46136227366737964,0.43053608180071545,0.0023479524463238827,0.481308230223836,0.4072957778370034,0.008934383893486832,0.45951741294123655,0.3942799922428751,-0.0001599368878792036,0.488574439203503,0.3226564082544828,0.006885523798291245,0.4561665957894071,0.4423995659024786,0.0036764857272879956,0.4645238194799382,0.4064698532145013,-0.007406868366936088,0.4657353076528844,0.4055007399868812,-0.004764915173232554,0.45439814609317286,0.3710160863832026,0.004100052359643787,0.4202396431315521,0.45312844767801375,-0.0025041057173676596,0.4382634134612313,0.4489412882356763,-0.0013139216466228239,0.4156891430942487,0.3974556770342943,-0.00562602186831705,0.4358747173899876,0.37841495025036875,-0.006573795981607102,2026-05-22T14:13:58.522571
not_help,0.500454728714044,0.531107673781661,0.008819881061094758,0.4686559604954849,0.5296680058617236,0.004986718106440779,0.4897460906138328,0.4869144895378617,-0.0057356202223688936,0.4588521546743642,0.496450832378104,-0.0055292240082273555,0.4476472311184919,0.4627022036283715,0.0016695196519803043,0.5252137508120891,0.4986056441690367,0.0018594104274050356,0.5174535571313961,0.47522831456133696,-0.005917871309357805,0.5057415644573645,0.4646493904250187,0.00831503722082119,0.510146365903358,0.44681809855837035,0.009126904444393088,0.5036461071287069,0.515172782037063,0.004422952447664403,0.4835433354275354,0.5074049964700565,0.009840974805218455,0.5184636386051932,0.45891222687784056,-0.0005074751577677002,0.49441261581492857,0.46813093223544183,-0.005947374649060113,0.4867240421157474,0.503714866593323,-0.0029040868252163078,0.47505170063056285,0.5020832416266346,-0.0004487055914191157,0.5009037531870846,0.49078586088937093,0.004782974757496658,0.4795431243018002,0.47143304646846523,0.00016598988736435914,0.49854722937152457,0.5351830022809085,-0.00875031828289144,0.4875530042014088,0.5040067091639461,-0.009086086065454201,0.46582736055886925,0.49409914301885716,0.000432787099064311,0.46182814028685176,0.49312866174492576,0.00529128989975511,0.3420400898445933,0.4068112519930949,-0.009001633687800515,0.3163922909607405,0.37120922659355343,-0.0017777680032897876,0.30435213281695667,0.3541741841107966,0.0019549700631091675,0.3217144442633728,0.33783306151670883,0.0030385378076983587,0.3136238953260291,0.3221757413069401,-0.009679931847810004,0.3624052931870846,0.3820218957676039,-0.006051824202951936,0.3719733788665436,0.35036195580805257,0.0016595712134347164,0.3626549744438228,0.3408102348277889,0.0008316814305024105,0.3472961404877285,0.2967086563782807,0.009646936743746571,0.35970466475646234,0.3681750376019847,0.004822417486898307,0.33670017857737744,0.33452231984818326,0.0005521093461983134,0.3435518861741317,0.3398745557618869,0.005723672905975514,0.35399054083793474,0.28787687244035465,0.006724846324946238,0.32457489759776126,0.3671079356353785,-0.0014630215328520092,0.3494154796235138,0.3744563440425567,0.006482837743938466,0.34944051779268365,0.34221848969563684,0.001822346764233776,0.3297461427821884,0.310886728279139,-0.0004859466423272965,0.3139186945048398,0.3662824784504059,-0.008193221279461163,0.3338609763458027,0.3567403800948798,-0.009642959703112457,0.33619744246267885,0.3458591146917568,0.005790034669506007,0.33476010377928683,0.33102561926513757,-0.0024954993404081253,2026-05-22T14:13:58.522571
not_help,0.31299334829029757,0.501375967025323,-0.004750239948515238,0.293538115745876,0.493939415308353,-0.003784286467019453,0.290745810636502,0.5127400541533967,0.005450680088422867,0.2922484367714151,0.4825617852405212,-0.004835146806822972,0.2994965197543916,0.45173928632136856,0.005128003768610386,0.33137923551663384,0.5024094896442021,-0.0004334119000168838,0.331988873162095,0.4984491946618102,0.00013721796072421223,0.3158806220850428,0.468213162056245,0.004633288653521861,0.3383519711810427,0.43886037965868774,-0.0014741984839151071,0.29963283750397063,0.49281700538995754,-0.0022978940474994627,0.30651117886394563,0.49793673980916797,-0.003966414511193191,0.3061770888061937,0.4565116273921409,-0.0020256845737319177,0.31110360481596666,0.4306746400320948,0.0062830665061796385,0.2878636466340033,0.5096812009548439,-1.4285279845017984e-05,0.31837677204435727,0.5047008166889814,0.0012770844642411,0.29492891339318766,0.46653980888138624,-0.009504894258200685,0.29474315082229297,0.44283639648930545,0.003372186527103381,0.31533362764170725,0.511096015865873,-0.005543752970375284,0.3112124130395273,0.5055636131679242,0.006786746340495907,0.3008224525098159,0.4681968362464745,0.00014115087336249305,0.30530999111556567,0.4754410178212313,0.004146759888169878,0.4244666737122731,0.7193478108983193,0.004736148135072853,0.44288517917251313,0.698896771746772,0.004217744341105896,0.4643722088814164,0.6864645600500816,0.0034896317775660185,0.45369675609565085,0.6470303984647116,-0.0013421080939242172,0.4814561626976273,0.642043484674995,0.0007994188763068549,0.43451937130638624,0.6812675938762472,0.001498370636802384,0.4511302057554131,0.6734263836288465,-0.0037993041699291834,0.4485464031379097,0.6478255350127007,0.006905993390135328,0.41825315299824917,0.5865330129295817,0.002328679983364494,0.42766703833483055,0.7009191298133484,-0.008392737976442036,0.42254604902933773,0.680142810692243,-0.009169845911223828,0.4024789574438467,0.6214505165022115,-0.002093649808092412,0.425621460627108,0.6165790417491089,0.007313374750643883,0.4089647003609268,0.7110524793945618,0.0011873638747091683,0.38959294314308757,0.6854377466311347,-0.0022924252056002346,0.39072404338692107,0.6609629144943457,-0.004995987834493414,0.40111109083053287,0.6294079805455975,-0.004291194190663463,0.36399166499295543,0.7119013348968345,0.0025535245170989172,0.3627722209071711,0.6758543903545435,-0.00891589787832703,0.385062125184516,0.6623450181672876,0.006750391598591704,0.38941301965187386,0.6417877889008486,-0.0007619364948147529,2026-05-22T14:13:58.522571
not_help,0.5865377113402872,0.36857142696927503,0.002140741754963286,0.5577277990128496,0.3750649960294387,0.004053037743585744,0.5490482477657319,0.3330636725304817,0.00568883162792007,0.5087065727907294,0.3424239456518936,-0.007835534688451993,0.49308804474974866,0.3077487332258558,-0.005543010454670612,0.5947593688445072,0.3478374811009775,-0.008333729816133482,0.5837620896158607,0.3310260160359425,0.003924771185692398,0.5977205917886388,0.31185258738071187,0.0010175821952464609,0.5672330907674507,0.2857079107562024,0.007293718571113076,0.5752288697168704,0.3599712192310738,0.00844866610899313,0.5781617491867476,0.3101955610177345,0.001334999453978209,0.5665968047108879,0.29888708992813284,-0.005173815824453363,0.548856140676115,0.2766832739701131,-0.0003448946271843358,0.5582003831260087,0.34694832626734845,0.003007604543478615,0.5530344419745346,0.3406494992515743,-0.005645663361016764,0.5675194193234623,0.30508407545518285,-0.007468391713284715,0.5580051274358375,0.3054992007174537,-0.001161457542902207,0.5465037410450192,0.3514190471385215,0.005054622604993911,0.5419972423688646,0.35377502767407165,-0.000362000734208107,0.5169065742583301,0.3364299862925658,0.001286685509740211,0.5511822207288914,0.3268180587304052,-0.0036577196903871444,0.4003767747776157,0.73033052494274,0.007744908494898247,0.40271532486292794,0.7073478885835737,0.007573274684513477,0.368722064448367,0.7204430923136734,0.007559645125541374,0.36738723220493746,0.6754570308013093,-0.004271117654461838,0.3618500813113823,0.6570991958236351,0.008683115949882995,0.41570123594233827,0.7080833222972992,-0.009031459408870134,0.4413646688121992,0.6994321556316484,0.003967468276167618,0.42942175686269346,0.6868661034088016,-0.0007440735876389319,0.4197632706150529,0.638734510219971,-0.0032474212265487254,0.42342242145756526,0.7248336886266101,-0.005713471822024856,0.4077174590836225,0.693675799933337,-0.007693587974645084,0.39806922473523165,0.672494029695415,0.0061405799803192235,0.4170596266259767,0.6293319697985428,-0.00895282623691684,0.38306965701590845,0.6992603024597596,-0.00048156231472552304,0.3951838974906168,0.691480739786039,0.00763155034540307,0.3995932233168559,0.6856890647042766,-0.008113698079777534,0.41347040518625683,0.6678476882633708,-0.008335115063588644,0.38954584282170285,0.703680794496208,0.006698066285211161,0.3717422818639303,0.6964707770343161,0.004462623425580563,0.3938436826836843,0.7086991075509632,-0.00203600567873417,0.3824910313749759,0.6849501856572957,-0.001745181421890155,2026-05-22T14:13:58.522571
not_help,0.6467185546226665,0.3472109758470136,0.005297585712415006,0.598769303245769,0.30419055473867024,0.0017009908581965012,0.593712112630907,0.30700726232297865,-0.008506438504475697,0.589535478052639,0.28709241561582355,0.0058752478134181645,0.5766827135116578,0.26671543387929225,-0.0012303025320697884,0.6491793367429964,0.29364204246091313,-0.0018630043637401401,0.6555267470786427,0.27473137245593926,0.00636208120186779,0.6682153566967513,0.26898287990388453,-0.009037399988541375,0.658070671595956,0.2299666150555202,-0.005736107353939619,0.644288260756828,0.31862673051329343,0.006639933407068728,0.621861864990486,0.2839899400538785,0.008159104666585875,0.6549081680277811,0.262181738765961,-0.002498687593237423,0.6185805876557786,0.23075085514974905,-0.0034842473717528978,0.639800028193544,0.30096339840452413,0.007435785152561278,0.6312243681012555,0.274099135911057,-0.0021664353293893487,0.6418898261540747,0.27678264582046236,-0.007672843851745499,0.632171045507039,0.26955745854933416,0.008505862324638699,0.5962995829413827,0.31571894628456565,-0.001950195764583525,0.5935022028165954,0.2976702147712755,-0.0078053815953326305,0.6217549022622093,0.3027249002390013,0.0013900996409931653,0.6181319455562873,0.25661808472194525,0.0027778065738420926,0.6633017632182429,0.7546130487681411,-0.008513542516536562,0.6978914971388447,0.7680088488369694,-0.002876514637379224,0.7273608560752409,0.7390097386331574,0.0021265953544391345,0.7150296467827385,0.7100011171637708,0.007745098454431146,0.7545090371747037,0.6650172011695232,-0.0057898750995248015,0.7002053184596871,0.7252276175319993,-0.008552517308946045,0.690549265930795,0.6855259072444786,-0.006279754242555115,0.7093300164169489,0.6513612472351911,0.007688554556898356,0.6822489877750011,0.6476330926102343,0.001126699060058911,0.6733530795732943,0.739635582734469,-0.008591411115479595,0.6873274580846956,0.6982233312067787,-0.001821383410515966,0.6817602745427547,0.6862682301180231,-0.0005599344702510497,0.6757487502927054,0.6245810775526887,0.0011649457712939858,0.6541526779747148,0.7344969879511776,-0.002466014560748555,0.6376063360842852,0.7311649355797041,-0.0066318694411025315,0.6440486459056366,0.6727164913315962,-0.009397492909257088,0.6452182857926813,0.6609957047964858,-0.0012617507081783084,0.6227286611575247,0.7577659876302304,-0.002552424920691539,0.6317924204947571,0.7413125254906945,-0.006305053629127009,0.6431591478653613,0.7076477134003947,0.008836371693791088,0.6506892521003937,0.6693371550264958,-0.008121531388024628,2026-05-22T14:13:58.523571
not_help,0.587511391876133,0.47399066398365514,-0.005453082159358869,0.6205196609414932,0.47033145267401816,0.002564600470184095,0.63144030953307,0.4341417135902451,0.0039996962550107335,0.6324745695498671,0.4183490548557519,-0.0031240862711896765,0.6367881663022382,0.41599544011990947,0.009898502153469413,0.5922043083598826,0.43608479924479215,-0.005158957510869234,0.5967172184000975,0.4112177021648847,0.0015908537538319792,0.5970997479389136,0.3980880432622833,0.009607638420447638,0.6133479997615957,0.39087237339848663,-0.0033650959614168023,0.5657007550010802,0.4525877409843241,0.009816573192237792,0.5704476448935654,0.43610127815494365,-0.009014399088686105,0.5739013801072271,0.3863753118430147,-0.0034392255438767186,0.6019437270810789,0.3933251909103355,-0.00450536801601876,0.5800809571201074,0.4544913452537542,0.0023869925602592306,0.5671702182959028,0.43925315468147075,-0.00033774043201311235,0.5880879574544532,0.42817773124072644,0.0003451855350405427,0.5539563042323239,0.39433506788125033,-0.00992739566366754,0.5433229763409956,0.4450674720293145,0.007468085143357209,0.5383671756109505,0.42165389917712465,0.002460375943106939,0.5466941127383743,0.40640188632989727,0.006301969384747983,0.5686053471581539,0.419919444486469,-6.588390589728349e-05,0.5147876999311853,0.4447185012532777,-0.0007232012211464429,0.5480272134881641,0.428029302078556,0.009403326646822538,0.5644619083044377,0.4160781272154393,-0.008355842900376265,0.5748620391210928,0.3701849896770845,0.006406576295643144,0.5781687641161388,0.36121567195619886,0.007298292930016685,0.5584951258571724,0.3994439143636036,0.00967592182860135,0.5389365473150803,0.39528690474244726,-0.007867384353492468,0.5344937475816902,0.35922414017100684,0.009477084790772855,0.5446501862298578,0.30083408486129887,0.008253275811271247,0.504212377448103,0.4169822156582445,-0.007674220055421805,0.5300118126040718,0.35854581006201885,-0.006003991868628282,0.5001212241200046,0.3519349653906308,-0.0035348608539561097,0.5106727773113394,0.29238078258833206,0.00841126860153424,0.5155475459218846,0.4340526508063762,0.008776581611162694,0.4987134003383344,0.4066781942709033,-0.003701781744225437,0.5023601933108628,0.35290508931496845,0.0032509068119995835,0.5058735789911013,0.3417394642529118,-0.00538476644292651,0.47474374542746084,0.44225826794246204,-0.00889195557621246,0.45986252626265517,0.41580826470466464,-0.002073960815379439,0.4798061497791931,0.3599305531231257,0.0025349935196299495,0.4663130867230724,0.3692986930674699,-0.00227662018546438,2026-05-22T14:13:58.523571
not_help,0.3587329284895423,0.4454493249191575,-0.0092271619568509,0.4084268668077939,0.427626825868495,0.0004973308541434632,0.4147381822016804,0.3910137442698942,-0.0028760416826261025,0.44298285684511435,0.38446816332439787,-0.00937348300765328,0.43338162396406893,0.3472676449922214,-0.005284852423067723,0.3961786772980576,0.4075934118875643,-0.005824931163657941,0.3975139310603495,0.37652546567736894,-0.00412683836514663,0.38705343818387783,0.3290757496011588,0.0035453381083559513,0.4016191691514024,0.31250508997626214,0.003882149908463313,0.3915307243523635,0.39936673687720026,-0.0013840256623852618,0.391876308799632,0.3715442169298092,-0.007436268378055168,0.3658998044299439,0.3291586342528792,0.004985716209090045,0.3869896009451495,0.31634893241690853,-0.005643934158871913,0.3539202354838217,0.4184755537140132,-0.008483428063004792,0.35938189601762605,0.3679581889780696,-0.000985715057172572,0.35610700289283287,0.364295407361595,-0.006065812809913327,0.37324169996651824,0.35525765152017647,-0.006535789210913443,0.3434222710291813,0.41892259849083163,0.004727058810676985,0.3380232309816909,0.3819395310094848,0.0006163923369103333,0.34608642717457233,0.3546223627602717,0.0021395904021733955,0.3632836510793629,0.33545459048185344,0.009506109030968326,0.47955682629178503,0.602591116641535,-0.005537929735437299,0.4937336208544949,0.5765088793645544,-0.004455105380106293,0.49120007503959606,0.5801464091648935,-0.00570114913710563,0.5208071702128088,0.5552153555364835,-0.0034822837881573806,0.5332388618604712,0.5588964878312892,-0.008498825210373769,0.5082555305024408,0.5907822070373373,0.007901309561435988,0.49748471529538807,0.5552238898902714,-0.008247076729628025,0.4845600087558013,0.5490401270670789,0.003533211256652187,0.4882590918989621,0.5212179600173785,-0.0037431399145610358,0.4639437540904116,0.5734760633770337,3.255965842062156e-05,0.45968529076274256,0.5488931187400288,0.0027172401097760226,0.48861895103632064,0.5416112592616643,0.007816997576086707,0.4916080899644518,0.500031827664854,-0.005540522368706982,0.44886162339386143,0.5869683899029475,-0.000784578102321425,0.4658635324494938,0.5509243352113568,-0.0010924904101107073,0.4402457685999928,0.5370479210901743,0.008375121682714265,0.4702450134250619,0.5392128950754932,-0.0014571967816680263,0.4323257310682272,0.6002703752489511,-0.005168678260051491,0.4472619223825636,0.585491622272912,0.009944545584461744,0.438611473852767,0.5717372446000245,0.005073152528190355,0.448110297200523,0.5573926112954559,0.003356306884638862,2026-05-22T14:13:58.523571
not_help,0.3232557092484375,0.5120992791195839,0.008652137671899615,0.37376848486981123,0.5038089234493859,0.0015447745724626039,0.36298525721089336,0.49448140122012796,0.00015328777514335076,0.3863627163207723,0.4787524576190884,0.005762111571485576,0.3946943577617572,0.4462293401369055,0.00557256998407776,0.341939111658081,0.4985629629802075,0.006970334737914344,0.3386064413273004,0.472207094172242,-0.006772591546412203,0.352869087232725,0.44021977944585955,0.007342642375991323,0.34784430453598914,0.4238459189731434,0.002316499524439271,0.33086694058018673,0.5034548735218064,-0.002012703577061301,0.32491785802473266,0.4730806045235959,-0.008386168561235408,0.35244700347484503,0.4403818092500109,-0.008310453821033677,0.34462673329030197,0.42673512088175597,-0.0010581181924564764,0.3065012888912707,0.4958304072406521,0.0033862987521910675,0.30658597301598356,0.467851455807853,0.005537980301051168,0.30214883631174094,0.44458625123690676,0.006824018796902956,0.30734912479036697,0.41486562351519213,0.006774209189680488,0.3016834808465857,0.5049228257110813,-0.003580974815222686,0.3132498984113527,0.48231050897335714,0.0011756276170831522,0.300797359205934,0.457958055998899,0.003146538034047632,0.29510866595210516,0.43135676818587265,0.005882453054978696,0.3193210735954112,0.4324823498463056,-0.007170022524775643,0.3543522313579681,0.4417009667445028,-0.0073058743539940445,0.3470520345667223,0.3992337625704453,-0.009989638639236288,0.3512189003913057,0.3622638474886632,0.0024563167310730823,0.36222794757143906,0.3504400352204231,0.004081273191167167,0.33873008627368406,0.4311885112567338,-0.004905050323130262,0.347320334618599,0.3891998483393264,-0.0067982652636539315,0.32832609844249677,0.3565977088133795,-0.0016863168325339916,0.3489536549632447,0.32242783263695246,0.008202367993498773,0.297917131202099,0.4034060326054957,0.007981610689455654,0.30530800144460785,0.3876522462785228,-0.0088302734076375,0.31489744961359584,0.34105818868291327,0.000772630992501579,0.31295986529038666,0.3115238203436017,0.005937789821087372,0.3043405882089598,0.4080412614295472,-0.0023466354696807116,0.2966306008981958,0.395581693020143,0.003916942568772421,0.27732125981179273,0.35323010898894747,0.0001672085676901608,0.30177583583279355,0.3222126970645263,0.006917297339536282,0.28431383331208404,0.44336323379117326,-0.009335886036959406,0.2952400194628163,0.40438498552253893,-0.008904856548931344,0.2688221300327685,0.36714444588637607,-0.0014255315827322607,0.27246080110727844,0.3725078803481583,0.00153142729514605,2026-05-22T14:13:58.523571
not_help,0.617719570977438,0.40357962889062543,0.004081309456056953,0.5919158956143247,0.39019019835112045,0.00936903606931253,0.5767253524212504,0.3555049735536223,0.004321798258499449,0.5886044270236241,0.359970517309389,0.0019248481599829035,0.544567123473279,0.31783731831484363,0.001687517321099983,0.6445835978617153,0.35689557197912297,0.004110248683076483,0.6481857854532952,0.36011504212537254,0.0009745183509645722,0.6448404720096546,0.3048438731168545,0.005664064055932722,0.6390542287393421,0.3073124125420383,0.002498297561818909,0.616629339094892,0.38921148935096694,0.00810519910600716,0.6159128807608709,0.35323707450529884,0.008138861713652192,0.6273759359757421,0.33802645371299583,-0.00033694958476642237,0.5987157509113304,0.3055420580684886,0.007135851301904686,0.5882910274134748,0.38497439207988426,-0.0024024496279506534,0.6096969470270298,0.336981692043185,-0.0016675257954132713,0.6078102269745819,0.33415843929540284,-0.0012625538691700584,0.6127123227241343,0.29257365882824105,-0.0006783700610973192,0.5942159973605133,0.36209578401938863,-0.006266891305591962,0.5638254891740497,0.35903736580468265,0.004898522845396422,0.5947161829704628,0.35806559794724935,0.009566611690386207,0.5741584750674813,0.324608796674112,-0.0005141903593966438,0.5075242498070548,0.6865818801627045,-0.00559193094077238,0.5136810275705261,0.6764470371683656,0.00788106054426361,0.4890628662237903,0.6805773782121987,-0.006140496928686073,0.4668585675375861,0.6464834751070038,-0.006986554101300904,0.4719416771762853,0.6157610508296616,0.005141735112250016,0.5516552536522801,0.6694649305664238,0.00018665409166501896,0.5237110491796292,0.660448284511808,0.008848653675158363,0.5295436321383273,0.6103498725072252,0.0029264918205824195,0.5527639139140778,0.6047376937624024,0.0029077088791063747,0.5358169245229629,0.6604008982409438,-0.008063171870700651,0.5261526180518427,0.6364934157082813,0.009612092277753342,0.5282649400973118,0.6409039084504567,0.002493035566988466,0.5016554229155117,0.6182710054641435,-0.00887703782016519,0.4960010854624698,0.6589627647284061,-0.008461165968050204,0.5033953259702754,0.6516515970187144,0.0003711335459607931,0.4985773713166782,0.642219758730433,-0.0008165559342957398,0.5177501550309735,0.6122410687787487,0.0033693416232813966,0.5087694441096784,0.6879167007827365,-0.0043013423469863985,0.5107617607721813,0.6751578230208872,0.003545997930801393,0.48709868214702867,0.6426146426802568,-0.008522602486058604,0.4846212696566528,0.614099352007766,0.004974605526374102,2026-05-22T14:13:58.523571
not_help,0.3616941445870897,0.39826753002660586,0.00012615579154993256,0.41248120271590777,0.381978509681823,0.004669156234520314,0.3977455017668155,0.3483440567618115,0.005045511350119601,0.4308855211364385,0.3180406395016813,0.009982998670900559,0.4171796254259676,0.3186784126498981,-0.007202262528947277,0.4123949516052828,0.34871794453828703,0.006429966755402626,0.405335783801427,0.32031347695165396,0.00627702178325785,0.40485351677512,0.27861628434360236,-0.003980151536666661,0.381326325926997,0.24022174907587607,0.005054967673430723,0.38669679755073116,0.35963048206139686,0.004319915247485942,0.3828979223050872,0.3104509251399385,0.00946076858486477,0.3661064284514925,0.30493262282989975,-0.0022581434358321514,0.37544228495885085,0.2666057150069522,0.008057936558735655,0.34402804418051164,0.3428827502603607,-0.007011649359510786,0.3563106142592619,0.3377242042033138,-0.006258811855722373,0.3702046483567292,0.2862603584061342,-0.00414364529904546,0.36347075709349125,0.26296653285053706,-0.008219723856653316,0.3300156032889586,0.3730325024077399,0.007892348920873872,0.3384400520388379,0.3510232936872961,0.0037628825138016127,0.352063043375063,0.30166233020445926,-0.0008858286814458563,0.3480324039088866,0.28016958331829284,0.0016119004615191002,0.7857347814094358,0.3124603894213863,0.00802060879725827,0.7753344677764396,0.3018542678529055,0.007428087967268128,0.7939612208055751,0.2631157667881175,0.005793463935267808,0.7928523119346721,0.2796406700334387,0.003335990585373632,0.8050817365607337,0.24390037210958954,-0.008042963132964659,0.7671515358351719,0.28436902536501624,0.003973841813526868,0.7845085371943463,0.2517863251392376,0.004716706691780188,0.8015052416296714,0.23108020591854322,0.009466696519858537,0.7694156409191405,0.20297356792688387,0.004922557596760141,0.7693023351326349,0.263277462472608,0.0022363325210560097,0.7765525519411018,0.2516746368596595,-0.0014006626047813817,0.7692307079775459,0.22882376580023833,0.00035077896367722433,0.789466942624779,0.21387405793481523,0.0009222720053830447,0.7578600164103015,0.29531676647327476,0.0026203529194352964,0.757735576248821,0.2649689482353889,0.0021606929485792174,0.7651152561521571,0.23553173720785203,-0.00012841612558231637,0.7417783781681438,0.24307973932514174,-0.007842402604612915,0.7402519014824056,0.30240484939415696,0.008085741633969556,0.7581201674290186,0.27111885637159616,-0.004772340766676157,0.7416120880698296,0.2556877321816078,0.007296426192870539,0.7656344156623309,0.2515691966588961,-0.009520335684129912,2026-05-22T14:13:58.523571
not_help,0.3731158196659983,0.46843415804339833,0.006461313904755532,0.33313317769048106,0.4174589056845278,0.009912076758852197,0.3293056538304945,0.41108546536517415,0.005235289022444576,0.3348439833792963,0.3843388581638953,-0.008877429555141375,0.3118010903780985,0.3506481493706905,0.0048941823916337016,0.4098558836647463,0.43480909406129137,0.009308387182106597,0.4154954047339653,0.3710780584662825,-0.005281292437818921,0.38390163415737233,0.3344609550747913,0.0007823155562862501,0.41413010332325306,0.32891125036225116,0.006686308554995949,0.37857952075920537,0.4135563975524685,-0.0013199435072107739,0.3881860591924945,0.39826883413313885,0.009223398977048275,0.39225783071404113,0.33360513463612784,0.004290978800122792,0.3654528971496503,0.3348872932968039,-0.004174162208250239,0.34905661846592045,0.4164769010248159,-0.007788171269430384,0.3454831442709148,0.3991761160765009,-0.0032337799355823347,0.35492850980097135,0.36880738299747606,0.002069924372635222,0.3526756080264328,0.32628720215057216,0.006158367107027484,0.32821985158779365,0.40753080976272227,-0.0005947105209768017,0.3197640787668636,0.40795644058676733,-0.0093679984276754,0.3422654638448873,0.3856845339551163,-0.0005440848558620169,0.3256663728858993,0.3603469842620016,0.005775436278562205,0.4621125382843616,0.481547706972491,0.002896949027701854,0.41524463748897367,0.44241554125482524,0.0011623509180921417,0.41336130598299964,0.42090503615373415,0.0019427579897417866,0.38894610317842443,0.4021376615734048,0.006293915753520696,0.37520735542290684,0.39038842123592166,0.0012484185421544267,0.4755781176717667,0.44767753193368326,-1.2082760294414296e-05,0.4656676331650923,0.4278271812616282,0.0013805296060861675,0.4817633068599844,0.3875200811084894,-0.0033383884744281247,0.4714422827838616,0.36909833227666056,-0.007353327804266487,0.4422338199850835,0.44967690170608243,0.0016556316172492355,0.4644598699597858,0.4320084003554152,-0.002611338135007562,0.4475885002715904,0.37012414573921354,-0.008225259183474642,0.4406041263548842,0.335326085594181,-0.006256356674685515,0.4224736720895076,0.43211319228600464,-0.007650656128547242,0.4345931058874078,0.4073362645151083,0.005931012530867351,0.4401538195636188,0.40620680411264276,0.0004782951505151751,0.4343573002052062,0.3681419111084104,-0.007961088522182896,0.42220144265098475,0.4721363046139894,-0.006794184558624626,0.4222974573224182,0.4160086554700951,-0.00099830829298273,0.4126829865000569,0.40279586790552757,-0.0003372294947706217,0.4166578313380428,0.39816468005646294,-0.008172674900309283,2026-05-22T14:13:58.523571
not_help,0.5624031589687957,0.500925723669182,0.0006089206874907594,0.5436070128352322,0.46906861241041603,-0.0028487139121088512,0.5290589776902097,0.45785538796698133,0.00825469706750528,0.545334460929947,0.4571238682754463,-0.006323395601379609,0.5261041746130412,0.4525548624734502,-0.0030346192165838426,0.5792627628010285,0.4875510497138448,0.006532702550450941,0.5661593625615755,0.4498391661056093,-0.0004138550801740977,0.5943324423741755,0.46090783958761555,0.005100625658916967,0.568411711657747,0.4072754005546524,0.003472503613743452,0.5706517818980301,0.47314991316952437,-0.00854192003182077,0.5593249989905672,0.4781901983002226,0.00022923636239462544,0.5765563253673832,0.4272253657352637,0.0020978848922223875,0.5708884692556874,0.40452866147754524,-0.005417287364015524,0.5395433971353797,0.4843370094776429,0.007659444223322034,0.5442148051285132,0.4523584918477945,-0.007348528298760884,0.5679887759073711,0.4490115636539523,0.0034373678141555192,0.5645182834900263,0.4178729422612729,0.00856279461034957,0.5377568927308616,0.49961113590965806,-0.001568813654812597,0.5517117763971893,0.47445528326943187,-0.0017883474539325955,0.5407236356257864,0.4453518922538585,-0.0033469872576876924,0.5526120169055904,0.4562735556481411,0.00469213242334463,0.2553902127824618,0.4161019415944607,-0.00477651385531751,0.26488733127378683,0.4039896450911933,-0.006800206025358659,0.2846034520365752,0.3764696202926564,-0.005531778668450725,0.30162736078128943,0.3599308356173379,-0.009085910883118543,0.3167943806116814,0.34067481991630383,0.000407213894744414,0.27442259692072746,0.3586908716905078,-0.006056944017481638,0.2610721250694483,0.3691818993586222,0.0039360159873164605,0.2853514314138232,0.3319176513424146,0.0057602584330466045,0.2805358804148289,0.30041109019869877,0.007593681032804981,0.24872433776565556,0.38214088017594955,-0.005896719364437466,0.2532504159085347,0.36056305131855304,0.009926441182698255,0.23822809798990174,0.3247487484871219,-0.0060800811070295425,0.26926740475046496,0.28969707877006934,-0.0013513840242471552,0.22877067533469125,0.40057605520443357,0.0077905380504383875,0.24267804258892847,0.36126369575336015,-0.007173442652522623,0.24006230891669816,0.3455198817884195,-0.009594823864693689,0.22203220277848806,0.30725026595492105,-0.0004937431244207962,0.2101367433428386,0.3673761417689705,-0.008452390903687879,0.24754773280089434,0.3686415985029913,0.003220903197004901,0.24077944944667096,0.36995611416477503,0.008784652335582782,0.23281909245281804,0.3416538828497093,0.008640853369256756,2026-05-22T14:13:58.524949
not_help,0.696566059323885,0.3253203029562331,-0.0049483662925977525,0.7214391439130088,0.3175557836865832,-0.0034844503547992933,0.7156305089677741,0.2965612670384535,0.0038677739091985443,0.7386610867049747,0.2785806229052991,-0.000989167482864978,0.7408889521136052,0.2686666898264102,0.004529418240357857,0.6918008486871577,0.2885809825827996,-0.007764364797830028,0.7035264229316587,0.2625919836551171,0.0039056789661149945,0.7061876453197753,0.27869933172536254,-0.0015539436187667621,0.7078015095849104,0.2212387196218426,-0.006239154713459996,0.7040999879317545,0.30490687189855536,-0.005039321574138471,0.6777038577037873,0.2920721901658444,-8.671871982052042e-05,0.6833419223515992,0.2763186989008617,0.005738607235366235,0.6764648158292154,0.23484068288346585,0.0001816959723940515,0.6746451964756566,0.2964014506608308,-0.006013898560596958,0.6770306730307327,0.2834539518208499,-0.005332384268547128,0.6751037263049509,0.26541415264948615,0.0018270693576322976,0.6897987836906332,0.23969796156882472,-0.004658624428682352,0.6749896195997815,0.32763599834561363,-0.0042835314592720095,0.6752424386202646,0.2954922755391249,-0.006597117442867804,0.6789864674125853,0.27102241303459845,-0.008588488417137784,0.6790947345662783,0.2777390537401023,-0.001503673618122911,0.40040330557953785,0.782490136285555,-0.008503636352080065,0.444433204435259,0.7671505371438749,0.009600677838097397,0.46225257181586615,0.7698639172932991,0.0042465624149695125,0.45718562097564586,0.7441609453738015,-0.00807826568923332,0.44471206023505777,0.7305487217350095,0.002151367271276133,0.41333322242540704,0.7572786449656621,0.0008027274326109658,0.4438147158499674,0.7666301270410607,-0.009540785623642366,0.437314605323568,0.7310447552916309,0.009298947072377649,0.4113947702440951,0.6920870984628938,-0.002332258907403584,0.411931038504881,0.7894160530092815,-0.00437850578876204,0.42763569894065356,0.7573044351108331,-0.0001236688082167283,0.4007306380011261,0.7247484121231592,0.004960911727258035,0.41087506385504985,0.7037576067125719,0.008209776268757909,0.41720750352537245,0.7948887632286014,0.0006403452046752339,0.38202371750618525,0.7417274171452906,-0.0019167902044996358,0.4007816298852713,0.759461076980653,-0.004687379214329486,0.4068353388454512,0.7222623584521509,0.0014638185255241506,0.40318997307193355,0.797528088140313,-0.004820749509688928,0.4072635447784138,0.7622103417525912,-0.0062690755814399915,0.40104049106695394,0.7388886300497374,0.0024344778667919776,0.3746133663680103,0.7228954912753989,0.00450661724427107,2026-05-22T14:13:58.524949
not_help,0.6258234029139175,0.40549361310906484,-0.005433648180892206,0.6183365023254218,0.3817412521850346,-0.005980682536056197,0.6518478555628318,0.39528730609327334,-0.0075265887556053655,0.6652667893541964,0.3661937347919683,0.003810890990873197,0.6622052026180271,0.3564927474802829,0.0049418456869874255,0.6239861475510146,0.4029282433467123,0.00935362420451846,0.6120104565128095,0.37940722239945557,-0.0032496609261651347,0.6100958661810861,0.33481156140200763,-0.00037526968255458155,0.6100406546074351,0.3327478326774243,0.009159758775402661,0.6170275167209314,0.3954964625965769,0.002880306611132668,0.5969406324262856,0.3652161356463947,-0.006783740658917843,0.627920516863084,0.3383491271918593,0.00687389714783382,0.6134927840219071,0.3168521825098195,-0.0012947589342103879,0.621515658123835,0.3972441017091123,0.004702204080980488,0.5865955042817934,0.3834008322086497,-0.004356903122794087,0.6037255391018729,0.3606505532092933,0.007493786950067834,0.6207268836098095,0.34928628047698956,0.004389903446316186,0.6074198193047762,0.42016479241447113,0.0022127006257546666,0.6008426800178911,0.3763869350506163,0.007430373907864831,0.584766650540273,0.3734213331766151,0.0028850742730347732,0.5930208172462178,0.3548010746029453,-0.007153544639128113,0.8057375240189224,0.43350220815319923,0.0024789794317853515,0.8286504950737376,0.4269503022309386,0.0019348616532364523,0.8590132463547759,0.3896703089383097,-0.0051669595818345185,0.8440120733179182,0.3705532204313714,-0.007143197982304545,0.8748479660913896,0.36506453053854176,0.003171069729600979,0.8023159439438482,0.4051271722729183,-0.007561847947334792,0.8377106337302266,0.3711228837420728,-8.920858688420998e-05,0.8169048015635302,0.349734951397992,0.00475646326058345,0.8393881056111114,0.3114251965965262,-0.0020203336420350024,0.7946415457678031,0.41959050716592117,-0.004578290452158087,0.8123479218855924,0.3739912051226278,0.006159417429338591,0.7904988626155218,0.3552940664108021,-0.0047651723031940495,0.8093274289352649,0.31491670198219474,-0.007519558030744165,0.7810073783288302,0.44316398322597217,0.0025507675989357367,0.7711107214516594,0.3913141903262071,-0.0025225802320089467,0.7761231609513698,0.3666442524396313,-0.001887191215419073,0.7804938321662162,0.3341776780345527,-0.009935772129430403,0.7749961794021453,0.4433016582351562,-0.006787019484784804,0.7792403990151344,0.401280823060997,0.009315045555640318,0.7578668378826816,0.4061032395639813,-0.0006969359329359673,0.750383443095868,0.37135319393874067,-0.0010358092236835564,2026-05-22T14:13:58.525456
not_help,0.495967890664244,0.5663692606690813,-0.005584825092547101,0.5001808221030293,0.5598377639508219,0.004498664648976993,0.5083287924608327,0.5164170347834235,-0.009289998497031429,0.5405799032395514,0.5014171063468313,0.004582962830745831,0.5293436258079126,0.4691308205132483,-0.002955148698137791,0.4939429222048458,0.5528912904070606,0.004716214185260907,0.48641921127340015,0.5239789220146704,0.0075125393956879515,0.4938892808646113,0.461432792097583,0.009758560561350918,0.5250867398071343,0.4567607818225375,-0.0031272493782178576,0.4965371811628549,0.5239425464571639,0.009315768892966933,0.47057181988339547,0.5231350023676756,-0.0008175422975552418,0.5032000805807024,0.4658924554461179,-0.0072544556088246,0.48290007592991685,0.4536239199185892,0.0037512407452979565,0.4544155088138399,0.5429843107627633,0.0033524716902952334,0.47683484460057557,0.5318878937689201,0.003161409882795169,0.45078030746083764,0.4837846669836837,0.0015187646031343573,0.4663223410604209,0.46756769158615774,-0.0035204354049422305,0.431531677066185,0.5605486937797167,0.006315294939336994,0.4645881321312952,0.5435716107060922,-0.002180551399476781,0.44489791141025786,0.5179705421361857,0.004620685353171061,0.44369583963804216,0.47387636996232574,0.0013616732676660238,0.41090822151037515,0.7071986595307695,-0.007652399420774019,0.4262172612861799,0.6840661362973924,0.007181106282580842,0.4656646641092197,0.6522069225096186,0.007943819922370641,0.4627129469438022,0.6577746977139107,0.00739115213154855,0.4788865350919134,0.6385887303493881,-0.009761418113958474,0.44532017428479836,0.6772757255083703,-0.001789201011584798,0.4140828591671997,0.6628237802821372,-0.008902329087044343,0.43743928759145173,0.6226526320029206,0.0013271012230596253,0.4358924429944288,0.5968816591649528,0.006167335497800094,0.41590857833799855,0.6752130127743062,0.008374482429811212,0.4060263958652455,0.664440398194165,0.008041280118403488,0.3929997139297947,0.6100948125845993,-0.008871141834756848,0.424719867138327,0.6028096143692429,-0.009938732986584932,0.4025674086705528,0.6959517599707563,-0.0037034041117549443,0.381059322899916,0.6784695831253446,-0.007702098382521414,0.3975981772130976,0.6163999896908061,0.009344254367957798,0.3715812954573189,0.6230574912312348,-0.003333128220619268,0.3638788344566757,0.7044208573376725,0.0019238306124038356,0.3734809497609293,0.682852388839678,-0.004953539684049993,0.3760214258484931,0.6482357701438172,0.008085737629515298,0.38992148241865116,0.6171562506279497,-0.00486958007972105,2026-05-22T14:13:58.525456
not_help,0.4572720454273143,0.520579675054002,-0.00289026669296544,0.4621214196479589,0.498150901516211,-0.009878969638148183,0.4410189834163741,0.47670896599940227,0.0032071141949617694,0.4185643175872342,0.4823921272862074,0.009064904043604534,0.4362394357842527,0.4564204601146596,-0.0021468625250741,0.5061415394161147,0.5063370474514564,0.0004521245448209626,0.48504403160122445,0.49526473207354527,-0.0017170319479990967,0.4739930738467423,0.4648428480032762,-0.008830618866187103,0.4794769495334938,0.44285518373312094,-0.002101318824436902,0.48652404122678,0.49947363938764383,0.007108364446339598,0.4611089828457823,0.46073803717913275,0.005964726201210779,0.46351679580103755,0.4530352725636509,0.0032567617512812893,0.4538034268944058,0.42447948617979187,0.006926439066995227,0.47541025164014167,0.4856309267992122,0.0027160250958373697,0.4565450019515753,0.4782991242055171,0.005960350026843425,0.46939112290711094,0.45594778453476464,-0.009371661497555188,0.4495491958000855,0.45366718102834314,-0.0029629852151469094,0.4442983214605143,0.506436889430744,0.006908060691015709,0.43819654158006843,0.48520381417956865,0.0025096319025111995,0.4437123937306882,0.48590171671947685,-0.00024691030118457157,0.4563779768893046,0.4404950585465128,0.00858005687584098,0.7683332357895916,0.6638015400655604,-0.009435791245285987,0.7268701499994741,0.6427477931810278,0.009966218598819984,0.6937266684090061,0.6117167567578892,0.0015996092979124292,0.7130619810731533,0.6060036547764007,-0.005656302142565659,0.6834263404397097,0.5880309308601869,0.007761678748306243,0.7904233848263212,0.627459420500235,0.0021922789919076365,0.7773390992676356,0.6188654475946821,0.008456585035397512,0.752865083588994,0.5799181236069116,0.0031761369031156755,0.7712920859309992,0.5451167018347958,0.007683996239198078,0.7423193885391952,0.6248737523568103,-0.006845793125749804,0.7424624606596021,0.6198216256926393,0.0028633802426172514,0.76293042913548,0.57627526444385,-0.006840735899551245,0.7397852386482424,0.5578157386260475,0.008087239147198713,0.7498664406288513,0.6534440418516618,0.005125416786498695,0.7172280098597293,0.6359873360093162,-0.0038031492911058985,0.7298828886931723,0.5973759697499952,0.009695835729050506,0.7328088756436556,0.5768563709594857,-0.0027524688984380723,0.7115752659078648,0.6505537365718018,0.00883279124595344,0.7089243086518637,0.6258450196388653,-0.0020390397907818786,0.7253740402150225,0.6042991897962828,0.0038771897324083957,0.7372369445220113,0.5864227683927783,0.0027027742956952667,2026-05-22T14:13:58.525456
not_help,0.5131210287300412,0.41932934183124193,0.002227668827782867,0.47718869862011193,0.37198254791822594,0.00317179678799105,0.46769051535385653,0.3626705926424943,-0.0014762317619073633,0.46059629265925994,0.34363049652246697,0.003693272573710337,0.4348806084197564,0.3186028570680184,0.005340506239256214,0.5086584347250374,0.36071202677534353,8.530704006456946e-07,0.5120537904474681,0.34653834929265726,0.006094880822424658,0.5154495359672309,0.298084279712272,-0.006875372732986975,0.5217795390174994,0.28595655836525113,-0.0059645299729715485,0.5094575673826711,0.3584149510396208,0.006006821961808623,0.5012691317705679,0.3542095363673614,0.0039011598168495303,0.4949528894416838,0.30689083728928146,0.007351577561813731,0.4903173772159391,0.27121166479189074,-0.009254718601484373,0.46727106491919845,0.3783311439304348,0.003182341819717603,0.4817544167303395,0.3446188266107867,-0.008795693176748833,0.47835401494192054,0.3237654347400082,0.009320359399070671,0.4685738806222213,0.2977931176926759,-0.0027105029042127967,0.4830400973551927,0.38419488772350346,0.00711980169469935,0.48089614961346705,0.36743305301316914,-0.00577424623729758,0.4847700070691115,0.32560435879422617,0.0007718198897025425,0.47830272227071047,0.3075663309825971,0.005952949627093444,0.5342823480283452,0.5149125248797786,0.008803359040825997,0.4808730818366342,0.49654570948943255,-0.006293411847736836,0.48053046735261684,0.4876735145975819,-0.006797411404415892,0.45410402068505185,0.4549337252183292,-0.0032634534412748903,0.44668616928547716,0.4212791578951116,0.006404906365518171,0.5559838147008155,0.49175394024897623,0.007756467894630173,0.5727293849342538,0.4373295019597592,0.0032209196949376413,0.5451458294335189,0.41519779707213433,0.006657808763793913,0.5765036206096439,0.3780387006640597,-0.008073894880639271,0.5150674108205342,0.47732732110553694,-0.00845177602974913,0.5339599910950642,0.46043717744369816,-0.00838568807894575,0.5492408753901872,0.3982827844891773,-0.002377466388757168,0.5471052791797758,0.374803874298618,-0.007635143892056818,0.5158467253463532,0.4857992457559652,-0.00685481654876759,0.5127368063774663,0.44976178917659976,0.0037541932218782548,0.4972563680549835,0.4342654587787414,-0.00860109591852264,0.5286488831937975,0.4103487279978744,0.0023586380918816235,0.497097224031791,0.4908855327488619,-0.0049851644592041324,0.4912257392562626,0.492295317182358,-0.0008882458504312803,0.48006513219063984,0.4350524948074765,0.006762003337524766,0.5064152855690931,0.42896220086728093,-0.0028091898769050296,2026-05-22T14:13:58.525456
not_help,0.5157560996268148,0.35682354613171346,0.009631085894590006,0.5473924057891075,0.32868968503794127,0.0059037782711363635,0.5883426563581539,0.3454951009422833,-0.007507793610927675,0.5931669203462002,0.28564980658301187,-0.002746767029689421,0.5958715016291377,0.2712547084323123,0.009345410931355115,0.5545581707467953,0.34216053546100594,0.00040595670692683723,0.5543951137456984,0.28894027573256714,0.0049320861042752,0.5531733009697337,0.2640499215061273,0.0035045359318240394,0.5328637293662085,0.23332182959658115,0.005558512696536309,0.5439417741244559,0.3191413003012987,-0.003125300451825661,0.5455586128342121,0.29304793907934046,-0.00901640998704717,0.515649052235835,0.2556812858829297,0.006896048880817308,0.5224356760723553,0.22367756326402177,-0.008874096071312685,0.4948699037881765,0.33338891526428766,0.004786758049677748,0.48750148533627036,0.3236009085791933,0.00566984538960408,0.5041090701122313,0.2781554270513363,-0.009649528301659186,0.4988454754557624,0.2634495319006597,0.004459373632718566,0.4900281442020566,0.3643882051757801,-0.007441103329628356,0.5034552565070277,0.3421135632226897,0.005363687971174076,0.505895190201271,0.30381815319771216,-0.0022667471317193424,0.48605057686902253,0.30127750482046906,0.007819468916264226,0.7626368520250598,0.7193570475737896,-0.007657473259332574,0.7199429494324422,0.7352789768505975,-0.005700441348965146,0.709209211123528,0.700676798114434,-0.0033533314784036632,0.7111537464447728,0.679435771797025,0.009961293755330966,0.6795125837999147,0.6615196755696114,0.0016577188259249455,0.7531707547991301,0.7283628897210196,0.0011514044400461002,0.7795439561143954,0.6752342147329452,-0.0014725956156050792,0.7595836444764559,0.6646349632008581,-0.003225783886808247,0.7731187011832439,0.6364642137761766,-0.0039120254649808355,0.7382260220383288,0.7051808542726365,0.00384667786252434,0.7507593347080314,0.6684353885672332,0.007732020989864618,0.7340941598226987,0.6744684122743012,-0.004156445004200815,0.7323889502702777,0.6102369618361028,0.004889158045201179,0.7153242935560316,0.7153306961936017,-0.009549879529011691,0.7514880921305652,0.7115412428865701,0.0009699742865372021,0.7408964680337853,0.6624691798929672,-0.0018008726593242378,0.7224315210410925,0.6389667153345616,0.00809427692314871,0.706013416854512,0.73677606829309,-0.001186233542489798,0.7357113068447046,0.7091666103943575,0.002886247312815034,0.7080717546679343,0.6658214323011907,-0.007848958844320006,0.7222741935261255,0.663759618566604,0.009549936991678084,2026-05-22T14:13:58.525456
not_help,0.6383720196880309,0.3292817583734158,-0.0009175488872246434,0.7009652403318577,0.33284963025923575,0.00888408860704286,0.6951459480237488,0.2958923373973049,-0.0040784882349307015,0.7137023431757353,0.27766989447878865,-0.004037928744338246,0.726927863476648,0.244260421873966,-0.0009152394055003347,0.677687485470864,0.29841592541590767,-0.0009055428299503416,0.6852646941811383,0.29137202224179976,-0.0053406168634599575,0.6540746990538071,0.22771653102539144,0.006785960393062887,0.6550776365127373,0.2071381470839387,0.007095130666752441,0.6304297060537444,0.33099055314946363,-2.4314004402295475e-05,0.6394893088959841,0.28848891815320676,0.009579551914818166,0.6525272444694851,0.23034472914625892,-0.000173771137851976,0.6294257973709969,0.21321446150584106,0.005303362001794473,0.6089528142460782,0.3090820673065877,-0.001952355408651036,0.6221411577355266,0.27539922510590703,-0.0043584992289720775,0.6379898894840165,0.25306728353173596,0.006609383039351666,0.6075134961781472,0.23284650626440165,-0.003150673656860754,0.6192024792153211,0.32957092569116,0.004991113100548379,0.5870253841981509,0.2990463893255568,0.007283844493745991,0.5871274060706987,0.29442570593334505,-0.009650161963946082,0.6248565364767431,0.266640485488203,-0.005235278265003476,0.7089093770562589,0.792611924740549,0.008790830725084435,0.7497667816854794,0.782898095301647,-0.005683355877401168,0.7379615875960941,0.7430494404882246,0.005137230421796845,0.7618855528375584,0.7478348894040356,0.008616656329372087,0.7490459029712381,0.722377625196036,0.00932501522367306,0.7026608763934538,0.7804223338096072,-0.004614820239282891,0.7341791523367667,0.7566631621574998,0.006533221025833038,0.70983137950802,0.7256880759685014,-0.009465095642231492,0.7039523237822161,0.694836518780838,0.004367651703284214,0.708474537709637,0.7604523169391854,-0.008022419649167077,0.7121858396920816,0.7307413232206862,-0.00975208612377338,0.6994456074570667,0.7163381839844405,0.006927527781704487,0.6951856075998394,0.6653087054727395,-0.00024641114741268816,0.6885066291464569,0.7691666063585344,-0.0006598378860369208,0.699854607161403,0.7414698416429826,-0.004398823491567354,0.6704681285186791,0.7172622695189269,0.008267309621354005,0.6821902918422221,0.7156492888164244,0.007039691071378,0.6579510537713055,0.7686008807452567,0.003158683165209633,0.6639971218423585,0.7532784479617876,-0.005211720976685104,0.6728987279820362,0.721971203638853,0.00720315271140144,0.6791334106965515,0.7081911260696231,-0.0036374866589341612,2026-05-22T14:13:58.525456
not_help,0.5450636409675461,0.3364655912989764,0.006422331024713112,0.5793460656544475,0.3186035911549602,-0.002070937955476396,0.606562928993531,0.30351033880423844,-0.0062628043930730935,0.606674838722504,0.2627427342195214,-0.0015822826815687033,0.5937435316390087,0.2567385962184303,-0.0005745949901568344,0.5768733706655027,0.28897317946358136,-0.006320535541968087,0.5609436409323432,0.2713128733950871,-0.001399705396945547,0.5852919359410184,0.24820733690455637,0.003867848019846439,0.5790218112168984,0.23801402959406806,-0.009169727986260772,0.5351967011927459,0.3112952950635859,0.001749435997341892,0.5675459273133381,0.2741316301624093,-0.008589835909187542,0.538953977147429,0.2556911837182074,0.005409402012378894,0.5444199867312195,0.21729573949520303,0.009431528183055782,0.5478335941630789,0.3077260124031977,0.004625243923481702,0.524569837861908,0.29139992231632184,-0.00871519982851015,0.5368294056602472,0.2720351277898789,0.00019777185463255853,0.5388295405475565,0.22436445290082682,-0.0047034272954169995,0.5162141727038357,0.29850313474254164,-0.0045722084125696585,0.52480810358291,0.28165567982954665,-0.005778816162052529,0.5329256917306966,0.27833050542908344,0.009763290006020478,0.5377667614353024,0.26240922720338195,-0.008911924074050812,0.4341002612561274,0.5810603738920044,0.007219698061593652,0.4266968808880439,0.5522796206841997,0.0026290660171365415,0.40614433866385774,0.5591048757516803,-0.005381793697582522,0.41396861242054167,0.543336133179326,-0.006571790582459372,0.3966720998036461,0.4884948961156983,0.002998259937974,0.46205263919051204,0.5534166476264438,0.008908825921360048,0.4483122899816063,0.5400120230998385,0.0027775897575284484,0.45719336446196573,0.49744084592860505,-0.009301405407224081,0.4796259952091539,0.45552419291716073,-0.005588698138437944,0.4607712035216527,0.5615268348011755,0.0023823346418382005,0.4370294528841516,0.5081257607759971,-0.0017189387293251642,0.43975966294336793,0.5141514127717758,0.0018322132289367247,0.4426351106088324,0.47704438946682404,0.008176141687193673,0.43461398600966517,0.5355604825432105,-0.00960248906616218,0.43736982720326734,0.5297377764322629,0.0019371623409297541,0.42751155523395246,0.4949429560510596,0.00038245157052450157,0.4135468816782268,0.4756924937427867,-0.0042983488250587665,0.42348559077404974,0.5546016980538094,0.004363790914750221,0.41567291825695507,0.522193540027329,0.009718244196217867,0.40065674033696164,0.519121045385069,-0.00873897079326399,0.4213477849041062,0.48873574621050303,0.004141958083884489,2026-05-22T14:13:58.526466
not_help,0.42007357893241554,0.3473225781774265,-0.002247541826361379,0.4203868120908363,0.32380828643673143,-0.004296624653710073,0.4287234754466754,0.2860243975354032,-0.0037558401544815403,0.4477985517065254,0.2732624301620136,-0.002028473752396131,0.4377050757849194,0.2655754856467131,-0.007653665060271524,0.4379789084572542,0.3140306817002379,-0.008536402312059843,0.44629217693792883,0.3079554873301216,-0.004801275833003493,0.4446038926931166,0.28383556700831714,0.006397736308083242,0.4206861835532718,0.2745554860463119,-0.002065233705805622,0.41588984310592336,0.30159081104938074,-0.00642398090228043,0.40233125255741753,0.27969324412942237,0.005635928846681551,0.4171402946187812,0.2736126124048242,0.007679838156428321,0.43185253105479166,0.2745495213145794,0.00996276078334781,0.39337531090746514,0.3034871279769736,0.006824459314741958,0.39064388603575656,0.2986471713590294,-0.0008756231190818527,0.39049933786026736,0.29589193508254213,0.001022383376375004,0.4093661414859477,0.2598820714700037,-0.003898602696966189,0.373817285305879,0.3161819544928852,0.009520486845137935,0.40877662511541535,0.2924411808939781,0.008271846734508566,0.38728466192939953,0.275326321250803,0.004680216441999318,0.3973176735998829,0.30054526067643705,0.00567161431645175,0.30706735570173355,0.6613578538115624,0.0037479941157430256,0.3286269761434824,0.6387394213873773,0.002667041297554294,0.33741601750545824,0.5924024213400253,-0.007030125346941176,0.37785747578483464,0.5800254121892291,0.009984219352615871,0.3706631159161526,0.5346659975817042,0.005686207992676799,0.32649831094543014,0.6227058445197431,0.00729546864133322,0.33455259113261326,0.5849090138193259,0.0003757913531192373,0.32680534609383066,0.5493106966740557,-0.002205180164651357,0.32577225637657103,0.5241508432102233,0.005862535826094967,0.3041380331007225,0.6033084448536389,0.002142977522026454,0.3194286408647871,0.5567218512436313,0.008621359397021558,0.31849746744253016,0.5237150377019754,0.0014746200455568598,0.30801000477578905,0.497793365398758,0.007859932054851968,0.2818635054096751,0.6331366460606844,-0.0007358004345069183,0.2746934312972959,0.5725175948054628,-0.001827718643246384,0.2869125758586048,0.5532891988613772,0.005215806232041938,0.27768780713552194,0.5370787887346568,-0.009860748938710038,0.28108896493560215,0.6190811792127121,-0.0003333479390561899,0.2839137257738554,0.5847295980823152,-0.006915646884688596,0.28195160560207133,0.5759905625706842,-0.0016459835819406972,0.24834967917000278,0.5510610881910489,-0.009501796011742086,2026-05-22T14:13:58.526466
not_help,0.44374996428368985,0.4800332519214574,0.00047803586318895426,0.4276001038209387,0.4905532313267927,0.0017204964473104892,0.4288360494842006,0.45471416173538187,-0.009773859210678174,0.40416335647684654,0.43837784991054835,0.00954357740918863,0.41373157662854254,0.4241600670986879,0.0024112039747125474,0.47324768965530706,0.47806504373428127,0.005350215184948975,0.48678652761131264,0.4282684585828431,0.0035093985672600466,0.4768553132870775,0.43103153407163597,0.009530686786429753,0.4767194655543945,0.37973332315376745,0.009697490896877574,0.47665231211671066,0.47301533636180004,-0.007253029780676535,0.44083751766585516,0.42131534427145395,-0.004701497203339746,0.4704934633840417,0.414657965294817,-0.0013854004723865346,0.4666789262281301,0.392952931103513,-0.0028000091710509564,0.45080874955216005,0.4708980056488951,0.0026518435904026097,0.44180253622949023,0.445151199536084,-0.00999048708150905,0.44136208263013366,0.4226921404021714,-0.006885961849209287,0.44346521839240116,0.40265486863434663,0.0029930834778657493,0.41302573333444575,0.4762763708633074,-0.0013479085037737312,0.4246670381537928,0.45726039031905674,-0.008647095062684487,0.4358288441421158,0.42280333355216965,0.005363435020797766,0.4335406185635827,0.4196832049834441,0.0014837844283443462,0.27886594751352883,0.37109425739181295,0.0021666230596562083,0.3296928300412699,0.35896788707120914,0.007222180132963751,0.3487222747245847,0.3452893020912915,-0.006266898427884833,0.3491363445224379,0.3216928328188635,0.007123933653116395,0.33336610858656557,0.30870277962788517,0.004143821200765776,0.3108396206803957,0.3668040325162128,-0.007344470019676039,0.33446527086010885,0.3239396564678175,-0.009378903764507882,0.3259852442706801,0.3032613919140006,-0.0003597195880300965,0.29852234049830734,0.25582653314997117,0.004779666769634936,0.29601250330113854,0.3641823651923668,0.007766486494745187,0.3122504130615551,0.31700475674822853,0.006215928712898734,0.2947531451784211,0.31118009871916913,-0.009029855737006782,0.3006804426895905,0.2725815301424828,0.002120535878944259,0.29839100145975067,0.36733999490405655,0.008256692065630246,0.2868742139001213,0.3246841245901456,0.005060622950946083,0.29397874043153577,0.3250360968660158,0.001166124188212745,0.28664994199695343,0.2840410975161792,0.006199001298526572,0.25104734651623606,0.36859991189713104,-0.003196959959923254,0.27275043180835984,0.3525342843294375,0.009741904605503547,0.2594054024372527,0.3330848829622285,0.008707363051542275,0.2671114736699206,0.2837185314604628,-0.001860458321633951,2026-05-22T14:13:58.526466
not_help,0.6019298675867247,0.5134399847918961,-0.002484618674702486,0.5590400788142703,0.5175400271028779,-0.0035079091245504394,0.5499290085664805,0.48837321046318677,0.00862045769368503,0.5513542152180816,0.47419656735694665,-0.0017976113897147216,0.53499017848743,0.4763103412987331,-0.007064561223238177,0.5968448598348418,0.49453316059273944,-0.003829156298544443,0.593665630405692,0.48225212927813604,-0.00990945101093442,0.6121514798657913,0.43941094994568664,0.007016224412092801,0.5786799244163029,0.44054196697214343,0.00838404620346239,0.6008096880929333,0.5108374157620381,-0.005571876482348786,0.5981004372229273,0.4841835732368457,0.006567565593566646,0.5795954144833988,0.47703360671893397,0.0039027674754059834,0.6007242917393368,0.43651945241127704,0.00580913532671984,0.5518659285766189,0.5157676780130898,0.00880930176695694,0.5757136927414105,0.49945993388374216,0.002394737222681716,0.5770954032248854,0.4565176734094238,-0.004408487200175568,0.5740780195233879,0.43529360874990797,-0.005059611727957114,0.5580935355748036,0.49347852832857736,0.004851881454286411,0.5532490139930472,0.4778748672314564,0.0005704097819469282,0.5404823063493635,0.46074717219514294,0.009974434904975146,0.5408279009407102,0.480048083897755,0.0048193582707882696,0.39315469671452896,0.738554852464322,-0.00046631408943699493,0.4162275054678007,0.7094210326855348,-0.005747018815339902,0.4346203513084196,0.6885379545983032,0.002644845158144808,0.4526908256619518,0.6773647669622659,0.004970899409834403,0.46256297247927514,0.6475385428357054,0.007482153046022838,0.4095278433507441,0.6995371440024492,-0.004858179073738833,0.43008446983711107,0.6902705399130329,0.0024638122271742804,0.41096036704265043,0.648745871549762,0.006064031779058491,0.4182271208520629,0.6327761110454924,0.0055994824769675,0.39992518750362566,0.7161747385564803,0.002421325682489338,0.4052695153512372,0.6974427825642232,-0.0032151503552321796,0.3904693470718886,0.6543831109078219,-5.741233679323367e-05,0.4188954992859425,0.6220604841168964,0.00027106347259272384,0.3982789496168729,0.7216387065833653,0.003143083625515585,0.4035071684426054,0.6898638274362711,-0.006436802198017993,0.39801826552654046,0.6550922901094614,0.008919448922654958,0.40619695540405143,0.654605573609458,0.005421918134989356,0.3902606142638986,0.7259308822263653,0.006429825548670004,0.36721744130985745,0.69974416034695,-0.001406851812171905,0.3712087317805731,0.666482120542541,0.006389282789825793,0.365490978445559,0.6819387565227579,-0.009772674313316368,2026-05-22T14:13:58.526466
not_help,0.527617350247857,0.484154242832916,0.0028512632813731814,0.5683021769369474,0.4308946834969498,-0.009244525092610194,0.5755256909063615,0.4211163592288383,-0.0010188138219898654,0.5732223548422736,0.41504639480602573,-0.008215905711372113,0.6009883986958241,0.41835320253422925,0.006675726795045344,0.5523117301365601,0.42251136165256387,-0.00983262535138754,0.5624869534133792,0.4280498534744366,-0.0041113654377871066,0.5413576605737737,0.39693726763245596,-0.0054419494210808895,0.5413476192326048,0.36955406890269715,0.003054817162709153,0.547191531047681,0.44729057829614277,0.005861454272858233,0.5201281242388879,0.40177235907054626,0.0020083097318466542,0.5325523758025594,0.4093148287363827,0.0085480623281583,0.5233993381689958,0.3690970499995512,-0.0025921200397580543,0.532716328935145,0.4447577221417695,0.00814661979830608,0.5236936283813843,0.4095286641215201,0.002311284575973769,0.5284270956658228,0.3869350325586693,0.00951278034001832,0.5301912143853055,0.38405678892521383,-0.007438123070281482,0.4946095122371931,0.43341001550242736,-0.007592048913009497,0.5201991883427252,0.42339158384753267,0.008018457256557926,0.49703762009967195,0.4161579662286629,0.008422795563127894,0.508901796148316,0.3841528793886827,0.0068303259319296445,0.3323774181514105,0.3725279695982685,-0.006375932852573263,0.3103887672031835,0.3457937562681139,0.003369263280492812,0.3016585140669003,0.30997273697013056,0.007842234116917745,0.28042225621105166,0.3202958461112333,0.009725810358193821,0.29675345112331697,0.28826450135976184,-0.0088260680339749,0.3671261415931656,0.322430313854712,0.0011556641212994243,0.3704026077185276,0.3096719954944758,0.004764218683317355,0.3771675340672663,0.2530412264216372,-0.0017395370402430912,0.364356283016255,0.23017761752041804,0.0024668669878583852,0.3535089221305676,0.3398990711334779,-0.006253710763628035,0.34681556533842367,0.30475223467609697,-0.004471565476196328,0.348918914463781,0.25976097353218347,-0.004411579908437444,0.35334128353603156,0.2402049893705176,-0.0002301463889113984,0.3194426068426164,0.3338696377206663,-0.006569993690615559,0.3168154372649351,0.32729572766772197,0.005278684124542637,0.3192637786108331,0.30633537434429253,-5.89003767052336e-05,0.3239008512400697,0.2624889130778652,-0.0046106635049780725,0.29761512162305376,0.34153999916062516,0.007584763163999314,0.2918280775011182,0.3244382277705035,-0.0018441987879938178,0.3283750602046636,0.3115974492273828,-0.00634262434192459,0.3157311761807614,0.2710038867566886,-0.003001761171462145,2026-05-22T14:13:58.526466
not_help,0.6119840440444636,0.4810168496845053,-0.003154031254354748,0.6098753603602287,0.4883633986486105,-0.002019034972257347,0.6110327058542354,0.48169785977158974,0.005903641679732832,0.645261892117434,0.43792310155005537,-0.005081554390186807,0.6277575341532812,0.4339281682406665,-0.007634355586422268,0.63419551149857,0.4761899947465115,0.002789416922645907,0.624966276505152,0.44443933309207817,-0.002638185032630376,0.6164350210624218,0.4461573303497773,0.009617031590672434,0.631782278972792,0.40121550687843205,-0.0020410092671725305,0.6092059278542886,0.4562545121579178,-0.007942243690432574,0.5945699255279451,0.44004783652362195,0.0007941543735418017,0.5919969978721739,0.43059017330995475,-0.001626254161588559,0.5874363800699871,0.402949200553271,0.008446552313483928,0.6039402945984299,0.455313552321557,-0.004823114620210615,0.6036959973332948,0.4734801390221011,0.002604179707034025,0.6038315710595715,0.4419055393708677,-0.004666362578388823,0.5984903951315796,0.41752161829107115,-0.009064859894793973,0.5895561417775476,0.48704833188849295,-0.0017307225000564516,0.5953344418919425,0.44505244949519884,0.00013525578196840055,0.5577851481937149,0.44346131731085736,-0.00834990694543528,0.5627740005055027,0.4387400376627847,-0.00747761326436887,0.7283876420375323,0.7075458234690695,0.008349586316668227,0.7074690380811429,0.6895171550360895,-0.0006811581993911697,0.7057900318304587,0.6711212561494881,0.008795512494157576,0.6977209057786005,0.6778077363778364,-0.0023794665049873334,0.6737107371615149,0.6743589400076465,0.0020003385616052683,0.7433941367904094,0.6938174980677881,0.0011783805167105716,0.7599182581479106,0.6846155152923123,0.00918095033134327,0.7365986636771762,0.659982656429783,-0.008767103227697262,0.754408587404958,0.6360969927602662,-0.0007852774959040791,0.7563291011210147,0.7159085687075702,-0.0013461851450733246,0.7567518247609438,0.6598926978783175,0.0040538218509703836,0.7589408979377537,0.6637813497439371,0.0058636443085182,0.7343723478934071,0.6138906565228464,-0.00028329780794318984,0.7059708255844258,0.7131239632074579,-0.006284572102374846,0.743723360152286,0.6804187544884378,-0.0072595161889590165,0.7132527888300372,0.649020398917617,0.004310345981395829,0.7337533223208859,0.6219009804716366,-0.008111876333947526,0.7196438462298581,0.7135881342668717,0.005910759622528091,0.7141569646648919,0.6701060464251782,0.007193769388333758,0.7173899570296504,0.653315310167791,-0.0062522814518218795,0.6932467347795822,0.6695366449489507,-0.0024403071540461995,2026-05-22T14:13:58.526466
not_help,0.6052042524241015,0.5314739508323587,-0.004202935440410258,0.6509982363683224,0.5274186607616149,-0.008100284084330412,0.6572696976141353,0.5069326062381656,0.00480978375651211,0.6607502743325732,0.4896758126145365,-0.007259449921047652,0.6664010581058157,0.47044752042327603,0.009194930573227024,0.6610085192783622,0.51152605395924,-0.0012060049734625416,0.6226140421406601,0.46760823684153385,0.007166812029984962,0.6252903459720556,0.45440592397705654,0.006565091928151535,0.6374770543264723,0.4235151784922345,0.007195238459622279,0.6257423683256229,0.5072027102932757,0.0018883587518274698,0.6332118368085423,0.4764164942878179,0.00987207523493949,0.61266588928429,0.4645286153980311,0.007832626573479188,0.6236103760177742,0.41070885713393923,-0.0012118188954392591,0.6231913525395864,0.5072269449372117,-0.008055783638625011,0.6061291161671027,0.48531130522722693,0.0056060510622785616,0.6010276298522615,0.44900363954816075,-0.006951236116376037,0.5857199634460287,0.4550026489495429,0.0028082251652251384,0.5885825012667585,0.5199834963072468,-0.0006229762308042289,0.6091555805947968,0.48856772962311973,-0.0084600887653591,0.5890138284519154,0.48665486245448947,-0.009448453721671506,0.5984650423495439,0.4724982931108414,-0.0016824369700395234,0.7298144124952176,0.47009162550006556,-0.006527805868131842,0.7707181733976545,0.4760859740857771,0.003356097340314281,0.7540423633901555,0.45547300270886504,0.0032552243847384487,0.7817547834675277,0.4373984997707173,-0.0033538495265317755,0.7787716877500508,0.4079650895856818,-0.007271643230146228,0.7593218953016081,0.47696901730946695,-0.006034284615176237,0.7532301604373682,0.4183822260091814,0.0008103152887367574,0.766248801670357,0.424605108802605,-0.008042506348560553,0.7672019835755531,0.3903960802897385,0.007260098066494325,0.7474079821084444,0.46733680220389096,-0.004739357223920715,0.7490583382692121,0.44122249282916337,0.003165182469024967,0.7409864580352878,0.3914021378074158,0.008921159781404649,0.7165642922514462,0.36166102313837656,-0.00937996902817472,0.7227093088462471,0.47007518374682916,0.0049225446542879685,0.7292727436499796,0.44664480480294855,0.006010614886551436,0.7281863374002793,0.420690922584839,-0.0013556834570153924,0.7262691221854503,0.37983158507316495,-0.0036096282756654776,0.6897354324376717,0.4772179963056337,-0.004231766587416406,0.6854629167439878,0.45063187766989443,0.009368813155969385,0.7059156047862147,0.41476824870611073,0.00820046787432122,0.7086122611091846,0.4301605590317693,0.006551968334256636,2026-05-22T14:13:58.526466
not_help,0.6957961053524451,0.33755675153471243,-0.009907842917682872,0.6834678874213317,0.3261415190484128,0.007023582786475019,0.6483812144165264,0.29718935582582556,0.008332520794460068,0.6544099099810947,0.3008165872557314,-0.009093985301020773,0.6561909664466204,0.298155923031497,-0.0012471962609074579,0.6883953461346437,0.3218006499129757,0.009913066151362131,0.7145769426328382,0.28189006264035066,0.00469738791778411,0.6964896270013884,0.268531618688762,-0.005737111137121098,0.7141905824211613,0.2710710987620362,-0.0057966588621798975,0.6800130463426555,0.32378124844579453,-0.007186228335766525,0.6902153202831904,0.2952938276746188,0.00903494162230768,0.6730087500787041,0.26926400897355873,-0.004885224304592204,0.6873319174147393,0.2703642014588734,0.002374220910220994,0.6695167000582054,0.3306700825109398,-0.008225436347496234,0.6899582795356312,0.287741983371862,0.001797561207858036,0.6811877769136421,0.2908322081719726,-0.00203921279851842,0.6966208384490257,0.2492889078857798,-0.009702325204010655,0.6700025594540497,0.3077269490277263,-0.009526682962386176,0.6549164356257369,0.3228538004843482,-0.0010318990649335995,0.6615330893684349,0.27908908935136734,-0.005293545824474831,0.666615868105442,0.2631469244766811,0.0098136640125165,0.4092862508484359,0.4156471714667533,-0.006580480982292745,0.466641694539571,0.3875649732588226,-0.0009702446243785821,0.46895716390282577,0.363271814979731,-0.0025361753649924077,0.47949752069979723,0.34699090470503685,-0.009118268912274961,0.47411341236032317,0.337474723147362,0.005499760125928583,0.4572574496221238,0.39558635059630504,-0.0008933135067419572,0.42617046367301126,0.346026753257765,0.0007994001491606097,0.4626223556445877,0.3425858804848244,-0.007610234277258101,0.4361569705909024,0.3074223874886778,-0.0066969321871036686,0.4199246965258853,0.38928948255637363,-0.009650730754607354,0.4312505753517401,0.37684211181470595,-0.005373197963540224,0.43963111024512275,0.3516768832655972,-0.005073776133285961,0.4269575097132794,0.3085605273821712,0.006148843597344694,0.42697415672298106,0.3806646529165394,0.004791334454099081,0.41195523673318424,0.34983689051723565,0.003881891799701404,0.41304808562759243,0.3438574428683527,0.002444713565283807,0.42136231842224325,0.3316953558501505,-0.006866781854811764,0.41079807526726897,0.3809275739029582,0.00914746412435446,0.4153827154870669,0.3803045631611126,0.005347753486602885,0.3953402557420702,0.34305478201937345,-0.004581006420472544,0.387115252743257,0.32457546285025196,0.0005787247547374471,2026-05-22T14:13:58.527464
not_help,0.4987989645411891,0.5584642224055065,0.00286053217508013,0.48517097688988164,0.5200277846986526,0.006621165924661188,0.46456545955862544,0.5007457895860331,-0.003399298701015241,0.4311269266607846,0.4820652330292546,0.005393214650291894,0.44652891686149315,0.4485571463231861,0.006223428676739811,0.5103916709323391,0.5071060223739219,0.006541903016940688,0.5294929648660026,0.5023876939083096,-0.007084932101920117,0.5399032076237702,0.4438549247991415,-0.00216118587814817,0.5258419235805557,0.4075402052456185,-0.006514968620479589,0.4965603457619245,0.5152165719107297,0.0049635507876602085,0.4881724811727152,0.47176310821273865,-0.0011257734565352888,0.5047598109428781,0.43568164263352027,-0.004975560718075633,0.4893219305495117,0.40212283299814977,0.007468138198471379,0.46348270406805836,0.5217383715744401,0.006454379949969233,0.4858019007598502,0.4954852130883315,-0.008358082851169466,0.47122084813946613,0.4541157462402149,0.0008903691546523138,0.48061963852561296,0.44419543154715246,0.00849024228594966,0.44858640486924817,0.5419065735324584,-0.00034641820202722766,0.4786445351673297,0.5238236461773192,0.005143612064228881,0.4613011066573328,0.48835185930259456,-0.00554702313207514,0.46089222417111114,0.4601646592056008,-0.001289694643547168,0.7473039552567898,0.7798673288597465,0.005238741423333351,0.8021346839789262,0.7879056286081383,-0.0034903447049425985,0.800099733185,0.7405273693632314,0.004565110481439131,0.8326093017564284,0.7184603044557654,-0.007405009560660956,0.842231858836381,0.6918720503995212,0.0031797191948177116,0.7621750135542756,0.7427466785959067,0.0012235098445365234,0.770151330735411,0.7233014470961439,-0.0002646086076438948,0.7890375468122935,0.6996873507114623,0.0061816395951589925,0.773589658177419,0.6729448148278196,-0.002730568123081638,0.7538765426039372,0.7400987009041963,0.0019745565094438228,0.7696708445951259,0.7100526472919343,-0.0003455744686494122,0.7489414623967608,0.6816069434977844,0.0002645567760599151,0.7759650510605972,0.6359451472610717,-0.00385623645522192,0.7407384922803959,0.7730430345678534,0.006670294167961359,0.7183711399284609,0.7519457955714645,-0.0010471057845201463,0.7281264040349,0.6975781610179989,-0.0025712659120188585,0.7169094773892557,0.6964226691506309,-0.00815366541597519,0.7321943165059022,0.7811840597275557,-0.006636591792725369,0.70179720957881,0.7610998247242019,-0.005081773125966656,0.7024619823881639,0.7138202211682597,0.001579404043765404,0.7220142151725232,0.6896248032205234,0.0017109393538953157,2026-05-22T14:13:58.527464
not_help,0.4259266357647172,0.46218088544751923,-0.007276137222477461,0.45430268101982574,0.44946764934801353,9.006018471251036e-05,0.46187966650467577,0.41983614506312855,0.009446252259231147,0.5010139217321502,0.39102272875069444,-0.007101965951756792,0.4885996572957865,0.38373648284824613,0.006241200777791696,0.45638595503206736,0.4268728809042404,0.009525087656597526,0.4713862622579253,0.38627101255918744,-0.008190162104287538,0.4444791830156055,0.37052561102066095,0.007543517641858769,0.4789877052660812,0.3224936231632623,-0.007857540216347603,0.4267255854533567,0.4289599621709933,-0.0031418643246129262,0.45984679022023756,0.3969830409025158,-0.004327002966679134,0.44348257340046265,0.3769254513074561,0.0018701228975045135,0.45422148245254046,0.3272098779597818,0.00500172452606038,0.42396566980342937,0.44429187054600705,-0.0072413409379105745,0.4297071524210623,0.39927807329341175,0.004979550635907841,0.4180717915784025,0.3951183480959138,-0.007734651333474941,0.40482343918043473,0.3518030258837574,-0.00021319242016840448,0.4125388548454235,0.44928996732600895,0.007838618753891928,0.4013858826926045,0.4145432336701416,-0.00562614808099007,0.40414658360724126,0.3845805177047982,-0.0037792072502258692,0.41335471218116154,0.37097683068767945,0.003702782297540735,0.6341632960744978,0.3326702227407673,-0.0017908526227770113,0.665081130301971,0.31614019677111216,0.009896967148496567,0.6682970550380709,0.3076249929399371,-0.00436711066684145,0.6833296311034999,0.28848421590063217,0.009587486735966424,0.6671582196524825,0.2824686156110136,-0.0035871312006667336,0.6477836420272516,0.3156465537233044,-0.001444582941569704,0.6326734537413503,0.2938280286373931,0.00046977389396953353,0.6483854015870365,0.28011107158752657,-0.007717198673865884,0.6306129388303647,0.2457170012899052,0.00422644800459409,0.6234159783867275,0.3232337016550866,-0.006650444544484098,0.6333725937611591,0.3081216638539816,-0.0032224512201649057,0.637747296834329,0.27471482318976664,-0.004181917971279596,0.616917878711581,0.24029952309915292,0.0008469258628948668,0.6059544345087211,0.3087321060009275,-0.006531702391237959,0.6034865175789359,0.29065802373584476,0.005947842123089317,0.6073227033934518,0.2682402918708804,0.00642301086817283,0.6191276894492386,0.2413636812776736,-0.006269019659821065,0.5921811069122322,0.29794684359236956,-0.004942186452038351,0.6105044789288571,0.30909541778822064,0.008856919903019475,0.6120245428315766,0.2736876485858071,-0.008034546434376785,0.5992561814858489,0.2885812442421695,-0.00558588903960882,2026-05-22T14:13:58.527464
not_help,0.7119561437197122,0.4718570493046939,0.008595119216687068,0.7193196683013803,0.4841894757839328,0.006977471692012528,0.7164450494584618,0.43678783048890446,0.005181036174194886,0.7423850737164128,0.4169345228632133,0.008979213957736718,0.7447444438629591,0.3969241993629077,0.008367971262008932,0.7305156732091719,0.43964369902521766,-0.007208501642070757,0.704122300060858,0.4459081364517399,-0.0030815993235747486,0.7334924346705802,0.4147069027294813,-0.00034969440416044405,0.7261988195584478,0.39315980317386245,-0.00991104195692213,0.6898690435899566,0.4711575367907413,0.009288165534996578,0.6940326448400252,0.4244823284271049,0.0021900766552331447,0.6804116271290723,0.4246743603881156,0.006151610401234379,0.708662075947659,0.3901816660740089,0.0029446433882294835,0.6766433543021051,0.4656322816639825,-0.0011137151062269,0.6817562682274578,0.44209684811754246,-0.0065577817122015,0.6897480222186739,0.42399337403409454,-0.008443346764075096,0.6886297483670192,0.40370964551727345,0.00347571611482584,0.652168541193475,0.4694778695916568,0.007705786771203383,0.6817525481609693,0.4489455240747878,0.0051371346822227555,0.6511185809250355,0.41516639619255896,-0.007031539276504373,0.6835837681441984,0.42309710410940554,-0.002472611877347564,0.5435775801050869,0.6709673269463061,0.006892319151419185,0.5636017544284954,0.6315619433612604,8.228897296521515e-05,0.564542265126911,0.6236977673662679,0.0007698428421923035,0.597778874171712,0.5928318459304946,-0.00865599256498539,0.6024579733220601,0.5760030159099326,0.00978096708903183,0.5529692749483559,0.6385103414050538,-0.005248656806020793,0.5421308952857786,0.5912577681660651,-0.009325799294096156,0.5529008159938222,0.5530444348095374,0.00156214887827957,0.5438062888115717,0.5174387132061214,-0.0065593250162662865,0.5544578481867064,0.6431653190666903,-0.004501917872250023,0.5205178921153525,0.6064482424351704,-0.0022456963751461625,0.5369260331849751,0.5579186920487101,0.004593078166156932,0.5413874236973789,0.5389276215100403,-0.009671646064595396,0.5326238555310208,0.6379340772932376,-0.008444322764944334,0.5284888976387337,0.593460270557679,-0.006745141501981231,0.503478995527006,0.5843210845269585,-0.008311614057306415,0.5084823140584163,0.564005295680976,0.0010475444495161197,0.4998289259867589,0.6381055187077399,-0.001897260451299277,0.4979473550965787,0.6294688183531756,-0.00866218699574102,0.48477817576945426,0.6134557471590875,0.009466567587362222,0.48436123653583224,0.5830848746807055,-0.007922969864205978,2026-05-22T14:13:58.527464
not_help,0.5357557710429157,0.4166144082381984,0.001353410224025655,0.49415016278651047,0.3977856493751848,-0.00932160268361529,0.4899978320990099,0.38650160138440426,-0.004785679419601996,0.4482277241014975,0.3665002112727722,-0.007567602075607027,0.4708927598605225,0.3591002543068197,0.006216413855495104,0.5372047549307676,0.40625443358493946,-0.004871744549883677,0.5215356235787977,0.37590819635427764,0.004772267044539697,0.5222217920759918,0.34203888930985377,-0.005595763720837583,0.5354381653466291,0.29290286574573465,0.006704930226551041,0.5189739392872964,0.41862064070047217,0.007481868161826161,0.5074159036969687,0.386494712738288,0.007721430488979443,0.5100870804586437,0.32293758936450373,-0.009304858875093348,0.5068459055290817,0.30562105999994876,0.004004957266466314,0.5102239512521394,0.40077445908967724,-0.0013438468418524082,0.51068427781855,0.3706918641119258,0.0036953018248275047,0.4957657906744492,0.3408254106201444,-0.009004427038304957,0.4793154114633545,0.31910996820798065,-0.009987739514566467,0.500260928962002,0.40852157451618176,-0.0008907892639847103,0.48575011119601386,0.39852469339988655,-0.005511352359933521,0.4745542806503094,0.3496931391269504,0.00414288820132183,0.470125343893479,0.34713005455820944,-0.002743404512010523,0.39795049269959865,0.3935774025996617,0.0075397626118055335,0.42024224306571495,0.362624228299966,0.008117489461088636,0.4458429515242626,0.336220177962056,-0.009358037544626024,0.4578093344476403,0.30916592036370266,0.003289479347973457,0.46777434697081455,0.31144534798633605,0.008490031610044803,0.40155880491472407,0.34935377949219654,0.007057365565830543,0.42259629548841,0.30964126546586745,-0.006609749413804938,0.4082426445370961,0.2942161561513826,-0.006836771787033225,0.4000423450020978,0.26627856094312063,-0.007609986296737996,0.390218825072773,0.36499592861982055,0.0028245171209734556,0.3780381243971346,0.3134325932071763,0.007745351152312034,0.39781704028327636,0.2938337862747106,0.008875098261901975,0.3854352957634075,0.25783770392431826,0.0065291194595266545,0.3663620547480048,0.36196261975338223,0.008908579669116708,0.3713766897980599,0.3261024095786903,0.005970785613170536,0.3817997569297043,0.31778096950902573,0.002420378495521021,0.3613062692338588,0.30817953917049007,-0.0006904304030731501,0.38262514667904657,0.35730776829713273,0.00011867162721261593,0.3797463430880535,0.3533725071890077,-0.004459189494511613,0.3627571303310928,0.33027377973291744,-0.005792047185913452,0.36658885857489193,0.3236405804886706,0.005323694327637869,2026-05-22T14:13:58.527464
not_help,0.5822426408429122,0.5022691220847808,0.009212810153513823,0.6025584772678604,0.4756947538898837,-0.008743237064283404,0.620025186558628,0.46754855504134263,-0.007023018627399833,0.6041738980395669,0.4589369568762752,-0.005142958610939634,0.6232926952424336,0.44399216483550524,0.0032930410139721603,0.5892046355516484,0.4663533368093162,0.008121534283042376,0.5833042933038391,0.44745836084091584,0.004699054265608011,0.5917686041419601,0.43513314469040176,-0.0054075613209375265,0.5975623941460638,0.38793758356092284,-0.0027323730914650436,0.5809404541243873,0.4855039777964759,0.0012748366781631954,0.564491570048576,0.4355581093794524,0.0026971469649102135,0.5623017640146704,0.4384595107742937,-0.007754532294574488,0.5920997454980687,0.3901413962446693,0.0011899685921634134,0.5766034568679796,0.48150564718760575,0.006361678951668144,0.5791021764836785,0.44402776919507136,0.004169814051097207,0.5776196945217463,0.4174435897841765,-0.0016346362403946487,0.5722421696501137,0.4043652284183554,0.00621240652383631,0.545169240924397,0.4889297515117327,0.0055022321923171875,0.5595457264334994,0.46202539433088247,0.006222175352145495,0.5482603250238842,0.4390440229379534,-0.005874727714988992,0.5750664195151218,0.4249910901343246,0.007931157818219509,0.6683300008400835,0.5648569785329606,-0.004843035644890588,0.6842592587002196,0.5505499224630971,-0.0072786370454863605,0.7167869346521281,0.5290820448658363,-0.008042840470745128,0.7071891385638078,0.5253453662768087,0.0005767025534196522,0.7305622259042855,0.49687670980086696,-0.007803765588214695,0.7006992355443098,0.5334036702307083,0.0020770779638788414,0.6826155824167329,0.494900618312195,0.008498174759199164,0.6953923185443553,0.4697744260925599,0.006462031114506566,0.7059079439935281,0.4246183411628931,-0.006448360878788877,0.6747504124263292,0.533410969305609,-0.004558709265943008,0.677255763883783,0.5280947452982983,0.008250837757023973,0.686473457592573,0.4872815145813445,0.00400198771492819,0.6491158106906226,0.4457698305290465,-0.0025289067646226873,0.6354077753820014,0.5513943028017996,0.0019494956924973935,0.6512284159516033,0.5414995060494976,-0.008740250870182256,0.638050465458079,0.48601906633006975,0.0053946312841891796,0.6374491935890721,0.45759967466221096,0.0019029398287378815,0.6420721046554084,0.5765889486844031,-0.0008434399586533022,0.6360202002525778,0.5174366494484429,-0.005246160316586957,0.6091440112408384,0.5224952494365933,-0.002351408234870682,0.6093280991430616,0.480192423090243,0.00807128325798353,2026-05-22T14:13:58.527464
not_help,0.3270873748179236,0.3083722484890065,-0.006653752516109679,0.30286307972590404,0.3287771693787868,-0.003401033160513629,0.3055242381798057,0.31064893439260605,0.0036256994014309037,0.29790210337266076,0.26649035600656923,0.0017825102106442496,0.2777449582373391,0.2500043568281151,-0.00711186582157467,0.3623989562779204,0.3050391707068663,0.00036021285542731617,0.32782282554925923,0.28156322787260135,-0.0062279856377825335,0.3556453501459418,0.2719700734717841,-0.004480446886715537,0.3621006800072503,0.24848359749693913,-0.002268649859614378,0.32067966813164545,0.3071509612000205,0.0032064252331381864,0.32451910458943684,0.27869638949855935,-0.007992238547148634,0.3357328806831995,0.26239170948502344,-0.008928187040673136,0.3368491247383043,0.22391038115753872,-0.009984196886639637,0.29815633551597176,0.3136138941243077,-0.0024195696637904747,0.3129077753158567,0.27585885373491476,0.003112615284411249,0.3308189901285332,0.27809552445929064,-0.005855327036369305,0.3263992952721276,0.2510773107327855,-2.801956541944803e-06,0.318744443842354,0.3143680656304761,0.0027517808460978226,0.3172089303913821,0.29728818599218443,-0.005691858263185594,0.2938630119037359,0.2743266315368169,-0.005349915255224978,0.2998663201726653,0.2738362123501729,-0.009611599575423613,0.5882293054458885,0.5629807572670286,0.00717420831672576,0.5239258187897566,0.5344233298806884,0.0036742854483358435,0.5354719247087912,0.5197303025146793,0.006741643917659851,0.525049156921633,0.4691659578936353,-0.008164450496123521,0.5037290725916197,0.4448807391452072,-0.009009831807685817,0.6191777377735037,0.5020829901297105,0.004825511761128387,0.5808028985875716,0.49345169038310444,-0.003424405693914454,0.6015441426680235,0.4426147019426598,0.0005216888545810702,0.5867346931405198,0.40236822465187116,0.002375243453686518,0.5843008637376274,0.5061059058425272,-0.005605886501605784,0.5780718598023565,0.4910234665590112,-0.0059142072004282255,0.5858963169557699,0.4253951631019616,-0.001646719702125727,0.5639371108422955,0.40672935487820483,-0.0003978021145094983,0.5514452729011148,0.5079122589380621,0.004329152253474033,0.5600940468047644,0.47350449925382754,0.00807132718250479,0.5492367556103825,0.44835031499752376,-0.0077273127297082045,0.5328733823672162,0.4157634550248061,-0.003481574361164537,0.5336146487420308,0.5280603601337978,-0.004956574463835571,0.5501100774986462,0.4844777868575024,-0.0017325389910402382,0.5447697692707477,0.46684871401282846,0.004844297726024212,0.5407261199278773,0.45967392723368833,-0.002888609160047439,2026-05-22T14:13:58.527464
not_help,0.5679990563710204,0.33555527867876217,0.0021311659777134492,0.6221724747578469,0.30586932880566103,-0.00047869656295240065,0.6320946532013124,0.27694914047565583,-0.0010857075725980506,0.6083232229856864,0.2774854467084136,-0.002271410355787047,0.6406152729231761,0.2757488492849684,-0.0018657755039956994,0.6204192025565878,0.2837602393289771,0.005286342371984075,0.6063408118470195,0.2931373504972301,-0.007488319654156328,0.5834283678123182,0.2609774223860433,0.0014047361754393264,0.5995860258820251,0.24407027970923936,0.006766354272590735,0.596249423802041,0.2969042727306286,0.0037179168163055804,0.5697275184680989,0.2788343031793867,0.008430770893706098,0.5887636879020649,0.26855935343383,-0.005220854073493275,0.6051343177048069,0.24533476384441297,-0.002429284466678272,0.5703908904264673,0.29883448147794306,0.009868483903668157,0.5634652739703152,0.26465629129011664,0.008807321636624134,0.5793730505224841,0.2740784582597607,0.0027363869506952417,0.5862241031635776,0.24774616417535694,0.003149658583022725,0.5626085357631885,0.3021512350497676,-0.0006056619402613466,0.5506797277290287,0.2854304430931226,-0.009529686328478833,0.5433242351765954,0.2825448275321571,-0.0074078642960975945,0.5564153454837472,0.24928253962196417,0.00497448746243561,0.32125967897104885,0.7488032197860236,0.0007868304511736562,0.2806385963150028,0.7037258859447806,0.009809085399084977,0.28654967287269456,0.6993510392974664,0.0041503685437780675,0.27147042872619914,0.6911003136426805,0.008274477964964612,0.2667418541581509,0.6388841210863591,-0.007923882225962846,0.3444586065508623,0.7010850703878047,-0.00034816106013475963,0.3537920775805137,0.6712842017030718,0.0006986994188660448,0.35616104330548215,0.6399829966627696,0.0017006116499425992,0.3504092445871822,0.5950112253035675,0.0007863282050033851,0.31147719585508393,0.7056833320293538,-0.006717168142253401,0.3153165168039116,0.6582906415157749,0.008912272623678228,0.30594678573786455,0.6247850420523018,0.006457798730522437,0.336395645181411,0.6054537602494621,-0.004355024490508168,0.30356234016884653,0.7096264072226962,-0.0040013921863194255,0.284978615553998,0.6762343461583242,0.004584449763763711,0.3175680610542825,0.6611713563007116,-0.0018503031647855786,0.3129582761697725,0.6208798786260741,-0.004473918215350516,0.2836626527560157,0.7088106513407936,-0.006213946101404246,0.29461388502047253,0.687205474200957,0.008717419082124549,0.2832392267105681,0.6587742625826988,0.009642349060445908,0.28242124324914514,0.6484854420112015,-0.007077469513913571,2026-05-22T14:13:58.528465
not_help,0.5430343171691063,0.45161666527194416,-0.004623819842127521,0.5113095598285738,0.41003895078345887,0.005561711268126445,0.500271366634857,0.4053784338203914,-0.007092854269155511,0.48707911326838427,0.3827075503535161,-0.003637725331790711,0.48830837451473585,0.33742084979670894,0.007723832070742431,0.5573305507734845,0.416396279073739,-0.004777783049318034,0.583220850521577,0.35138623380052825,0.006949341277479882,0.5589585084937676,0.34289862593950726,0.009185138258368643,0.593168171537902,0.2826322548118682,0.0033902928112553733,0.5594148319430025,0.386676714827513,0.007634331975867549,0.5579557843597379,0.3733647572736415,-0.00954731467597022,0.5555358372267879,0.3431363317824974,0.007318535101621617,0.530283962202061,0.27242004403173387,0.0010499992238403935,0.5361536712165326,0.41294419081204514,-0.0030510843439921827,0.5362631633420487,0.37074093984670536,-0.009186068312632852,0.5211992055519801,0.32547163367959614,-0.005483680429597511,0.5071200113727489,0.3155602552025947,-0.005949165262038658,0.5158279381238344,0.41532853935374864,-0.004382185159790224,0.5201792085898114,0.3763341213957512,0.0031913509001141142,0.519672705537079,0.3752940210711331,-0.000865276024038221,0.5224123470280728,0.32225706354676226,-0.004460446425775571,0.6242248267712124,0.7032212595153418,-0.0005003236058619426,0.6607926188785848,0.7020427973738914,0.0013895391206843952,0.6625539177431521,0.6809154557820358,-0.0026655874404200386,0.6740779984835741,0.641512402733786,-0.007649508713035482,0.6773636085077378,0.6328331790539002,-0.003796226282083608,0.6420639032731889,0.6791085690861555,0.007521825133407394,0.6585080943718666,0.6462563835005019,0.009002113002353115,0.635920758025646,0.6390076005485223,-0.007482235208054458,0.6369329256473464,0.6248307231324017,-0.008599474324083803,0.6310054448830095,0.6760593097618453,-0.004113209140250314,0.6142567391428302,0.6763853212979273,-0.001221408748214737,0.6187324295351673,0.6338920108665589,-0.008003099981981815,0.6431010057237909,0.601406042856554,0.009780454695440493,0.6058565176097856,0.6711728554288324,-0.008603412165155026,0.6011134208250875,0.6635441504896432,-0.003592484841979531,0.6263168912223934,0.6576955616873006,0.0038117609368759943,0.600336814815382,0.636094371230428,0.007440364317305789,0.5932764223504414,0.6864113216117228,-0.00628432052732214,0.6084681813106598,0.6906895466445948,-0.004614059299536013,0.5953865676666233,0.6388894814006797,-0.003906632879093879,0.6058287713044479,0.6349048582994006,-0.0020526680987897946,2026-05-22T14:13:58.528465
not_help,0.31189718833965097,0.4349428986070847,-0.005538543769612631,0.26223167285783133,0.4156364212661627,0.007817539201918052,0.280293920585293,0.39080610616589273,0.009050208595639797,0.2462413672735244,0.36956790668287076,-0.0046280684051160995,0.24707760488388614,0.3438028509815867,-0.009923663061527312,0.3531354535803975,0.4061903762138374,-0.00041200910352357824,0.33099170564885755,0.3793325497943065,0.0029803988656101447,0.3275541487208292,0.3466297062881272,0.007175110951097576,0.34299357577656064,0.3088778440322257,0.000263864309558319,0.2967634228901218,0.4235514968127716,-0.00909626330034873,0.32148331906361804,0.3932606471565092,0.0025661456943806595,0.326581305256694,0.336732419448149,0.004764224517514414,0.32263021607039727,0.3031417267683528,0.0024482024072846973,0.2924897695736019,0.43033846191570063,0.003136639849224793,0.30096302132511754,0.38788554152953,0.006488977372827236,0.3073805264168482,0.37607323045301383,-0.006018522411399711,0.30952606141469485,0.32025011477816545,0.0020112169866860173,0.28794616351634295,0.4223253666889281,0.007273473441007388,0.2785228132600562,0.4053850025560822,0.008864971003094498,0.28665145354969895,0.37190867785694637,0.004624056414599559,0.2798102016314273,0.3593073798309052,-0.009537934933807255,0.7626378610271541,0.5539069768340396,0.00786410854286689,0.7484122395008667,0.5200497784888282,0.009996481637059006,0.7007158800668161,0.51005892253933,-0.0039027216500891852,0.7103962620632883,0.473954129052235,0.0026328511415357556,0.6846195404952137,0.4309810580227583,0.009763628970462937,0.7656877701609768,0.5222576214138721,-0.0028094430518192113,0.7824818091576121,0.45964036628860067,-0.006570197008823593,0.7832294258114053,0.44655716131379763,0.0075830183877819025,0.7786882108410074,0.39492101999265533,0.008876084594731942,0.7797866454624452,0.4960347003621652,0.00028706905020439016,0.744116891009531,0.4646853933582093,0.0001363136582916355,0.7511860926899274,0.42976279256854666,0.009144652564831759,0.7730112136773261,0.3971782079848199,0.0006794069191482684,0.730307917938117,0.5266131041226606,0.007396353247360267,0.7437796715540272,0.4912260174620528,0.009524830122276352,0.7286764115186785,0.44903751278671,0.0024221761172469377,0.7325879403203915,0.4164003427250891,0.008101653732245086,0.728693052123494,0.4979650306603608,-0.005142670810443843,0.7213698566880277,0.48901460224956017,-0.009633697318544264,0.7190329573978983,0.45532914932912166,0.0017302044441837791,0.7318216173030789,0.4333836456620451,-0.00483085922458665,2026-05-22T14:13:58.528465
not_help,0.5537412891774205,0.4322799481758704,0.0074840191424301716,0.608066171511234,0.39787542597016634,0.009892043503099536,0.6057383073921493,0.385892040223224,0.006461485025295534,0.6012811208692774,0.38365967876822044,-0.009214434768620099,0.6120820042756676,0.34106375432759045,-0.005181023649768264,0.5870001159666804,0.39082043315121123,-0.008470438187614945,0.5678669791393656,0.3584534883321984,0.0032069085735736084,0.5991510768904204,0.3394217226103279,0.0053663733589657345,0.5612888848361034,0.3194361110084907,-0.007796179292297598,0.5402703248243413,0.3905028433409048,0.005676871378575537,0.5538322539516203,0.355822520341751,0.0002995733369023767,0.5729123459069886,0.322412768376585,0.006415062614435986,0.570759526415629,0.3017959143038617,0.0043951347717208315,0.5284741806937941,0.40186673175825177,0.005682414078378125,0.542282392182675,0.39366268982882946,6.658467437452992e-06,0.5353723810589572,0.366072092717991,-0.008038029232008645,0.553722874677064,0.33504915046644995,-0.0058990833291105394,0.5171961190245911,0.4098033984663194,0.0003296155268290718,0.5234489877980418,0.3868061961916498,-0.0032971046677660668,0.5374488076415123,0.3608280694510555,0.003358670892140989,0.5273022841392585,0.34915691169549024,0.004703478319573072,0.3234170285514171,0.7819930253566048,-0.006388369745914479,0.28477129897539316,0.7788510754541789,0.0010417000314734519,0.2647329588502255,0.7546992818641939,0.007417736406531894,0.27214551934729625,0.705236218290981,-0.00711034715809304,0.23705199591723086,0.6956934519993598,0.00749521532933293,0.3468715901670494,0.7417485370192239,-0.0018481829643101789,0.3414110628596484,0.7364795276467268,0.00987987990090306,0.3262129882119589,0.7074401573019232,0.009351279645352607,0.335543872277386,0.6515841589380036,0.006127184246550283,0.30847253133496244,0.756156010730775,0.00968482039151655,0.3209229990592623,0.7320637536842713,0.008731991919371218,0.3234060946457,0.7073861345764397,-0.0015760041880822258,0.32069389456131453,0.6461354913730512,0.005100806179067368,0.28998197019583877,0.7656681191486179,0.001408377625857618,0.30906071361423176,0.7358529151805713,-0.0057352286646392605,0.2799228827405238,0.6963937023221927,-0.0013362879588517135,0.2947310969685884,0.6949374391938999,0.003614714155765206,0.2829267867989594,0.7777493080319651,0.003588950222338929,0.2713696589798845,0.7246046749547641,0.007178931470997603,0.28911155150325135,0.7300654918029184,0.0018892283945973337,0.27346825824939724,0.7178723059371543,-0.0005333234220454442,2026-05-22T14:13:58.528465
not_help,0.6893861485416154,0.3651823156256461,-0.008969588450427134,0.7478569882849861,0.33596845988134877,0.000603872819444691,0.7326956391480246,0.3046608265941395,-0.003017192861657942,0.738110983396585,0.27837479588772523,-0.0004914659557865853,0.7657924410770607,0.2680891433959442,0.005299134640309495,0.7314279082526989,0.33735390615330657,-0.008616652624643437,0.7107961848430693,0.2876357894049777,0.0010630042591795764,0.7167506625290807,0.26605653478623975,0.008248481472992212,0.7179206333752755,0.2167795752462049,-0.007947510527007987,0.7116489439539586,0.3210864933174399,-0.00606705588516473,0.7074418609256229,0.2845280540973358,-0.0013771495382018852,0.7090240114907578,0.27486390549055273,0.00039887779122124885,0.6938512697250083,0.24727217269036997,0.009394918141031267,0.6781307789092708,0.3408016517442444,0.009674491533761752,0.6772686696067717,0.2845709839173913,-0.008300472532400118,0.67548585257697,0.2868484963638441,0.009015971101586974,0.6916370495172822,0.2564066827051818,0.004374096365361549,0.665555818227906,0.32618216910199094,0.0053937034956542135,0.6826563934817127,0.3290905200317862,0.0021526966006040153,0.6463988535493331,0.29610647801157347,0.0065366634013178816,0.6801567937131908,0.2629170267237185,-0.008121927302517339,0.32869738002906107,0.3145904634609181,-0.00900668785734986,0.32642469608021396,0.2756504517039106,0.0056932374702711366,0.3461046283955961,0.28464334159823884,0.003853750307873464,0.34717985528619244,0.2546544355269555,-0.0072814353245373555,0.36576514591572057,0.24267452306307036,0.0006862028896906236,0.3497827419627507,0.29209159728863665,-0.0037655514576128216,0.3350157459969611,0.2629015764133422,-0.004000522108230491,0.33467036670203365,0.22642760310412724,-0.00933206241433434,0.33117356068399434,0.2106244172811261,-0.007204790993419936,0.30628726257181815,0.2728391678804957,-0.0016812807604099263,0.3416335118794229,0.2609073376875047,0.0026853336823810213,0.3097019407584333,0.25131730996528606,-0.000319628475898592,0.3191530617491228,0.24335336972231483,0.005525427991818035,0.31627753194448044,0.28383827006258927,0.006797878098102171,0.29625711387950265,0.29234066800428965,-0.008102357302902485,0.2930575719329028,0.24162552425486933,0.004580961404272346,0.2978938215127116,0.2550423416933599,0.008361928271620038,0.30468545778833334,0.30228159312269204,-0.001013234160053847,0.28392145090988596,0.2956680052181666,-0.006595478646177395,0.31268163236957114,0.26323699737819906,0.006885449955170238,0.31350769066134965,0.25913782814028746,-0.0007735786295887427,2026-05-22T14:13:58.528465
not_help,0.4184095937487779,0.42929025403921817,0.00033918885289802893,0.39207372714688454,0.40444290615428746,-0.0048506831792989695,0.3985804524051908,0.3963445489867667,-0.005586306443213167,0.40899392242656024,0.3871133247954306,-0.0032907558226061197,0.4080003059433623,0.3440146074842977,0.008626643444024884,0.43186943040649767,0.4078103474407732,0.007695871596118653,0.46146682861041244,0.3632912594775085,0.003627524618090001,0.4292997943534032,0.33736628737346025,0.0023719304545603507,0.4502141336350905,0.33875384008465315,-0.008151702664549607,0.43542947902881807,0.3972894118289739,0.0060915949771612275,0.41836191774647014,0.3713281184808886,2.491838510064806e-05,0.4147403427721198,0.35487638777788755,-0.0001036327133839346,0.43229417801234005,0.3131800073416927,0.0034887858128967286,0.42542762836917764,0.3806856545468859,0.003650707955310483,0.4229110200770779,0.37975705946693145,0.006446860614778787,0.424749540681025,0.38221033727337245,-0.004282268292144577,0.4271351923737675,0.3390008717033814,0.0019173571013084076,0.42319908157638725,0.39058832235278873,-0.00856739776116841,0.41319598043228717,0.3720770414080094,0.006341077549306013,0.42369480587000197,0.355380713029405,-0.001430809994492594,0.4222630844519816,0.3660877345665313,-0.008567061505487179,0.7849144420098231,0.4540447363876407,0.006767366987810464,0.8069677942964981,0.4234985790816575,-0.00442696614157397,0.8464372228315282,0.38659532782738504,-0.004808942333913804,0.8256253044652431,0.38467949090445525,-0.006824064521714919,0.8626263187570152,0.3754059615073673,-0.006566209686874604,0.8185333376590811,0.4115159974816303,-0.005518050531364543,0.8207442095275767,0.38459643432810836,0.002951741342488618,0.8022814211947396,0.35775615076975936,0.005739931598921734,0.8244748371502477,0.3263254542499309,-0.0065452025189171705,0.8023180850911599,0.40428991201081416,0.0073280646246351635,0.7758230869757919,0.3625143745741037,0.009038782974789232,0.7962223281864588,0.34244141767056335,0.0021747887401233484,0.7849855003064411,0.3223446927429958,0.002279311556008322,0.7694551825018252,0.39973613060763197,0.0050001503038895855,0.7608789995772111,0.374732971198607,0.0010131010372068823,0.7622607683021383,0.3700487747938438,0.0077447210625250385,0.7827546815848531,0.3240348993318887,-0.007156390670450188,0.742918379000844,0.40677431774534134,0.006656972595840109,0.7394058666782722,0.3862065657066499,0.007148138714186963,0.7595011566281763,0.38842633591782894,-0.004577016731124979,0.7422048462635245,0.344256950904988,0.008033116461146616,2026-05-22T14:13:58.528465
not_help,0.6048483234087323,0.574750072598673,0.006828592725381949,0.6311883183136163,0.5741361338793028,0.008954561014178216,0.6490312728799855,0.5559473630256151,0.001222566390085644,0.6567601261922288,0.49689376305317445,0.0044364883079859516,0.6762196564043529,0.47743369487355863,-0.007044468571868625,0.626102176527235,0.5465511763414641,-0.006883745162463961,0.6216503994851837,0.5345462451272582,-0.009048627353431718,0.6137036025843463,0.47183773581218774,-0.0005968170717222093,0.607775918191138,0.4315031935878115,-0.0061530954851642195,0.6060091922840868,0.5345969997178732,-0.008040577582026616,0.5818983841264691,0.4955038256236299,0.001931016767138338,0.6193668458829047,0.4751160761560868,-0.004979264989506185,0.6016220433138703,0.4609176060794407,0.004386822374219107,0.5736131211398111,0.5353954354144749,-0.0013589530847117684,0.5699999910188636,0.5423627576926314,-0.0008663133899467386,0.5674436069027504,0.5008169782724183,-0.007918013589063822,0.5614983147142977,0.45647571408973325,0.005389523212746874,0.5658809237202774,0.5479459357840211,0.0001212010981575546,0.5800838190617524,0.5377506305081028,0.005779173743718431,0.5779830529461483,0.5294812080414432,0.0028895530616643034,0.5534331105489907,0.4808820109036044,0.00018419060991522324,0.7244089456982774,0.6823230405349782,0.009937126981269606,0.7344799381965847,0.6929791284501416,0.003156141933802037,0.7373787800766511,0.6789058209049649,-0.0051904358533926675,0.7469268566301662,0.6613106606910586,-0.003532592518365272,0.7873743646558131,0.6589076131864421,-0.0035145455185010025,0.7481799082758152,0.6761079245139494,-0.0010211637737011277,0.7348389758842649,0.6594345191040665,0.0005722838206873096,0.732995337037198,0.6414283359419065,0.002182563382647806,0.7468561153608982,0.6109215928655618,0.008776880647142974,0.7167167640931879,0.6551547417378681,-0.003281966691581739,0.7500335892258806,0.650995699356603,-0.0071518873921570195,0.7379717311978937,0.6409899145171699,0.009763914799634005,0.71236459034184,0.6087188440456763,0.006524732770034935,0.733953384628104,0.6577598192016901,0.005093047412459988,0.73049752716952,0.6505441447622491,-0.0034759650107524754,0.7371322514378731,0.6613641642296829,-0.006247884756000577,0.7184903287094763,0.6139249077948836,0.0033985037544235607,0.7177524136675465,0.6762320589349725,-0.0003799003340870903,0.7259837396292748,0.677280069712497,-0.009300264319070543,0.6933893768578273,0.6594188668577994,0.003039231251845279,0.7190431855967572,0.6433568350148957,0.006442906966951224,2026-05-22T14:13:58.528465
not_help,0.39307238064311173,0.5803655041141662,0.008226955045903405,0.3444599486256451,0.5880538942643941,-0.009785080401547644,0.3691643374662123,0.5890533539135095,0.0013839896576710083,0.3313333825676922,0.5730628566155146,0.004217163106311357,0.3615434318543334,0.5513602604463093,-0.004339261352183046,0.414348487172912,0.5861496662970646,0.0060406607451284015,0.3929360279263926,0.5472100779827253,-0.004152949524561565,0.4081707441000715,0.5186793997628879,-0.0035091971839531274,0.39770268176546836,0.5358654014409234,-0.0010173879663302968,0.3679862015087335,0.5710923285977565,-0.009846912908504651,0.39019305449123937,0.5632557190365407,-0.005895742511799799,0.37270255914107825,0.5193606979062686,0.00768695125513775,0.3689855850576267,0.5294530776945371,-0.007864494025302378,0.3674458718996012,0.5706407193641553,0.006793006121150457,0.3592141416449066,0.5705360657575612,0.004545825969313471,0.37514764835312836,0.5399050555407142,-0.00882180243614785,0.36805372097795147,0.5345311908779047,0.006861554709468804,0.36310501597273553,0.5711533858030403,-0.0026711736697744275,0.35151962347626636,0.5540119487145335,0.008113155959821377,0.34242340731541077,0.5391930940668803,0.004400262179776493,0.34641680125940394,0.5445658354845389,-0.001583915837250531,0.33294352661013193,0.5970602340070494,0.00975546282737085,0.3469165047482544,0.5819008356617327,-0.004206669773889369,0.34200228606742156,0.5365901876519703,-0.0029865185575975155,0.345242765208355,0.5422982686494929,0.007814788776404935,0.3504639716308323,0.5035363783827509,-0.007278687987193535,0.3519272279751866,0.56515606039598,-0.004953628907594585,0.3469854967901767,0.5260043769969007,-0.002179436432303297,0.3257937673459486,0.4981193225255484,-0.002755398309182913,0.3355284896930862,0.49884377532639773,-0.008169245544188065,0.33366578504767774,0.5703409608020676,-0.005171783225178555,0.34127730036379894,0.5280979112431936,-0.0010227396624369871,0.3061248041259552,0.5217494471186,0.00040082098352171684,0.33893644590145694,0.49426373970519255,-0.007688430902671481,0.2999166697348958,0.5703375007796777,-0.0022345322651256775,0.2993327572196196,0.5402035535607554,0.009845859618780114,0.29524133535759095,0.5222570178442276,-0.006738459402611681,0.3002636686146598,0.5060670259383223,-0.008624775419537297,0.30064806491007967,0.5572708257031559,-0.004406935921831636,0.29906979741839224,0.5601748477381983,0.005835238976281928,0.2892840301792927,0.5284921901215703,-0.003739718974088797,0.3042756168521617,0.5393727155284189,0.007087831634386794,2026-05-22T14:13:58.528465
not_help,0.36644123303016196,0.5447975050868427,-0.00963605582012422,0.3628346255545143,0.5423834913343719,0.0027660577725841344,0.31744255934856225,0.5292204922601168,0.00946798337917235,0.3123060960602452,0.49299082419975104,0.003971866355716091,0.3273061637825057,0.4709676943154136,0.001217902046889062,0.3655355847653667,0.5290796039199412,-0.0006179383659800138,0.3680843560341934,0.504657492784454,-0.005164631308479448,0.3920295554031147,0.4707097460754455,-0.006993478676165339,0.3872344846440994,0.45413709288426407,-0.008181640114295556,0.3726989572585015,0.5000424631780669,-0.007539124963897954,0.3700409396395373,0.5026652707269951,-0.0052448357377009105,0.3643707383825797,0.47359886921850186,0.0023990814010781732,0.3608797994447212,0.46173746145989325,0.005364822330917467,0.3621067082609911,0.5275499090008202,-0.009250746329399711,0.36671403392077173,0.4977567780260749,0.007641802250025606,0.36218843056786054,0.4682479861928184,-0.004078749290535677,0.3669626083881154,0.48456344708586696,-0.006197696874450587,0.3406920449815845,0.534859552904287,-0.0038496918538373425,0.3281440501487118,0.5306923720160969,-0.0031751058943950876,0.34341095869181226,0.5097445427469272,0.005473123936192622,0.33761134404481674,0.4861053163019716,-0.00747846758795399,0.6588378391773166,0.8088943009354834,-0.004283733663316604,0.6755708201702522,0.7804752194511828,-0.0011443648533188914,0.7109553573600127,0.7793057113842616,0.008028403890446007,0.7260726420863272,0.7713500513974026,-0.006574224475300454,0.7017856348316815,0.7328748688059256,0.00981084346751711,0.7050995242820642,0.7756600525574349,-0.009622653985253565,0.6878736135930116,0.7486333682411581,0.004758865066936822,0.7032901517754836,0.7509991914232432,-0.005913296439034219,0.7047007806631685,0.6939666850239089,0.003274461205313328,0.6604182834258118,0.7821607910040657,-0.00433064351684896,0.6779537520163318,0.7662497349152156,0.004662271227844296,0.6816324118503835,0.7352646864924037,0.0022689787007537723,0.6885652429534338,0.7014614842125786,0.004423412053338141,0.6517879851715299,0.7728929977010475,-0.004626702214466006,0.6388086235006745,0.7651554409145724,-0.007268391950998541,0.6440162158477933,0.7366248987834456,0.00999930055302419,0.6445260311738298,0.707113292785513,-0.00807966178056179,0.6547510606743493,0.7748611656331983,-0.009955543265424329,0.6336068684580389,0.7581059749271924,-0.0040674721893571,0.6517807178446147,0.7619428604046303,0.005488110125375693,0.6533057323802943,0.7286728365314777,-0.006938827112453399,2026-05-22T14:13:58.528465
not_help,0.6139028180085689,0.3988657617391492,-0.006844919627665758,0.6353145368547812,0.3716250213680586,0.005950171878671721,0.6303024328667165,0.36338013400317487,-0.001600304732567089,0.646878643555228,0.34003948903524345,-0.009327718029106695,0.657561597657041,0.3326047421256223,0.001549065741820333,0.6272244531458103,0.35786172097073815,-0.005827953201852028,0.6153744518903731,0.35959456367515624,0.0014851544991944278,0.6120745176490252,0.33046870586686106,0.009813652031988808,0.6339929987268957,0.31208204858592625,0.004264666932061121,0.6142548318546589,0.3928095475927634,0.000421165134691516,0.6110712799918601,0.3315023700790654,-0.006210035117091477,0.6158887018965442,0.34284938066350834,0.00017119129420434427,0.6137637770409611,0.30201560230084684,0.005120886655241743,0.5868467993672893,0.3982169404032587,0.0040132809126791295,0.5972396447714656,0.3654755957014985,-0.001694425033926866,0.5951540934436592,0.3174938712175074,-0.007187504028628289,0.6011954396217287,0.3217116497958059,-0.005924603284999528,0.5615302293219671,0.37734610545621333,0.005763564101174923,0.5863510361947888,0.3656590876948232,0.002709991073234188,0.5766059052374719,0.34653094200516976,0.005218015089407332,0.5643061068064223,0.32719202590097096,0.00674377678778207,0.4992713352321551,0.6727819231636291,0.009763409712096613,0.5074302070946891,0.6289017556568685,0.00842016250043442,0.5214364127548385,0.6053201632917211,0.008766863934996589,0.5293731022088601,0.6009707262603374,0.0015222322610172687,0.5502606546243693,0.5516753962193471,-0.0044108646411443785,0.5178756656933072,0.6365973420549653,-0.008028413129236378,0.5150613893945022,0.572074459907443,0.007959239073843083,0.4935779876328393,0.5730217259909307,-0.004248775670241594,0.5060804921691427,0.5379321918970442,0.0055715794929721615,0.47931433820040525,0.6392349206925548,0.005206420418797134,0.4746696003773902,0.6001274684540876,0.005459018687357597,0.49776995955436293,0.5666775516140375,-0.004014718327031053,0.48794162202195207,0.5341065843467317,0.006594947618432103,0.4756152810855976,0.6209738266111525,0.001420061865984576,0.4629709080663123,0.5809319680772177,-0.0063342150639795715,0.458329301913503,0.5720157886328163,-0.005361918792233011,0.4852656184888424,0.5557565033781463,-0.009453441479086116,0.4579958438161116,0.6186220489034766,-0.005214667730366241,0.45633750540696083,0.611665597257573,-0.0015266842907832295,0.4512805651792292,0.5938972119066144,0.009817999973425992,0.45717709684490754,0.5740269643252955,-0.009099555120355363,2026-05-22T14:13:58.528465
not_help,0.4917947175728281,0.36810078857614403,-0.0064803646534303955,0.44205716512133114,0.3406763545074956,-0.006129080844943089,0.4227534639659845,0.3130799658081825,-0.006617415327821987,0.4424728399596852,0.3162881578316372,0.006535847310453832,0.39952929379334895,0.27507552917987765,-0.0029108915446278676,0.5054419326399465,0.34245703014607676,0.006586019759611058,0.5057885294495587,0.3123195101999485,-0.004287125558483484,0.4872300065444346,0.2571358824045399,-0.0020703263943339326,0.5064258815985336,0.22945230066477723,-0.006084181428204747,0.46531039656336043,0.3512731416106054,0.003367795979659003,0.4758471384950854,0.29116169043962026,0.0013317782973693987,0.48923299356189637,0.28558272692864967,-0.0014482980601571542,0.46137346719083483,0.24253295634035063,-0.007139137451838711,0.4471740952605992,0.33124480622124214,-0.0017198088144986003,0.44631718536330534,0.3270809896900206,0.0026549462213605376,0.4378656262854756,0.2740169933212612,-0.007855369008888675,0.46930540788931496,0.2643156272866254,-0.007623881311025676,0.44554954487017584,0.3402764012286546,0.002014900449145228,0.422865867810512,0.31858626647688376,0.004349976875496729,0.4584956938806644,0.2849483992044213,-0.008022624535310139,0.45718956618922624,0.2743868574810251,-0.0026619054603416467,0.6885075050974464,0.5904912506287222,-0.0048789668152403026,0.7181290111574022,0.5675973228066927,0.008841553814412368,0.7646994706306844,0.5407721405157407,0.006259551631488005,0.7556230202677747,0.5047160972518492,0.00772009211402438,0.7872698696327077,0.5035438473185325,0.009094957715963388,0.7384234725132364,0.5657792046306246,0.007187227719521861,0.7164353591801823,0.5330764204442696,0.003595536516110791,0.7110928042191724,0.4916534568183206,-0.006232527268610805,0.7122818809011343,0.428117554866418,-0.004799253068455465,0.6926287975347692,0.5525994369041786,0.004571874050502155,0.7099142516429477,0.49808269465960825,0.00594251244490796,0.7161766742754603,0.4651159174375485,-0.009437054936661167,0.6825656361880332,0.4369178309180881,-0.008647428847466056,0.6635957098084259,0.5446156759193556,-0.007830266568953265,0.6871813862525503,0.5470084358758722,0.009991217170743675,0.6634687175206174,0.4869125433270961,-0.007441995138356332,0.6705509004595899,0.4615975836490967,-0.000659781547161566,0.6806804105074832,0.5593857223069294,0.004802006294358993,0.6472483979447947,0.532172942241537,0.007146395158750178,0.6671208637487185,0.5008716747775789,-0.006115376403639676,0.6431640236973194,0.47687328930808226,-0.009370104557883941,2026-05-22T14:13:58.528465
not_help,0.5782781512593531,0.33642019932375605,0.008507668802469238,0.5888521490501988,0.326654368110169,-0.002122694862732281,0.5573914873472626,0.33107598873916994,-0.0030105275910022947,0.5546816967697354,0.30053177376226753,-0.00016906021342386578,0.5337357139851756,0.3185789464328656,0.0011859498086345902,0.6051223129863501,0.3493694917053274,0.0014481402694910498,0.5881960398724427,0.3315433469676118,-0.0018599103600136016,0.5903218149440624,0.3088303044910405,-0.008549589531283411,0.6004098120861318,0.27057559382644286,0.0018366569855194186,0.6030740162059238,0.33102094321653597,-0.0022562535926976216,0.5877149137034606,0.31960739947179606,-0.007723584040347443,0.5957697607715197,0.3046204593657931,-0.003646538688543044,0.5991779930164655,0.2584362035764815,0.002062561000008548,0.5678531735582005,0.3537953608016151,-0.00851426375893937,0.5844766443881169,0.33066413747106427,-0.004614912569026306,0.5700618108450523,0.3110017023340635,-0.004834234771168035,0.5626383501384502,0.30627356045777543,-0.0050196979302471,0.5762341907971774,0.33374024995054913,-0.005832204349018235,0.5795366749343399,0.3346787664561455,-0.009549917547346229,0.5685865201794671,0.3301785741942092,0.007099065587484242,0.5753844092199478,0.28572726159009537,-0.0002444095695218057,0.7918020091146591,0.7837877126557361,0.007239269935115608,0.8371512449940791,0.7690070440979156,0.0008445607068828086,0.8278885364243975,0.74288332742376,-0.004044086897951187,0.8544720358558631,0.7320398238432507,-0.0027893849736224906,0.8695243120588769,0.7207472534547705,-0.00048647363875932784,0.8320369462273152,0.7555840954341008,0.0012217922642322326,0.8127172588497252,0.7349759627203475,-0.0003948765903214937,0.8133085988924487,0.6985146073887,0.006250809020272306,0.8300501362225038,0.6742829406457357,0.002248583313836936,0.7937194349358868,0.7542776860003902,0.0030459133523210186,0.8004442496990646,0.7135601715451609,-0.0061878849057708666,0.8051191023397233,0.7091222184742662,-0.007763979585653589,0.8045282399992226,0.6599923138077597,0.00018579270087540518,0.7659095970485312,0.750896025823101,-0.007295069353196933,0.7713712696929821,0.7223336205080814,0.0014260805352028366,0.7640765494494755,0.7266821462979904,0.00665062411349073,0.7699417988895859,0.6867448436600496,-0.0013881628537463237,0.7648178724955624,0.7668990158891174,0.003998195872695107,0.7521230738329872,0.7586030884780366,0.005344794779168572,0.7526173923383607,0.7181288598873067,-0.005262255862192758,0.7712457531708299,0.6987211985791609,0.007057899711793552,2026-05-22T14:13:58.529970
not_help,0.3651954021039002,0.44686686656210134,0.0010321783609530486,0.38525620766885504,0.40612052905739776,-0.0098603946480496,0.3931413744547898,0.38616515281587593,0.007454389848892446,0.3922133956617379,0.363388923798394,-0.0065335103165128075,0.41286865259504524,0.3540351176607403,0.009293974839107334,0.37538823853669095,0.40910498530662076,0.004723234541976049,0.36772890947085574,0.3624028571376225,0.008935450108816629,0.39196812524066615,0.3431340758406174,0.004987583620110224,0.3693214492865327,0.3162452597217538,-0.0006776514330609999,0.3495721249090897,0.39180076448219403,-0.0005759254530153333,0.37876175323718736,0.38921046767407125,0.007441441816773602,0.3561436240403595,0.3379551648847381,0.002547100792861086,0.34445877229108496,0.3031148216054069,-0.0029099287613059714,0.3581707931168947,0.41638881964113694,0.005804499236317583,0.35476864952549236,0.3707416947299148,-0.007201498018947618,0.35624181344518563,0.3598542447586609,0.00906171813532621,0.32832433497361224,0.3447193848286276,-0.006161421319075882,0.3236954001441221,0.43358341885747226,0.007044943982442332,0.31982038651796835,0.39077967808454017,0.006232970593883365,0.32302525034704477,0.3686271373486104,0.007443999796293068,0.32354953753412785,0.34353081970009985,0.007989930464349168,0.7450707666962979,0.433950362868037,-0.008055060925746956,0.7507760241525759,0.4378946802149903,0.004658947529646566,0.7186645445938661,0.4093958761561443,-0.003359066583017478,0.7083019560328367,0.38043142471125574,0.008448851885774772,0.7266575852330818,0.35780002005369066,0.004675803034631781,0.76616794853187,0.4022040993126839,0.003871248899604692,0.7773251368414393,0.3705283330341733,0.0029290836166503097,0.754604533649775,0.3788174245450202,0.006492688451467667,0.759890284376579,0.34375797992376245,-0.00011818492638130534,0.7499113214792716,0.43132735859718896,0.0005794982753436952,0.7721503989260275,0.39613738045489744,-0.0014183633033273881,0.7633373978090839,0.3833990370978999,0.009462808670366718,0.7579160885216699,0.357966461074944,0.00395626315821144,0.7270418730905793,0.42314935211404203,-0.003598059106314568,0.7232243111626055,0.388495950438912,0.0015349650067301556,0.7354854194999874,0.39585012728645846,-0.0062735817558798364,0.7521288370224514,0.37032729223392175,-0.0017152066572481452,0.72525192949815,0.4200388507290099,0.005536399877040535,0.7224354247561582,0.39935802870920994,0.005154376606643861,0.7228800204402291,0.4053617136033431,-0.0066968048439261475,0.7252030006956699,0.3759440112811888,-0.008577461024252999,2026-05-22T14:13:58.529970
not_help,0.49709972232016225,0.5750884270213955,-0.002492282041837164,0.5532998113779556,0.5633714743286863,-0.00725254966071335,0.5349061104134353,0.5589144990183332,0.00979271117497592,0.5553147045112514,0.5127929244039378,-0.001262726827173745,0.5588890292316541,0.5049118765485305,-0.008798090117500657,0.5193297423108862,0.5453351898252262,-0.0023892025919469307,0.5113067388278479,0.5384987593620316,-0.009342895007178722,0.5464260928729663,0.5203223657049794,-0.009267782746762989,0.5388578334506182,0.4847168700178178,0.0001751263223195125,0.510017037942949,0.5492543321430112,0.0021742714530695647,0.5290621754381846,0.5355511922823653,-0.005451922045850477,0.5124737737923519,0.5221859948968143,-0.00019091445970122883,0.5034750481816171,0.4630445924846345,0.006790179620012672,0.4868905941549918,0.5601536333586589,0.007249068187625196,0.504914614438804,0.5403840492361907,-0.002582202237498439,0.4854304873798652,0.5351768031026243,0.0037029458248338653,0.5152699887692802,0.49509680274767454,-0.0022030470063532873,0.474764992657232,0.5513221612002194,-0.009458650220053441,0.49146337767618586,0.5368083015562597,-0.005527080874779686,0.48645030583867227,0.5249311916708843,3.012152140717192e-05,0.48561971216608507,0.5189882431298203,0.005312096239930189,0.2947469427611947,0.35180184460210046,0.007453490699530574,0.2662731286359982,0.3501528039145501,0.008409503071312515,0.24771336520133527,0.32849261192287604,-0.005171991293208796,0.24202078374629526,0.3049413427546366,0.004590515960123165,0.2197099651922652,0.2842580978418033,0.00807294632881249,0.31349290769297733,0.338825860715839,-0.0016283100644799257,0.2912412091032874,0.2913844095517007,0.0030911199937264586,0.29769693853210777,0.2602941707068924,0.007123711574903975,0.31817073962665393,0.2167268649971032,-0.006571952218849935,0.2934380114185904,0.33915087178087594,-0.004516607257219114,0.2729702615535018,0.3069653449877773,0.0021177609887197586,0.2626091608437534,0.2845210170586195,0.0004811276571168085,0.2959297472965895,0.2399931066531263,-0.005645927252720364,0.2706939260778799,0.32140482027939854,0.004572753465462634,0.2575832655581151,0.31622453849895915,-0.008626938080161593,0.2707881342423449,0.27565195031356343,0.001003212219146116,0.24549855123864028,0.263326378773556,-0.008364067305439362,0.2606309273710936,0.3248986278257389,-0.007375749306064898,0.25190007364581085,0.32421842084766883,0.005934645662634087,0.2612199524854803,0.29965196489395596,0.0005419365897929972,0.2491936240015663,0.28997597415287035,0.008203605760449087,2026-05-22T14:13:58.529970
not_help,0.42252521172190843,0.3929220847286959,0.004217402535905161,0.4427396551859638,0.36177192545669684,0.005248738865543525,0.4651074583325348,0.37267884247935573,0.0021865482933232476,0.46574333218827063,0.32154298017370747,-0.007592634954467614,0.4913232725448618,0.3344355470621819,-0.006285849273298434,0.41614359439170406,0.37872458560427363,0.0005310204962801681,0.41581339964279773,0.3169193527995935,0.009656742136903733,0.4534600181201048,0.3166040917123299,0.0006286089490322826,0.4226285436137457,0.2708228630982617,0.0027499033108205877,0.4064507885109017,0.3654286168017111,-0.0039061201985605126,0.43343509564548355,0.32018975252630366,-0.009069007730461008,0.41909238377257413,0.3127565918090989,-0.0042533886991537526,0.4111147370627201,0.2574390929460696,0.0067172779040522695,0.40891761817353606,0.3734181401988911,0.009528288316740298,0.39583149107701643,0.3272405804770217,-0.006880543710704492,0.39597934800581025,0.33719843654981974,-0.006721478685885558,0.4031135266678362,0.29568766076133585,-0.008172120153324539,0.39186174056743894,0.3791939128679964,-0.009148549414871192,0.3673191353246314,0.36817343906625677,-9.498745398056792e-05,0.3994440398840754,0.34488317331079416,0.006427969382350221,0.3940047361834716,0.31240346826432125,-0.005569400658182892,0.4776643951266696,0.7924656570789013,-0.009868105516520452,0.49963174738251204,0.7816139267507723,0.0006619339556755213,0.5143069593423949,0.7741722561854005,0.0036415066057241784,0.5024940099087054,0.7540663420896613,-0.004468762972618549,0.5154804568499594,0.7479965825276143,0.009909536669641674,0.4740748377336283,0.7527220991046064,-0.00911379142352889,0.4919200564885833,0.7467898680919794,0.008007043571802987,0.485333815058113,0.7314585201024146,-0.004165731564038124,0.48251351448483365,0.7191233843761566,0.00960172609761393,0.4760900580261952,0.7827166505304831,0.0036786119871674242,0.4758800550981542,0.7473823610917074,0.004856224461123741,0.4929879340938394,0.7401925001603206,-0.006760646514966414,0.4612445583657252,0.6996834958273327,-0.008276668890370709,0.4388126644488997,0.7690551993826059,0.00928821173753522,0.461985042519863,0.7487336484669218,0.005608354569843162,0.46468977421975594,0.7481018736837456,0.00036780781604235126,0.47671848282584844,0.6985468986873048,-0.005390943637173009,0.46689317112955186,0.7972554895380767,-4.8581280544095565e-05,0.43320575119261473,0.7645529965253535,-0.005567641053377599,0.4668198271435544,0.748565090155856,-0.007247532047670653,0.45546411935834563,0.7333611904121559,-0.003927289710385067,2026-05-22T14:13:58.529970
not_help,0.3603755724821298,0.4819001859057203,-0.0014481486683340372,0.357332019027699,0.46528378118707137,-0.0006256348748467349,0.35594241515376174,0.46416653475385833,0.009938195701546115,0.34836604581192177,0.42729523884221576,0.007363546178771252,0.3447827963845056,0.4410771462821478,-0.003544955024989831,0.381590910119345,0.4501491688384236,0.006210726026503374,0.38659008880220824,0.42339147356997486,0.00630335362592988,0.4047050010422567,0.42972435458463076,0.0006630145881026343,0.41267038603249157,0.4029886756982215,0.007588821537136489,0.37924400877366204,0.45611294303052324,0.005562881551545827,0.3894012552688135,0.44584159247206495,0.007859456931714531,0.35946590327891254,0.43232632226240997,-0.008616593793554261,0.3798950528511521,0.4068892094148657,0.001233040879442428,0.363575877536411,0.46457285327297054,-0.0016065770192830106,0.34309634260676347,0.4577098542605097,-0.006400605566127308,0.3639487782055073,0.4412180205152717,-0.0015826823398682466,0.3776600281525342,0.3912131625960205,0.00903739417959457,0.3627521234252129,0.4557719086046244,0.008483879015390773,0.33681898211962097,0.44124652218171095,0.004308228538448701,0.35687653837920097,0.4333039029222167,0.0010964325227015952,0.36097901851815256,0.42971193670769664,0.006504253512093017,0.26106267313906706,0.4053812393480406,0.006981956176792094,0.27289823916422473,0.40932816672099215,0.008519593763520324,0.2707769085929715,0.3906590404668816,-0.007756670630261566,0.29018913121127365,0.3681486881183694,-0.00936777766316992,0.2833641233526545,0.36969284184953366,-0.0019274263439575043,0.26536126459737636,0.3903432552928713,0.006155830518793865,0.2758019492165273,0.39454341900447054,-0.005263191189148282,0.27625973628902967,0.3723481412502261,0.00906036186759337,0.26955435090532087,0.33932589692220533,-0.0043318119975431155,0.26313285377024315,0.39674949234149137,-0.008544654117365998,0.23379286760912132,0.3746751704931048,-0.0065178476314294125,0.24791666043257732,0.3587059466832787,-0.007278694599059381,0.2679990769964876,0.35144338285326243,0.002100087160779711,0.22307164102764243,0.38890667156938524,-0.004250114466089055,0.23740178341431972,0.3771295803373992,0.0041536659450683786,0.2242853077604144,0.366351406836371,9.332422018721274e-05,0.22074226508032455,0.35377929602464603,-0.004733264565567179,0.2296584150901329,0.4013085562198207,-0.0065785012466914195,0.23312505498008462,0.3899794208372421,0.001015294781349034,0.21164402050553846,0.384714758936482,-0.003278950562373477,0.22901878953774052,0.3711819041982767,0.0001272205004336311,2026-05-22T14:13:58.529970
not_help,0.48981221712831546,0.394604168153354,-0.007911769142988773,0.4858790531665128,0.390267439024817,0.00577500119060625,0.4814687754099885,0.3821813443306965,0.002862600880239022,0.47096160102808815,0.3500667508396081,-0.004754925367834706,0.4536117905493726,0.35767941630678796,-0.0007473936385018528,0.5165194082501626,0.3767136890911003,-0.005950618148295386,0.5371115539685779,0.3461019313175844,-0.0024140267391811014,0.5041152559693829,0.35732515032576123,0.007878781103953828,0.5240143735925882,0.3254908220339778,-0.006774583283745084,0.49206092662595763,0.3697288564446432,0.0029130804605363055,0.5075612108165635,0.3558104567750208,-0.005025459577674041,0.48987691628237756,0.3419476770794085,-0.00921180889880997,0.491587724865447,0.3226395816840137,0.001004054878706133,0.4896029660847,0.3764722049425984,0.0002740117627379971,0.4807356759110495,0.3497466371918764,0.0046138858391431385,0.47394934234116615,0.33840481608267187,0.0068709896169009185,0.47900861048683396,0.31594642436123954,0.001453804020984913,0.4703952890208548,0.3728845727119291,0.009695312448864494,0.49662381952719775,0.375291161160275,0.003472394886465089,0.4982814999261763,0.37523444044440196,0.0006845802864050825,0.49123584403786086,0.3401154204393317,0.0020597855381411997,0.8083671271952927,0.5539115471819337,-0.004837149233816596,0.7653186520704242,0.5564500295158075,0.009078935499333073,0.7588963713065451,0.5405867074868689,0.0043715440375251945,0.7540658438175969,0.5163678509706543,0.003144503027759921,0.7703470079623572,0.497802355470808,0.005538766475443841,0.8079280252590636,0.5322982198756929,0.004477609994582497,0.798888738003635,0.5244753904924088,0.00668944104028516,0.8066325726942327,0.48820386123504805,-0.004336759267821267,0.7998924050858536,0.449059722719047,0.007527982353795386,0.7906201386449403,0.5316295320026073,-0.002630636816735259,0.8170604277092129,0.5075990731533185,-0.008224384207237954,0.8175625806110994,0.48401834624539464,0.0015552761663740582,0.816265626664973,0.45986764532403807,0.0027783324911620517,0.7889555337423347,0.541135979131855,-0.0029483925431188426,0.7931882631727963,0.5323527378008892,0.008737669175953882,0.7665990000305285,0.4830443928649364,-0.004927760440138389,0.7986083603075697,0.4607487397193145,-0.0037486752818228974,0.7572270398491883,0.5479933449504248,0.0013167176881191782,0.7917395170055946,0.5235239179595149,0.002655638860883689,0.7893602920391318,0.5076981252729085,0.0088702144744279,0.75848555864162,0.5095986215888234,0.003293265343637797,2026-05-22T14:13:58.529970
not_help,0.43138826980439504,0.5880403535086417,0.00536722601647808,0.3995451762813648,0.540139984686618,0.008596949297559798,0.3692377699229923,0.5227625798991906,0.004844500641042679,0.3738195469266263,0.49879081291256866,0.006776176153600049,0.35177062496020906,0.4851574980307939,-0.005379598393430745,0.43710187715454724,0.5331774014889554,-0.007596842753564696,0.44871843528631583,0.4863500099545161,0.008711439607971607,0.45535637811967045,0.48048391390817385,-0.0003321304662617323,0.45148997888950027,0.4444815786159462,0.00571238932011838,0.44647227248202037,0.5417054251187786,0.008638922210896132,0.4265913093830668,0.49703981584841006,0.0012080515266107133,0.4277566900456374,0.4709131010462581,0.005071952185293667,0.4274815659289677,0.4338197735328708,-0.00872716922881804,0.4106834841838257,0.5420126333807561,0.008499113356671176,0.4134137506939748,0.5070548496374053,0.009400088085769679,0.4287833114153731,0.47894162954848374,-0.00027683420711971905,0.3943805411675401,0.44464463034159174,0.0077589348313990125,0.3930683353875148,0.5376064857427543,-0.006032703647170634,0.39227508281201134,0.5322019322331152,0.00689053757172328,0.40829143862663736,0.5021975460522589,0.0018339062796380971,0.39324638290470265,0.46707014218735987,-0.008383814504125722,0.5944117920986648,0.6383953844984167,-0.00929136414084217,0.6252622068952276,0.612837371289686,0.009647888758870878,0.6488514733375302,0.6050709041431585,0.009676164314831358,0.6556062992522305,0.5990196924948744,-0.001748304571701555,0.6471716699969986,0.5921333163416825,-0.005617171893203889,0.6051751828360586,0.6128465541330662,0.009991106420475805,0.6077930521193036,0.603981994106075,-0.003696003534692913,0.6253135892798644,0.580802653757314,0.001954748610627168,0.6033564410733403,0.556609107354288,-0.007111144121779485,0.6123163857866104,0.6413686265467775,0.004198645137218121,0.5941446520653849,0.6078476085781717,-0.00554081293276597,0.5935103481272713,0.555724558382198,0.005184187516994454,0.5811032236985576,0.5376609417068205,0.0027239676660139184,0.5639742901361113,0.6285684479716497,0.007274595698891268,0.5656214318897164,0.6024290602968545,-0.003955223844957039,0.5716970142351718,0.5870133363674149,0.006259650569348832,0.5873198247927212,0.5615073329684617,-0.005167797611969694,0.5643846560674752,0.6453481443581262,0.006689291944912258,0.57181653284309,0.6329299426812259,-0.0057875208578637306,0.5775461479761257,0.582949075927449,0.009373147678177483,0.577528594669215,0.5931028113430016,0.0024396767207975952,2026-05-22T14:13:58.529970
not_help,0.6075672620575292,0.3304038292840229,0.0034404990860160602,0.6272691262874379,0.3353392577048523,0.008581116041214422,0.6404883629285594,0.2972377609419122,0.005573572811130422,0.6538404096696332,0.3074996257006039,0.007737699446330787,0.6815699089067494,0.26414099920201195,-0.006663883784299765,0.6203970640605743,0.33244860912125657,-0.005675719564874724,0.6218170476324806,0.2980982838468158,-0.0073483852450598325,0.6139273764344468,0.28627866599704843,0.0013001545977587795,0.6442816061607797,0.23977479419566433,0.009406679587561929,0.6125786809133453,0.32032228994793027,-0.003671765554463904,0.6291284899748603,0.29658888031685604,0.0007414870419082138,0.6185446356417362,0.2558059090529601,-0.0041786569568635955,0.6178374440858324,0.2694109443055324,-0.007075674846411619,0.5828357370983824,0.3434181750299561,0.009855303881304981,0.5831557556543,0.30799416938844676,0.0038891575593928626,0.6014563413954166,0.2907602915084286,0.00769943918774574,0.609356449983084,0.2617094828860891,-0.009129084203730318,0.5842455367046988,0.32139725324091023,-0.00011226311986418588,0.5949827175212692,0.3104128005703473,0.0046870486666654426,0.5848990072682273,0.29211977691800584,-0.004957409301228237,0.593653855122022,0.2975134945751582,0.0007199461724048169,0.5775134467702269,0.6021189505035556,0.0026366484889853575,0.5410367979995319,0.5789109858286422,-0.007586401635654955,0.5413410585950043,0.583939098502448,0.002244374710143285,0.5456995263989988,0.5680428831055417,-0.00018389078025986272,0.5143046498541651,0.5543543610615504,-0.007161037275321311,0.5743021187332081,0.5973095232909662,0.002320238049493783,0.5940881288505007,0.5538618283182516,-0.00636418379326944,0.585891289770905,0.5397375828802633,-0.007838348336590181,0.5947671199200374,0.5336267877122058,-0.008515792526183652,0.5563345489290823,0.6025132524147275,-0.005161873530819154,0.566239627118726,0.5566528403192266,0.005738663246938109,0.592006041366712,0.547546176349074,0.002892488355194305,0.5762313977750937,0.4993105460985087,0.006069799481533548,0.5661277393616065,0.594112451213575,0.00837502192005373,0.5634438253324436,0.5904510306079263,0.005870237259197433,0.5603593400749426,0.5709384089731856,-0.0014727085087467874,0.5388003876526855,0.5480783436570558,-0.0006566221134565262,0.5377552999656053,0.6096200693744669,-0.0008201430958109917,0.5464161129407125,0.5643505234942713,-0.009266938367710649,0.5264838138079062,0.5518784117679449,-0.0015921486823280446,0.5278100482516133,0.5358844968584938,0.003332616153680657,2026-05-22T14:13:58.530976
not_help,0.36167342984749395,0.49222002852329116,-0.0028788854407243722,0.39118601318431995,0.5002769059012062,-0.003566340147103853,0.40671623781182664,0.47630949683833224,0.0006985068255388176,0.4194321001054038,0.4498692019606465,-0.00141182542424656,0.41496792614774436,0.464265321809068,-0.0032067017583239047,0.39899888870995154,0.47841352695325035,-0.00660520252543172,0.38658401110659146,0.46610652742034053,-0.004577401663295771,0.39997377849328464,0.4316755610430282,-0.0040773312804012396,0.375068923408703,0.4300948781249393,-0.0008481119155079164,0.3822259762504382,0.4858934902530384,-0.006363646250004418,0.36367889726526637,0.4732034671228724,0.003893746709977332,0.3656720246002105,0.44644133784207424,-0.006638414228644134,0.3819399747668608,0.42354518740786573,-0.004604866682645945,0.3344801842604349,0.4974324601643478,0.007811671066127785,0.34374476303480395,0.45679647231996573,-0.004549591131999935,0.34790675787933667,0.44636388547888994,0.00167813399184427,0.3340639834639555,0.4293884812667036,-0.0049991284862904075,0.3352535401603464,0.5055178790473766,-0.004637287603625571,0.32752982912693646,0.4708066687477603,0.005793242473476406,0.34127701998059096,0.4459006712184444,-0.0005789725253532892,0.32435868829791503,0.4496601899999779,0.008811493140294108,0.6624047133726526,0.7829093333907945,-0.008492340144120402,0.6337755975372535,0.7709339920724366,0.008081597881424223,0.6277152532857115,0.737466915461442,0.007786659572900494,0.6041809847460402,0.7331663450331167,-0.009205361407100923,0.6171068246054112,0.7152237259475045,0.006808103424032192,0.6790322896299169,0.7749379171044238,-0.006932639785137355,0.6646776710311442,0.721880555854323,0.0014361169243386016,0.6628528571790671,0.6970519062008154,-0.0018267787699659897,0.6553090313403382,0.6604087313939606,-0.009987267573902628,0.6689739255926035,0.7419325749423354,0.007102065493601711,0.6469914378774535,0.7443139962102535,-0.008289458232984692,0.661070232761385,0.6870001168730548,0.0016704978750212152,0.6427306369348634,0.6906610220254157,-0.0005947969623600873,0.6534477335867134,0.7560360741658332,0.0087754446476208,0.6432947493372376,0.7234878733653908,-0.0024131450488400416,0.61876620700779,0.7314708690214137,-0.000980351238490695,0.6362160988876833,0.7061978431375653,-0.007616244897322837,0.6395400294178396,0.757154217177084,0.00013546693468448334,0.6078512292707877,0.7530372337389362,0.004969928932162106,0.6378858439718532,0.7480218925082557,0.004283707736129103,0.6386546009692842,0.7243655186536555,-0.0048156521023631415,2026-05-22T14:13:58.530976
not_help,0.6310537847288524,0.46118616268498575,0.004547497655037489,0.6187584844560912,0.4539593118304066,0.007098009724348655,0.6501580896238266,0.4339531493439302,0.009716133296073485,0.6629116127778296,0.4274036577143308,-0.006893798879927575,0.6623478905407179,0.41119598884014996,-0.0057674611122654085,0.6310326998053328,0.46403740366599466,-0.009499311028677342,0.6370228703323851,0.43053120876550344,0.009934676648374047,0.6291039473452438,0.4228831257597123,0.003994502997857408,0.6413495854940201,0.4077138852490783,-0.0037630080745141674,0.6290815909876556,0.4623105061996562,-0.0018870791916908592,0.5943908280048887,0.4259610610648889,-0.006525398572247887,0.6010283492188077,0.4232662702938727,0.002954245028316928,0.6312127959888749,0.38566557588253436,-0.005880920845094557,0.6003709849801254,0.4794601423072965,0.008480704997296017,0.6027771469204636,0.4378803351249943,0.007426061069802101,0.6033807479101277,0.407085761698604,0.008225081056485265,0.6186630439993767,0.4033715629290575,0.009996329213870071,0.5974416123829515,0.47533848180101723,-0.009469419563026086,0.5888673165028847,0.4342228268862506,-0.0029172671430573206,0.569256827721531,0.44941044271310915,-0.004519187697745186,0.6075040721785062,0.4226470711271376,0.003961961706507297,0.6740421187733054,0.6915537338370114,-0.0018637954669668885,0.7002802747850637,0.687363932832196,-0.004251860922677935,0.7407116036542828,0.6569111076434102,-0.003367817548682337,0.7207548762332515,0.632456988888353,0.003939441865873252,0.7401075985909894,0.6156391032315071,0.004485519793428334,0.7007355768005216,0.6590375102106194,-0.008139586071346912,0.6893669720261064,0.6687567204583523,0.0021035146333667418,0.720383702422907,0.6140408882157224,0.00483191944058004,0.6948920579052633,0.5846725237359606,-0.002923687389964567,0.6989830612426952,0.6619470941081377,-0.007481074806482493,0.6822610082688053,0.6666118436038581,-0.0006350959732055149,0.6915590119360856,0.6357479736564846,-0.009883396488135441,0.6982791726290742,0.6121050458862003,-0.006571141514074692,0.6781081426375144,0.672737656628677,-0.004945616684954395,0.6586951189697343,0.646731670674774,0.0056589540550559345,0.673371283165634,0.6493887115171425,0.00047114163809746507,0.6779560594716117,0.6236518752363704,0.009830374838906036,0.6454299102502272,0.6740287865977191,0.009237093033263545,0.6661261923494235,0.6882365171434468,0.003798204928241306,0.6563420535695562,0.6517212149716675,0.006184359493645033,0.6471437224246602,0.6430006726847154,0.009489443990332797,2026-05-22T14:13:58.530976
not_help,0.3596452555060076,0.5096462128351439,0.00967812712443652,0.3707760704772717,0.47871853974050377,-0.006379838038551569,0.3876435205592074,0.46606294431673184,0.005245412158576889,0.3987586616059168,0.44840751801541673,-0.008169771715427512,0.4111563216133029,0.4416237862182329,0.006938171897960201,0.3741429793925431,0.4733729497967445,0.005078046414241236,0.35928129976118883,0.47078457610469254,0.0061324617122852036,0.37800166423343556,0.4473088707480414,0.0013342481608161934,0.3585184719720149,0.41553588589365775,-0.005331087431887047,0.3552414496379917,0.471148062492369,0.008503716842686209,0.36291472644064965,0.4481161552044806,-0.009951333628610937,0.3662769997142153,0.4245443297811824,-0.005635071028257861,0.3701853128122149,0.4119137602668395,0.007131504160689235,0.3262505234258419,0.4867767327048362,-0.009805773663915726,0.3564653225338923,0.463548308344352,-0.0017758436882764576,0.3181419070600707,0.4552713604251936,0.009098113824145495,0.33595996540237216,0.4384166959779864,0.009517449795265412,0.32269198787496123,0.4691100714061934,-0.009894232092448758,0.3394232814689965,0.48252783162149476,-0.004595996377277314,0.31425683999640025,0.4676611688676559,-0.0008372510407121687,0.31850193029021795,0.4211006055140383,0.0077452075194457595,0.4714955480401336,0.48483195589335304,-0.005664692758881533,0.434369473272179,0.45499436404444304,-0.002614182470146118,0.4402503381434738,0.4165059053355409,0.005663720059283761,0.4064816903770653,0.4317034019459045,-0.003345477120023699,0.4124753420879225,0.4054924654923202,0.0003362603759123912,0.49190287962261053,0.44861059821134874,-0.006549641160267546,0.48524019538690216,0.41217667179779244,-0.007001693687908825,0.4745947250839428,0.38518974205419054,0.006879816423681939,0.5042064750521608,0.3506412515575459,0.0026786930854198806,0.484200993365853,0.42942978123376313,-0.009518528962828359,0.4640132511811908,0.4090369437866245,-0.008600877386273844,0.4528463797090818,0.3852305970194216,0.007350951858346532,0.4877861032378494,0.35761717502610746,0.007046118795068135,0.4708704366474279,0.44488798367414617,0.005247532710632597,0.4521730576209832,0.4305126630926595,0.004855432596838721,0.4416863574874912,0.4095224666025471,-0.007424162709521898,0.4392418753868093,0.3719035126389196,0.0058377446022510725,0.45411869997748494,0.4308238674120692,0.004438046834347221,0.42127079453584537,0.4402204661203789,0.0008873671168935313,0.42710284032864665,0.41347336044155963,-0.006855378607435723,0.4464524789704372,0.41390243737304633,0.009166330088918906,2026-05-22T14:13:58.530976
not_help,0.6743445300263284,0.41976098471511414,-0.0027920701221135612,0.6736675069370753,0.4239449567270152,0.007693282622085426,0.703820511188608,0.40272797407715294,0.002123388847254151,0.6874001719253366,0.4132673095231872,-0.00882033710142086,0.7146992752952878,0.3757187978689957,-0.0028211368158467254,0.6912464911771761,0.42628887819183586,0.0039208248132326946,0.6780689351860165,0.3920826727686404,-0.001494341237366201,0.6981706417862038,0.37160990260889715,0.006276351563547037,0.69925447305994,0.36553162397146927,0.002196576039655798,0.6646065120295058,0.42483883772747544,0.0055430455468425,0.6771171812660768,0.3890883554389261,0.009134446653780543,0.6552053442807267,0.37500317806482164,-0.008265158321816792,0.6641810678060452,0.3785071919501439,-0.003901096974271754,0.6631045738999976,0.42347584557925355,0.00721270558987114,0.6671894277168178,0.42031807141820454,-0.0046949131818981036,0.6538186325420028,0.38473488836263636,0.006837531644121488,0.6555907021031524,0.3789383537925777,0.0049482218077554554,0.6520668783059897,0.4359264873321747,-0.0009024433182740418,0.6439996306595482,0.4054133010845086,-0.0014562395945419953,0.6366334009510609,0.39319295264051346,-0.00960158489034309,0.6597853776273331,0.38872292524159974,-0.006488165560681649,0.7692614490013837,0.3501087470591753,-0.002100793371725142,0.7101659079534977,0.3380144000717292,0.0052736326867186215,0.7042591879202839,0.30011639593315464,-0.008821975942924236,0.7038390797462039,0.295149226926546,-0.0008732419553948642,0.680590828421415,0.26108503802250344,0.00775986728512019,0.7593380331080395,0.32832049405351454,0.0031537593703696003,0.7722807852051792,0.2948065116089308,-0.0045939989615551855,0.7916869339894899,0.23529898065235122,-0.0027035183646675056,0.7716792066838584,0.22653848578060007,-0.008180785111797635,0.7591859137736386,0.3241960581247487,-0.0007517177914582191,0.7456196534294965,0.2864481950319281,0.0007177536591210457,0.7344251716523538,0.2237731643213995,0.0029819703791177203,0.7470684332095971,0.20986133521167288,0.0016855656989410057,0.7090378524342,0.3023477444589482,-0.0029263438016026424,0.7446252284759097,0.3057451050244088,-0.0024029372591090146,0.7453907111541553,0.27854874846836364,-0.0016894663162218236,0.7189016550766805,0.23496951598043248,0.004872543703415324,0.6946357679063097,0.3106798566106987,-0.0054037149951566815,0.7267272499429496,0.29739299469355074,0.00854185530850113,0.7047920285752097,0.2929396922362222,0.003814118450965758,0.7114419301736229,0.25207256376955045,-0.007311234437353578,2026-05-22T14:13:58.530976
not_help,0.30359814114123285,0.4122896982159619,-0.0013935770004308255,0.352362839718431,0.4164503652453103,0.002161914915649415,0.3469725793129464,0.39116958304099075,0.003822562387692711,0.37435988229329265,0.341614897533241,0.0002953363606489415,0.3918611297219248,0.3359946915742561,0.0022593456028254,0.35133394542285784,0.39923635014904996,0.0008875169614293178,0.33977913707084595,0.3675445212868422,0.00331616045753445,0.35277158018164795,0.3047864573845912,0.002515987692331049,0.34865036343239997,0.30072688727645996,0.005000555784991737,0.3364066844466287,0.38078355427981814,-0.0028878187772719425,0.31198266854094986,0.3514309230018245,-0.006386727827743856,0.3255741738505399,0.3036136559349522,-0.0027719922603925617,0.3000556720845198,0.30052511244986346,-0.00042180131547070454,0.2777729186077347,0.3982960061543564,-0.00023558591273266372,0.3095434853363113,0.3541717509312925,0.005975362715055549,0.2824947067624234,0.32079166058107805,-0.0007382080673368555,0.3151729144974158,0.2964854400315511,-0.002594560131726391,0.2771767494695343,0.39159590739842115,-0.005578967521764182,0.2977529239417129,0.3799743432749833,-0.006966252537874329,0.2889957187187788,0.3711607208177907,-0.006571226581924197,0.2793043535943424,0.34872583419681696,0.006639450624520612,0.7207648178870968,0.3981841869499542,-0.008033196988313254,0.733624011575321,0.3762357631896624,-0.0033552280429766145,0.7361014055402326,0.3954810358788157,-0.006148594508712837,0.7434202872220184,0.3851602934593666,0.004753481972606275,0.7826587050199932,0.3491198079494112,-0.005785582939016363,0.7443838866699484,0.39690528585532925,0.0033782924399875375,0.7319321587804478,0.37556020284724717,0.00729151508716964,0.7310978965865259,0.33583554913541935,-0.004961053230869401,0.7290221134995706,0.3089952595260325,-0.009894925459359773,0.7112716201131616,0.4034490228341418,-0.007108418795612638,0.717488698696936,0.37326864177826047,-0.0030573904354201913,0.7084579259934355,0.3280074281686703,-0.0042757802332508725,0.7096522584868161,0.34135333737927936,-0.0018023399652024891,0.7237214825381546,0.3787138716491849,-0.00044101144360459386,0.7058454155714168,0.35631216898679324,-0.002501670114306436,0.7017398592767268,0.37292894465502,0.008547285799686567,0.7122337653267752,0.3368891751782683,0.00640715195248061,0.7092402894292082,0.4091210181010853,-0.004874385275686848,0.6904172231656555,0.3769862173376378,-0.006275322295440349,0.7135452182287308,0.3585385457314821,-0.006161877369969496,0.6986687571847928,0.36447710625122504,-0.008379679907225742,2026-05-22T14:13:58.530976
not_help,0.4691906126315625,0.5716976751301297,0.0020531207023299844,0.4480066503108872,0.54121361902752,0.0008538289892667181,0.4115859444561219,0.5358045495386587,0.009889073407476497,0.4180503289927737,0.5169899758063041,-0.006076129625977718,0.4003191139058218,0.4889399463962264,-0.009125870933926243,0.4779945120065362,0.5399866617744533,0.002195525382334234,0.45941896163672363,0.5305195196006369,-0.006622375827551983,0.46450056993413424,0.4798828532486069,-0.005836972143792627,0.46413692231763043,0.4601699581505613,-0.003718057224929805,0.4619367159937776,0.5341002193691957,-0.009412948154303031,0.4588399607229734,0.506640081907318,-0.0031144268649282263,0.4677952411650295,0.5016916418286382,0.002057973082193909,0.447427470909071,0.48919030518953965,0.0017430311838847572,0.44649226451891755,0.5321332691497975,0.0051965497202279415,0.44731562826584176,0.5386399151603842,0.004807699704713115,0.45143475959809654,0.48960422844666857,0.006511008653538328,0.42338261139345473,0.5071605877557843,0.007286231561618001,0.4458789277780452,0.5565363635635939,-0.0049468172314598635,0.4481955943278334,0.5250443704774904,-0.007040651508704754,0.433678668067464,0.5299057818968603,-0.009705966431050133,0.4343818214320334,0.48827456065899705,-0.002523137446631669,0.6091926746185746,0.674142671579251,0.00518368889183787,0.617600969879843,0.645029958725472,-0.001514621099788109,0.6316078644688075,0.6303288530356764,-0.009996830915538218,0.6405719015490532,0.6019850918071482,0.004814669877344666,0.6629851822791005,0.6019939788151332,0.009549432061366084,0.6436235192140983,0.6587918647058595,-0.004841762142073484,0.6153260212300858,0.6311471341609255,-0.005378787127575111,0.6144479316902707,0.607244731742161,-0.002137400115237314,0.6205789212717829,0.5850915916744639,-0.00112521186801633,0.6070013215330138,0.6407585742625032,-0.006741884008652112,0.5901785163583868,0.60991003069879,-0.00835053690140356,0.6175427425419332,0.6085550735693424,0.004105039683857623,0.5903496104404445,0.5752289507827775,0.0008386874881240805,0.5900498647365187,0.6257336398483694,0.005616284448617304,0.5733773454084549,0.6057877016277388,-0.008585698423499748,0.6112789013404099,0.583613496148191,-0.004456847637783352,0.5828883540953739,0.5897750016173973,0.008078588753315115,0.5690943772557061,0.6447765430075753,-0.0025770921647781967,0.5988898091017014,0.647437877623407,-0.0014114085937985774,0.5626873001442391,0.6097884397448163,-0.0033917655388392264,0.575962508341843,0.5837672510478612,0.009800911183535826,2026-05-22T14:13:58.531980
not_help,0.5209322156716917,0.41099470169377145,-0.005760026828856577,0.537213065701694,0.3922603829899007,-0.005362102970267282,0.5588377646372203,0.34994811442118556,-0.0033189988094184386,0.5857338236184508,0.3412793458514157,0.003971261122083488,0.5798828353823067,0.3283217850795148,-0.00620717259667017,0.5421545326256673,0.36126406515029486,0.006341251531017613,0.5335514932584625,0.34957169851071235,-0.0026944606368397486,0.5446348315812983,0.29436279883407523,0.005100768283242185,0.5434197526895203,0.29917515988793575,0.004105625637172308,0.5180647236482208,0.38126489942174274,0.0021486872306529393,0.5151168328277219,0.3541355968057792,0.000990031026364236,0.5155375762036833,0.3135323204825559,0.001244126754928106,0.523061757019731,0.2639479495554151,-0.00745606023920194,0.500567256898433,0.36850468855333796,-0.0035842665481534853,0.49701623855615135,0.3399285313948107,0.009019661751345628,0.5200893193566068,0.3296588719611865,-0.005256230474928763,0.5084661921528285,0.3196885460102091,0.00910993271376615,0.4931547889005594,0.3780881134842207,0.0004684971034191205,0.4985438851323952,0.3731087712901018,0.004622995267971641,0.4933381228238013,0.33306245536858503,-0.008295366962370829,0.4733728875304036,0.3118573938335816,-0.009089812739976083,0.6679766561947432,0.5967029560136643,0.004429943992310493,0.6757785849688958,0.6168512785007978,0.0035192632569509812,0.6736582293909891,0.5948598659356434,-2.2360100882780343e-05,0.7099969266659927,0.5576781673844972,-0.0023491252000236587,0.6839529888502474,0.5456794058227842,0.0046173612695792,0.6831084658216753,0.6059638188418496,0.006191597942102859,0.6650642179406567,0.5590984031208918,0.0034239381952918934,0.6773140968191689,0.5675372455853691,0.005562406102085337,0.6781424300967072,0.5428019755107719,0.0031316972860862356,0.658884044324885,0.6039006964178479,0.0022932387187885213,0.6511798344098622,0.5693316516106316,0.004564642757878781,0.6764124552870164,0.5561463793627703,0.004169470950169167,0.6625722650113274,0.5253137009180949,0.009554192610977985,0.6398056709420766,0.5983585308486358,-0.008203435740855696,0.6450404920586856,0.5664889996173704,0.006314246136113743,0.656978056625324,0.5593907661658369,-0.008251054899427774,0.6415310511603525,0.5306895220844946,-0.009083178976527547,0.630328440362582,0.5802726530992106,0.009807833578285194,0.6410313516629877,0.5700258719429276,0.004937241936488108,0.6380465036811858,0.5710895466053572,0.00299833913132886,0.6431086876935804,0.5715673639337912,0.00033668820142900534,2026-05-22T14:13:58.531980
not_help,0.5227189824450252,0.5784575313448941,-0.00850277699044446,0.5306095348925719,0.5501719422740645,0.00044825087745648494,0.5405637151956035,0.5208611781286056,0.004513051555885694,0.5596199588438207,0.48867776410420904,0.007661526393583676,0.5722443631045958,0.47476407573921425,-0.0017755482899863527,0.53654684648472,0.5248357610596829,-0.00026691889713649844,0.5276448983309698,0.498271323031945,-0.00881606257390935,0.5357491717176095,0.44247421814912513,-0.004461951267538871,0.5235047488637394,0.4419445674608016,-0.0024693886070920688,0.5204302670079232,0.5118158848581699,0.007924343390773718,0.4929789629331929,0.4798424332036025,0.007423180269781353,0.517398952641078,0.4593444672404636,0.000501756640850148,0.4967791860662059,0.4464241658867391,-0.001732102319056279,0.5091055539122784,0.546869624387179,-0.009093163220604527,0.48337624910933674,0.5032221668194268,0.0011770524225917355,0.48244559385939534,0.48940676227805735,0.007293233359909728,0.4717430616229268,0.4480836475435889,-0.0036558589333514704,0.48115591546670405,0.5375651949414805,0.009928980806103946,0.4828682210695225,0.501164931443199,0.006977996827828787,0.45653527491148976,0.5026242244821231,-0.0003605314418214864,0.47484862422426116,0.4605408376544302,-6.211306841641916e-05,0.5692277723847364,0.45988178699188853,0.0030476734964422943,0.5355485986369537,0.4219452379051406,0.008817470202914518,0.5367449529463949,0.39905917225128323,0.0019712282490007803,0.5232803199641732,0.3819433512178717,0.0094195602229159,0.5339328045136441,0.3606589091645067,0.004636670711237056,0.6161971163365945,0.4317912476641107,0.009794855385080398,0.5990262410425019,0.3670800583541791,-0.00940234666695647,0.5973140869145517,0.33736712748537245,-0.00295625888522403,0.6048867123811748,0.33731106926001014,-0.009731651106179396,0.5979960408461892,0.4008124886253845,-0.005178663162044512,0.5857863223516155,0.3970988703901583,0.0010432496420450278,0.5704432835247352,0.36760730609171866,-0.0007119551669225888,0.5769023570379249,0.3328015720981428,0.00891558847326465,0.544654927728497,0.4346571989317205,0.007579968640014088,0.5720192722033289,0.37869012471588304,0.00947342019096714,0.5498697414523239,0.37734183768824586,-0.004390780499650802,0.567827118645043,0.35432962408261887,0.006996395624570219,0.5545533353646273,0.4431867052957066,0.007227845508447859,0.5525529987201138,0.40492778923537903,-0.005204190042664036,0.5319916958545365,0.4000139025830989,0.003348784236177198,0.5388267113011452,0.37741028408226623,-0.005229845254039831,2026-05-22T14:13:58.531980
not_help,0.7062380184806788,0.5613918337434669,0.009251174630019775,0.7065704239257499,0.5446877412038247,0.005418333920261727,0.7148468853579736,0.5340258032049326,-0.004704111961541404,0.7369952652804307,0.511445083085148,0.003709524210059491,0.7265921067298781,0.5272427966480016,-0.008539506969803719,0.7095553447611687,0.5508441682009219,0.008329354019494832,0.6965711916081605,0.5247785627142835,0.008725675556660878,0.6899572888459676,0.4932511491379585,0.001995932756395584,0.6868710853824302,0.5015525461257485,-0.0033058337376222083,0.6751316823631611,0.5682891137790946,-0.009686942009886157,0.6948834239118732,0.537257116731908,-0.009876695613999825,0.6799675899367322,0.501487973196864,0.009366933703720692,0.6989764448018065,0.48811903567876486,-0.005969792793218858,0.6672210169904467,0.564120372262602,0.005052792348885837,0.6682856087617653,0.5396842883889054,0.004466610823139197,0.6751148187878936,0.4991608215788831,0.002564196904604703,0.6694146016949346,0.49179375638641465,0.0033604977228336302,0.6771854298809628,0.5618243461257147,0.00898806989701771,0.6719786486971707,0.5314644078050759,-0.0074040192312115095,0.664751358471707,0.5213215870319862,0.005776825036301088,0.6449518770111619,0.5101060938384007,0.0027592387873676943,0.5256824728331286,0.5850519865274176,0.006193310205534727,0.5490353669120159,0.5703342975923651,0.004266853965695917,0.5657549583571896,0.5403266563621274,0.006049611934022399,0.5977098494564889,0.5168210507253828,0.003122081607813784,0.5860071879116799,0.4970688485894446,0.008163751704459087,0.5501396048054242,0.5551325352794458,-0.007447694053590206,0.5282545307214587,0.5201602962676166,-0.0007741215849768526,0.5542439229097322,0.5055667514439525,0.008482466885965942,0.5573521653063714,0.4727672009165216,0.007128989681854337,0.5255577127629908,0.5713535832263892,0.0064210769058629606,0.5080470146686809,0.5276663002830673,-0.0025132424511981367,0.528300068669843,0.5129160313216873,-0.0008096918148977044,0.5142196957391342,0.4607845742892465,-0.007929295314884375,0.5029070251873872,0.5652461805598635,-0.00941118257126869,0.4902031605959021,0.559268836582539,-0.0035499523536460086,0.49543178861278836,0.513764137421146,-0.00759103020905408,0.47646078865808533,0.4901534739790705,0.00748798336142111,0.4815158074065766,0.5891057600619408,0.006286530978705315,0.4788955616050234,0.5382935983337485,0.006029531191434468,0.4640348670010236,0.5392449737305769,0.002350083798118083,0.46594421330287816,0.5074680931933793,-0.0014162333505995123,2026-05-22T14:13:58.531980
not_help,0.42717615520815605,0.5764261879453145,0.007983464701192622,0.40484426045304933,0.5654254061283992,0.005255985828635861,0.38293950953272116,0.5393471063548207,0.0023891554489568877,0.3863111515047143,0.5521546980421133,0.007608317216936928,0.38499219772377585,0.5327182094331473,-0.008337424075772601,0.42446140950851413,0.5763822347576507,0.003792725560895353,0.4312375132347801,0.5245163633970862,0.0020910867132371055,0.4394897746005382,0.5439524275060316,-0.0006002527248455056,0.4472105318084328,0.5237874383785349,-0.00784971430460905,0.4084443044634221,0.5496827053289072,-0.007375287097704226,0.43102078650077796,0.5559626415067314,0.0011540541357767612,0.4171175579173744,0.5058338128474755,-0.005113672829438301,0.4301215040227126,0.5150627928262052,-0.00752513717227556,0.3851688567921254,0.5493357458016732,-0.0004529786184186337,0.4179453396869211,0.5498328709426166,0.0035957278881814016,0.401305358812252,0.5344996896738032,0.006039254559140611,0.4093783237588107,0.5118813957776034,-0.003959814844945793,0.3875897798997329,0.5641007562261889,-0.003924712976211522,0.4105452660524746,0.5690521513022407,0.007772860484144299,0.4079784715970614,0.5335581065956296,-0.008044805489460904,0.4042218041396037,0.5443849907159044,0.007631457701503445,0.3322038565663037,0.39253868718753004,0.0035517524484579965,0.2964395214909333,0.3685230124429542,0.0072612609854581945,0.2786695208045823,0.35050730981627337,0.009724014903081656,0.2861196662183409,0.3599903358301403,0.009012652666660756,0.2514831912055515,0.3458010466949213,-0.008060932217261523,0.32163380478797665,0.3609327926461628,-0.009988144200279958,0.3374968065756463,0.33576717488590513,-0.0037897781663700034,0.32349321984256724,0.3263338452356581,0.007680015782111948,0.31412510297310764,0.3053621081098741,0.0004962887759103387,0.32264961572007106,0.3771624802496864,-0.007110032232435153,0.31236153194542343,0.36454637211465996,-0.009621563682684176,0.31230433797708745,0.34409295975835824,-0.003927866955607114,0.33326464514356996,0.3263583190784023,-0.009271223526786856,0.29986360387926636,0.3960405408882217,0.006302795483562091,0.31586820056325615,0.3643251016627433,0.008384788403023547,0.27975907989484106,0.32754256523881153,-0.0030969113431160355,0.3096414265645696,0.306290174668785,-0.009553024377981134,0.2785535953272337,0.38952541200931734,-0.0037154349101863457,0.27358458566270444,0.3507230584476447,-0.0006692377436525038,0.29360308732557144,0.36563966455915403,-0.009466616872620136,0.28137730380963877,0.3237852788084813,0.006625101715967785,2026-05-22T14:13:58.531980
not_help,0.36617509913857416,0.48107230105644816,0.0011592528252974757,0.323765521985745,0.48617805762650423,-0.007920173056071594,0.3128032964043763,0.44295666739636774,0.003506711976044914,0.30000051421924095,0.44149747943944256,0.00488777738346831,0.3124384943822963,0.444348682662212,0.005564445939666828,0.3513173818546782,0.4484203759052448,-0.006197696482272554,0.37999060397323925,0.4380440214461006,0.0015916892454644286,0.3641446911831231,0.44067318154535357,-0.006201917786526448,0.3849722915214177,0.3859577889500507,0.0016176264348858032,0.346422366405579,0.46549641763226884,0.004902850464521444,0.35518462007150475,0.43222828062062235,0.00993088053258248,0.3562819218327654,0.40812820196572297,0.002075281592475336,0.35833242209832494,0.3883284676455869,0.00618053237343342,0.3379108667332266,0.4636562607401574,0.00821272091079781,0.3576848598566657,0.46842537012356916,0.00444874686645786,0.34988311714382453,0.4150205549481588,0.0006505504243496454,0.3547318483892477,0.40763897666675125,0.009665802983763015,0.31738283076894547,0.4681179756947158,0.008102720344435347,0.3325703604710734,0.45591986713352617,-0.003294267410852307,0.3272607036827249,0.43798967455882354,-0.000978943926992779,0.33601225133439905,0.4265878465013767,-0.0014328794580588111,0.38843171302629415,0.7498940638473044,0.005948264868937113,0.3441898490110268,0.7438855720902084,-0.008059448623826224,0.34402408976846766,0.7120534372182422,0.009942375114154101,0.3195964021309621,0.6977631995085003,-0.008441281404436228,0.3140913731871416,0.7131166535543656,0.0014854665191416302,0.39817144640172564,0.7418346792982523,-0.004299282865123511,0.4113887768079094,0.7187828139098993,0.009287775489068338,0.41300048739152756,0.6764453801351858,0.0021222788413980207,0.40159013225206697,0.6514945873972999,0.007939247027902259,0.38141689420297853,0.7331361950333604,0.0029685877599162167,0.36960194527253665,0.6942892386701021,0.0052099468572837405,0.3775797494423838,0.6829709308616589,0.0026607412296199614,0.36894946781732696,0.6495547491946484,0.0005203275948903636,0.36209416317196663,0.7352025079317301,0.0034842014346679467,0.37988000492804425,0.7342806655732843,-0.008839394885944516,0.3553843019788616,0.6926212543150777,-0.007855253788751982,0.35768251855760996,0.6878030721224858,0.009929604494377532,0.33972569512293027,0.7379004573562539,0.0009235807545860241,0.34321066197523076,0.7307889497398455,0.009358421905135602,0.3559580683822487,0.7088270818292408,0.008334692430338726,0.36089599306777115,0.6759868615124652,0.002169404060267088,2026-05-22T14:13:58.531980
not_help,0.5864305185213102,0.28499021719471496,0.0028186278144318178,0.5673797082491747,0.2787242050412765,-0.0019016680949500517,0.5458099907073084,0.2777975920218834,0.001558692629240379,0.5349554307327549,0.2697654155810874,-0.004922067317350025,0.5419525479427076,0.22839601453882066,0.005356185160913985,0.6083724535428802,0.29229247962737887,5.499167945498262e-05,0.6074292117639281,0.25338692044171746,0.005148604082328756,0.6019972859249367,0.21848770242934235,-0.002801261348749997,0.596344999762462,0.22400362130960466,0.0012936364485910193,0.5697215537076132,0.28533148982125234,0.007651341703479244,0.5632879386870032,0.2631484615323036,-0.007945988663852196,0.5884904646741421,0.22378258312001956,-0.007832382943401377,0.5947709134767458,0.2255587149446223,-0.007788910729823819,0.5706220416946918,0.2996594506270103,-0.009507166826567808,0.5785252957301003,0.2592507180004277,0.005022272476962894,0.563704264757055,0.25070733865452904,0.002057446248855446,0.55464316297352,0.2305290927965226,-0.0008669989044396004,0.5433171186210213,0.2918252775681603,-0.006460934464461996,0.544598401495962,0.2906162345925941,-0.008921078544560318,0.5354174083176336,0.2423842913406976,0.004547483489827283,0.553190246993136,0.22522170768309566,0.00029394558895803197,0.5849252557331862,0.6719455171034969,0.004010497670261496,0.6016438038574408,0.6475551795723652,-0.005753768003919682,0.595833325674025,0.6206688580311793,0.0013530225798988084,0.6171637145560206,0.6230423852564827,-0.005358425118645784,0.6244963417739172,0.5913521330345307,0.009548494123850613,0.5858204399843681,0.6320332277083832,-0.0006291890083110572,0.5792119995198166,0.6066634271633898,0.004992699447230464,0.5776924374973944,0.5891675739617833,0.007078447406771772,0.5825201522859829,0.5373433792301334,-0.00941764265454741,0.5510933456970029,0.636662166545052,0.0036190188331337077,0.5547292762157515,0.616143141328272,-0.008047666655175511,0.5661536427149647,0.5753482516255768,-0.008801083742107578,0.5659552199990836,0.5527928668319141,0.005658163461642834,0.5690304064450088,0.6389248818218651,-0.008672573444890443,0.5390594997535734,0.6354678434018165,0.0006131707476572761,0.5621160251108679,0.6122998098344992,-0.006290703083385725,0.5428222670486488,0.5688208689568052,0.004319410382992928,0.5343199176754176,0.6489443660639348,-0.0026321112818067,0.5246107994856963,0.6353851157403655,0.007145570409196224,0.5462157109113188,0.6157617574137434,0.0017206732192596424,0.5222441166263433,0.5881241986576407,0.00826455411958234,2026-05-22T14:13:58.531980
not_help,0.5700487375456931,0.3935445772192415,-0.00819322787451178,0.5959560369517565,0.39421107611874795,-0.005184057610529484,0.6181448837024907,0.3808489034315562,-0.004970744912316161,0.6143410784699288,0.358089962956794,-0.004752679462754894,0.6430372097487588,0.3412682847793573,-0.00852818198753689,0.5832842942874998,0.36068876817254547,-0.008545409580772162,0.5761753541453446,0.3366888150966876,-0.0023914925680377118,0.583426635233712,0.33030318443917145,-0.0030021100377802656,0.5813496146237015,0.27886555141167507,0.0022867332925152854,0.5756940438262801,0.38236873625259343,0.009275261378356768,0.57191010299954,0.35388829845735054,0.001646573524318096,0.5852344558347709,0.31711703216569337,0.005967577894326873,0.5556278085832355,0.2785087743353795,0.006245647939726611,0.5430894074455679,0.37687276240180134,-9.903596884325468e-05,0.5706056561369095,0.34155257013186935,-0.008025548139539273,0.5359564192459001,0.319030122998595,-0.0028601822303201494,0.5408185864212008,0.31179607891163125,0.007140559166521147,0.5516999987274368,0.401643301067605,0.0017387512082141319,0.5519914397437347,0.35481153093046247,-0.0004311966347009741,0.5381400321282216,0.36674147831745224,-0.0026256959203470286,0.5236332932256744,0.33811588070182313,-0.009665713981625674,0.5985119739568697,0.3880358072412382,0.004291053078746379,0.606197217734733,0.3541801034299614,-0.008230202502213462,0.6349816722935746,0.33096322027514413,-0.009740434194017418,0.6463375347541664,0.30729722110714686,-0.000644737385090197,0.6684228807114357,0.2828321732975287,-0.0024701422691149437,0.616036156304545,0.33653912190977436,-0.008100642915920546,0.6254851649554086,0.33143507915467135,0.002734704064770152,0.6189833437803556,0.2708974950496862,-1.7979638686523372e-05,0.6151257444403193,0.24794923090258839,0.001957149134528111,0.5922552510974205,0.34704338898017706,-0.00045456322246418754,0.5935625910251131,0.3318116317201861,-0.0018931368041016656,0.5803602630157358,0.30241449445368906,-0.008269975931010271,0.5766475435280887,0.24994557262989966,-0.007036782149194421,0.57677233431457,0.3547002037380778,-0.004262479473723764,0.5556181937360364,0.3459445527396672,-0.004270217838571222,0.5685340834753274,0.3057359529619036,-0.009304646271694177,0.5601567988250519,0.29777020953928646,0.0011094977915879992,0.5693735874171019,0.36139699026466143,-0.004034409702632345,0.5453473102758686,0.3369064533622246,0.006535936642592796,0.5394488890424297,0.3095890645839225,0.002739868153768324,0.5621104579336403,0.2939641419252033,-0.009468780744826384,2026-05-22T14:13:58.532977
not_help,0.7000067499452927,0.36923121301771744,0.005759924462197459,0.7121914852446899,0.37089446361703554,0.001432143502830309,0.73332553921729,0.34873725047588183,0.0003887587841994878,0.7306984026346247,0.3037919637198669,0.006942307579044007,0.7577371521714112,0.3182772075325307,-0.005644819713313995,0.7158160766799266,0.36061569958270656,-0.0004904260276811217,0.7045313491634579,0.31854804774561757,-0.0033873476497018554,0.6984451680551819,0.2824671603362002,0.008961599359259017,0.7110700058787724,0.28001907970845424,0.0024607005601137866,0.6821994279497906,0.32919327498852236,0.0002903208787471516,0.6984301142460642,0.3024867401662653,-0.006981699178472722,0.689462382574042,0.30652670535294774,0.009812912022901502,0.6757837489121646,0.2587292053820559,-0.00251152532484427,0.685294655557388,0.3475500847659682,-0.0015840217944949227,0.6857797411827159,0.3319333341521984,0.005531855888199117,0.6858095377457872,0.3193348525180674,0.009328148663439407,0.6584858822742636,0.26438348444730436,0.006689816703720654,0.6541878154604315,0.3525557224529918,-0.0035335259475803692,0.6557532302077661,0.31699670415491643,0.008044503709759591,0.6730444012612425,0.301487189059847,0.000855876606518504,0.6425325228368579,0.2893971184140809,-0.007127317864814404,0.5354650911945228,0.7400340265511643,-0.000919238998349052,0.4975153464791058,0.7123766932182126,-0.00215784116373495,0.4731793180300113,0.7283778760274467,-0.0017440952598138885,0.5019078933374957,0.697118604107588,0.007573381671040774,0.48496590447850935,0.6717352054407293,-0.003244837746316896,0.5184776466446269,0.7348686814010337,-0.006540218729712239,0.5516179008727842,0.6897671737688901,0.0015522371741960531,0.5430845381675857,0.6947230766436918,-0.007198056772492974,0.5442989598777552,0.6621861402904995,-0.0019409971509789046,0.5029655246140752,0.7405124295223874,0.00831475224567304,0.5117010770506935,0.7058118007783842,-0.0020471054613603896,0.5175543748291263,0.6675633431614728,0.0012146841897597068,0.5164321056548636,0.6424799703924371,-0.006529368052317486,0.49499749471149257,0.7437815017759105,0.006718639896938971,0.48999040300136204,0.6940911483124645,0.0034751053393672487,0.49795093817189134,0.694767507764651,0.005620708215373178,0.5054499674531797,0.6535587925948076,-0.00063067424503414,0.48308937600953916,0.7416975446433902,-0.00945857433807777,0.505973497710543,0.7263458672290933,0.003605175543848064,0.5033644204819555,0.6912380982934122,0.0004519105568911042,0.5124959498157551,0.6865854491433923,0.0032276290927982475,2026-05-22T14:13:58.532977
not_help,0.3794983835924497,0.46172577799520287,0.005587101400939234,0.39286301444902927,0.4268191040589657,0.007656661440695564,0.4270027538778612,0.41599543875949824,-0.006699621796858377,0.42637934171513997,0.4050239773281452,-0.008656418494176516,0.42927110244280886,0.4102176474281637,-0.00704565396526621,0.4056411589514146,0.43974018390359654,-0.009596485547063,0.3975662079994208,0.39618119044512967,-0.0052075911303639515,0.37769889484009894,0.38943640403131335,0.006446159980110543,0.3914717846225388,0.3584447604628365,0.00027605244733779587,0.36422183048143464,0.41633155829361834,-0.007204981804345494,0.39484884504355927,0.4148063100008266,-0.005942344510575488,0.37237070980610565,0.3963028802173504,-0.003446038548706727,0.38091735293153806,0.36541947786898926,-0.009857690642072807,0.35935256576022984,0.42645441908448795,0.008781349052712566,0.35325697680797574,0.4300557958047047,-0.007637861500717826,0.37176563717035777,0.38746821567715944,-0.008306635945217591,0.3724273947785883,0.3872073964703699,0.004558907559899777,0.36152369674894064,0.4354995951087224,-0.007479920241289164,0.34010968250343593,0.4319067882084335,-0.00423301439181264,0.37828587737212777,0.42201034611209814,0.009084166304370258,0.3471013450184126,0.38433891891057864,0.00242738741355422,0.3864002130168668,0.31408311590662963,0.0032910144476461407,0.3663541644033297,0.2756076096282674,-0.008872685469743777,0.3500608519073336,0.2757943778013059,0.0006564757596521937,0.34674203758581684,0.25444712671570513,0.004294929633511468,0.3147118438417173,0.22777963817193275,-0.006096534479853193,0.4018302962815847,0.26098998035242565,-0.0022054387565152234,0.4187745121964487,0.22735978006891128,0.007553681674827334,0.4267574113628275,0.1934921169966215,0.009315691584293776,0.42556102616092967,0.16567415163939345,-0.005089770059302236,0.4066989221981427,0.29145877245058577,0.005683419996846252,0.3885971752220885,0.25123439064753367,0.0043156731846264555,0.378152123897077,0.20115208131235465,-0.0017305448472069059,0.3955494867019766,0.15371007936871567,-0.0045783530989297995,0.36508195878525157,0.2933721217668727,0.007892969681543944,0.3837421543651214,0.2471601609473415,0.004374222630786828,0.38694167932121576,0.24229220630425521,-0.009991752818661237,0.37362905218220765,0.20027971051393068,0.0008487160591180484,0.33726679226988593,0.28781389148266107,-0.009174864965382362,0.3596670353655287,0.2479082346160743,0.007146099004508652,0.34663604022036654,0.23167081708160092,-0.008088525160129484,0.3614347666639969,0.22671373399284142,0.002584282075842487,2026-05-22T14:13:58.532977
not_help,0.6125068149223716,0.35124641700982134,0.009187445988298787,0.6001391096246499,0.32109737404209415,-0.0035380132239268393,0.5863880995131241,0.3174644897349026,-0.0054013418116020855,0.5942589078792152,0.2772389174939612,-0.0018108914228360095,0.5514545638641498,0.2570283098018048,-0.0035721665124900026,0.6576661195426726,0.3118754698176688,0.0014695311263009,0.6639905746954836,0.2978989215978411,-3.5616256890308104e-05,0.6509782842087753,0.25711716314048744,0.0010521975745840378,0.6385922277007899,0.21537723329201888,-0.007467686544291736,0.6146834648686254,0.3113236232535837,0.006698219888692342,0.6457522993473347,0.27413774429287446,0.00461564564267603,0.643318214766616,0.2570490612161786,0.007094558524903484,0.6140237999881472,0.22673611626925766,-0.0006283527882704389,0.5994861460318389,0.31183780072207834,-0.0006569407357315434,0.6154760825473831,0.3034857387966567,0.0076900889672625195,0.6207194721003961,0.28409713009062076,-0.0018121209558780629,0.614415610398795,0.22747166780983927,-0.007006984663794067,0.60934578902539,0.3186340870260058,0.0004317967181289434,0.5745303380486215,0.30887228267174877,-0.002091965931754652,0.5982817760686943,0.2959160733568383,-0.002919916225540136,0.6102241033862094,0.24690289707514707,-0.005441000010496759,0.5535955408391107,0.338147729290741,0.0025760292223249714,0.6016643446096479,0.3047371080476194,0.0007128010005218802,0.5888071217566186,0.28223178934614096,-0.0005732697735122728,0.5979232525011768,0.27841311622573106,-0.007710369269473804,0.6270520946350846,0.2822643365483382,0.0021235660505908565,0.5791090639336094,0.3103107423671421,0.009464670162022211,0.5808495738673851,0.27163545327217675,-0.005738035453484938,0.59540385682448,0.2702611447748849,0.001761698117148141,0.5906597926237401,0.22095924352882643,-0.009771221334867774,0.5515867226021272,0.301448800498555,0.004578370870413087,0.5849901643530813,0.27902282465518474,-0.002112522814449968,0.5571194267775256,0.25426329968083367,0.005143216454650773,0.5812209375550862,0.24140495779987411,-0.003366135918852522,0.5603740309239117,0.29910491318678384,0.0017498763821227753,0.5442494784653269,0.28711531363196496,0.005286934129619314,0.5603322109339561,0.2799965403862965,0.009620051001970937,0.5583783793570697,0.227950464026403,-0.006866335391140512,0.5362821892531968,0.2991780104872547,0.0074261913176821345,0.548117316318082,0.28871387551593813,-0.007867953194543847,0.540391141405203,0.297707540107339,-0.006760194061161804,0.5555756072370394,0.24429336780338456,0.000961514461355362,2026-05-22T14:13:58.532977
not_help,0.6494508280876172,0.3258562236892546,0.00828384123611422,0.6995891473633494,0.29164934050075014,-0.006203367014769524,0.6780688690275571,0.29405700772714555,-0.00027315407484849834,0.7253173416447947,0.259580031946293,-0.005136688277367003,0.7402800673215643,0.21219652038546757,0.00571303394363872,0.6738550674219651,0.30256260160775234,0.0032326517319378693,0.6782818258618605,0.24077311298388587,0.004019677603627796,0.6616979002252968,0.21584989539471253,0.009658363984747157,0.6878890249558263,0.1669790249370271,0.008942369875109163,0.6370210448936982,0.28029611334139787,-0.008297393391486382,0.6464047060586379,0.2643209691990318,0.005540977098320039,0.6366116481566907,0.21318355583452908,-0.005581342645195011,0.6321790039757869,0.18121098414260917,-0.008891358485482352,0.6258159641318766,0.2996115233310312,-0.005770319538117809,0.6327454523075192,0.2817787682765907,-0.0050538468782775035,0.6428805230643898,0.23493764518534674,-0.0034445398427118377,0.625488511718345,0.2234826172603192,0.008384271536392535,0.5932156392881993,0.30937183881305486,0.006770829711924916,0.6007449903850748,0.27293427621765126,0.003789836849812161,0.5994674734626986,0.2610968581848061,0.005679749362652758,0.5982440268910706,0.24448654237144854,0.00599922066140079,0.3816426943944582,0.4215559600779346,-0.0038039172889294945,0.34767209855749753,0.3824876890466245,9.471549361453509e-05,0.31211618869175906,0.3482125126985352,-0.0035002808044672148,0.3285530736371014,0.319594796965231,-0.0050102417921320174,0.30866346811554446,0.32619452702859086,0.006328447108501391,0.4044895053175856,0.37571106082716293,-0.00423335583543657,0.3954803090327521,0.3201534437274247,0.007263339025603782,0.38048087452975043,0.2912981424689351,0.007388054275738137,0.4046430262969156,0.2891893621046657,0.0009944626802713599,0.3450564141908464,0.37439407237277533,-0.0018954660231175757,0.3635643197427023,0.3186790799393738,0.003886800156202727,0.35372121236446336,0.2942885157684119,0.0035941769835366767,0.34698560107390813,0.25924446646097177,0.007008405822279023,0.33124917908102214,0.36489920702294626,-0.0071704986410298455,0.34519716738028483,0.3435012868765623,0.0009479346757652954,0.3627147240282404,0.3327232802283959,-0.00011170202693121765,0.3383862675555153,0.3143337818897968,-0.0004699988999521936,0.314963372233105,0.37452362651882065,0.005645585860250163,0.3107060585904414,0.35286503748957687,-0.00780424061647657,0.3318016749902344,0.3247549741056824,0.001671032196448258,0.32354809745490876,0.3330534632935355,0.007473252021167368,2026-05-22T14:13:58.532977
not_help,0.31474848614680867,0.6011410864441454,0.006217098683939297,0.3163993814793955,0.5483177128260464,0.006394922986054338,0.34184806231624454,0.5384877426567639,0.00953750396795565,0.33226939051895776,0.5574607201070607,-0.004272123512710557,0.3448622599619226,0.5178760513131394,-0.009343201808296833,0.3380853283758364,0.5512512106251267,0.0016126889734232996,0.33372370340794194,0.5495794938122405,0.008644520555068482,0.33081281902844606,0.496589307030304,-0.006549445815246884,0.32494067289457956,0.49803084456878394,-0.005741654998199393,0.31828493515094525,0.5431533088323198,-0.001461180633910271,0.28630236975756307,0.520712428241469,-0.004270853080160468,0.31198593138346664,0.4966789981285797,-0.007142732386266746,0.3096489939533835,0.5079859004723113,0.008055438243535254,0.2883833225062949,0.550725650474729,-0.005295828072670141,0.2852902750144924,0.5267115660777186,0.008552012800760405,0.2806306268127377,0.5432555429046396,-0.0011981740933997287,0.29706709632185846,0.49571862352952323,0.008392186518569501,0.2905329618089936,0.5786538582621026,-0.003959470329236641,0.2691947565860324,0.5652498884664484,-0.002093813244150979,0.29082780248097817,0.5431584295083609,-0.009706166134791415,0.27626693903274274,0.5282514759907729,-0.004382667223368508,0.6159973187354968,0.7481890847239516,-0.0023855211291202646,0.5682250428307389,0.7405776907840751,0.008823594591044573,0.5604791641957309,0.6799639228246536,-0.007368518080047804,0.5441838697701101,0.6792390617739927,-0.005304909826350639,0.5140973577988274,0.6372272364015178,0.009615893012591014,0.6279183565571751,0.6997775356057984,0.0017421840339751672,0.6342144944922716,0.6918259577748529,-0.0021175547488301357,0.6216612364795329,0.6547954625767847,-0.0010638002541138933,0.6301920248710875,0.609139874286312,-0.0013766721877552495,0.5869059282106373,0.693389554536414,-0.007923833695710775,0.6149676531898658,0.661173038901149,0.0010402230932595648,0.6091776386392141,0.6346341861278206,0.0022107987813954014,0.5770721513483178,0.6114154078488568,0.009913848951909757,0.5667857025805365,0.7115630787200535,0.0018229014957757365,0.5603059774088806,0.7000309153033328,0.001866902829990606,0.5608753785826871,0.6447026470115876,0.0015816398232536312,0.5745721814137039,0.6484961843833085,-0.001203341228005311,0.5710688575573918,0.7357953480875535,0.008906898308181229,0.5587257434784024,0.6921843432798978,-0.0019165245476915598,0.5577308090931093,0.6709676349033972,0.000465816999394195,0.5525746859033205,0.6366373343777875,-0.0074993905678197815,2026-05-22T14:13:58.532977
not_help,0.391965538172137,0.4667864900558549,-0.004205906425182655,0.42832698400824304,0.44759066545435416,0.007006080007700038,0.43309271547487477,0.4327332825317437,-0.003574907338187632,0.41668210686258794,0.3967219038035109,-0.00456067389563463,0.4347559496832214,0.40079994499343946,-0.005604024161574925,0.4259542448891637,0.4456590166380129,-0.006065287816758897,0.4062842798291952,0.42379308078011485,-0.00591217080044276,0.4117616607586722,0.3662354520646048,-0.005625989801890176,0.41422553785871685,0.36221468422161557,0.006208552579707248,0.3925266736350515,0.42877457071115327,0.009437831955622021,0.3805109232938206,0.39047983527590513,-0.008481620881704639,0.4066317095457858,0.36330521675868127,0.002141885735835741,0.3893867046880835,0.3336792136201941,-0.009226768991908243,0.35353718816313523,0.4307702904052377,-0.0068394432892774,0.377956782278964,0.4216918151498921,-0.0032091113212292834,0.38816495008253793,0.40002355453234456,-0.00993334371018896,0.3549481712892426,0.3849612948051185,-0.002492481258796666,0.3640213275499687,0.44700332950800176,0.0068852057693316055,0.36893806837199755,0.4092169432145987,0.004471984335556409,0.35498211151399844,0.3890597305756862,0.0029801752259678866,0.3480643217306044,0.3879611379280702,-0.005984149402557632,0.3446013135303072,0.7158271919832067,0.004313573468503681,0.3397964567962298,0.7140720624262715,-0.004054541376523291,0.3576955319044469,0.6901193912504682,0.003981596096393734,0.3651040224718421,0.6601797093427906,-0.0044598775459854315,0.35494147027778483,0.6586440545269362,-0.00525148899503983,0.3405068713558173,0.7134659587955158,0.005900309515084289,0.32377004275929266,0.6597282895242426,0.009052181703449078,0.32363429835364416,0.6413093251775577,-0.005173019441134295,0.341199938102827,0.6132201543208055,0.009726852425191416,0.34207797784470184,0.7089015950900853,0.006136181916768421,0.3130526264571788,0.6859988733216772,0.009446069844819384,0.3203433056188196,0.6419738175904828,0.003304004949188059,0.3348204352259491,0.6096007383711747,0.0005723866256338583,0.3097418816395683,0.6885074825180467,0.003946611786531374,0.2975394900270168,0.6804683414541024,0.006886351526291827,0.3283809140506807,0.6485272673366325,-0.00964743443113354,0.3190030789225971,0.6370156423498139,0.00044048773142851133,0.2886936330445101,0.7107434374424131,0.004544388392013937,0.29548677901657905,0.6960101130467098,-0.004478710646914099,0.2824065742806695,0.6512346198209686,-0.008053389011986122,0.29193782454018147,0.6547264676564983,0.00043749928931614314,2026-05-22T14:13:58.532977
not_help,0.41227574993652216,0.36225400586826245,-0.008955164011228173,0.39250256890278057,0.3326555108178008,-0.00026636945505268544,0.36887198066679394,0.32019673720656433,-0.0025513181377683795,0.38407880589727544,0.2870155723697205,-0.006247176514382176,0.3655817900013468,0.2887986499201736,0.009208796641425357,0.45411704997996377,0.3176825161515216,-0.009969620190096654,0.43015787353528717,0.30375651925994474,-0.007032174624155842,0.4493802080184976,0.29470208217181876,0.009596843813598191,0.4391612393181669,0.2715679640514664,-0.008772239341285487,0.43600889615170507,0.33287890108460405,-0.006905396209859804,0.42664598383139674,0.29503944153168493,0.008511434311587013,0.4007751304713187,0.2617122650846522,0.009908699313397698,0.4130065097095837,0.26980072080366757,-0.009274204698944804,0.3983954902348659,0.3252721894668225,-0.006872699092889827,0.4228084048435974,0.30346511110313085,-0.009608289189771474,0.3835729791326883,0.2859661901802239,0.009758948902653499,0.408610428896977,0.2771670703117513,-0.00808642292112078,0.38664234624029586,0.324505724879199,-0.007444282798697719,0.39595578435860324,0.31806712743110593,0.0016271999743513055,0.3841682147551672,0.31985895714572044,-0.008013927633873033,0.3871060695521465,0.2869796202102213,-0.003823365863574355,0.32981872501519455,0.6354296052890598,0.005643907762326655,0.36056363559003074,0.5965819178257823,0.004627120718540328,0.36378578325380606,0.5818414738979871,-0.00944466207032255,0.3550651423308896,0.5679321149859855,-0.0065742901865618285,0.38625550981737294,0.5334077206198106,0.00972041373406,0.33185348280948074,0.6022242074960797,0.0044511121284028544,0.3341755346158531,0.5809647100878526,-0.008745020835604096,0.3470296428304673,0.5211560914589318,0.0002747899559670964,0.3204292972691802,0.49647175227529305,-0.008396261516819558,0.31091037217501133,0.6010420313741958,-0.005531217622776897,0.3030504922048066,0.5621010184414476,0.003953637619956065,0.3009227525440845,0.5192966110407957,-0.0001882291260050569,0.31073495410224294,0.5098313622382374,-0.008115413054407734,0.28245641800689697,0.6193360925497204,0.0027758942109132306,0.27436641416179475,0.5596374056950667,-0.0023099410942206662,0.2849983284892284,0.5599521095550478,0.007386722648858169,0.2721295118840805,0.5258449535147017,-0.0067206998530355815,0.2890054293272154,0.6075798595900779,0.00826641252727183,0.26295777948231597,0.5755468788206769,0.003914118935986054,0.28149115844332323,0.5665467409730048,-0.008313331038653518,0.2837780257289248,0.5425616023304981,-0.002101653542873087,2026-05-22T14:13:58.533976
not_help,0.49322981280872746,0.444828909145518,-0.0022501642720554813,0.49307103656594325,0.4211955303700689,-0.009791519375723999,0.5145199660739044,0.4091228706299289,-0.003711746412103612,0.514553823314554,0.3954739794515868,-0.006487616547736901,0.5127096213585619,0.36275601093246634,-0.007345089294228587,0.5038180016066279,0.4197773520324357,-0.004163276331980603,0.48558287098878583,0.38806405808269384,0.00851180039647977,0.4872135207742736,0.3720790161095483,0.003153970838160401,0.47872015922936384,0.34994621285259986,-0.003954438855973268,0.4882296688193259,0.4016090763981474,-0.005170799919940266,0.48280491300939876,0.3829180229705462,-0.008640817287665645,0.4928408952756254,0.3807275621718605,-0.002047267944297793,0.4793199328773606,0.364741160009697,0.005005639429942558,0.45689646829350117,0.43829648114717407,-0.004482544012297505,0.4553967804044998,0.3880016164279701,0.004130591369019063,0.45509239444932575,0.3665022908680967,0.0026769824867714457,0.48058717729821965,0.3457985262884653,-0.001852789512435303,0.46664400397855704,0.4064062212938616,0.004904212968323241,0.46536664514527937,0.41444232838129186,-0.006411748591877009,0.46181381824409884,0.3740552938567992,-8.824446439698042e-05,0.4676082811537873,0.38501707563005166,-0.0010094643051393338,0.69978388275585,0.5811282328301374,-0.005143154469372346,0.6871640739879643,0.5337507078846844,-0.0029227714233725525,0.6862555295435079,0.5366147222568866,-0.007384160473075026,0.6687576122452941,0.5133670644581888,-0.005589938071961991,0.6697190345903384,0.4888047593623217,0.002766598229120598,0.7152543513934717,0.5412528774317474,-0.003597340283231505,0.7320439710644397,0.5192223396565897,0.0017084301960763274,0.7356778350268205,0.49150250104471277,-0.008645380134938891,0.7071244565298113,0.4916541023787613,0.005069144688049134,0.7140563292450545,0.543605068397268,0.0015309961882011731,0.7077156429750011,0.5382843743525982,-0.004886200516897934,0.7039182240509679,0.5166537847075146,-0.0016380295605581859,0.6998131088783207,0.491230789434484,0.00342116847109168,0.6779865888240062,0.5269657340750661,-0.004596579990418932,0.6960456405461094,0.5327920016614136,-0.004069382902634268,0.6868188122366307,0.4921728599142143,0.006887351424946399,0.6983444581791626,0.47933950805213715,-0.008791359067154227,0.6924122265003857,0.5343885382241361,-0.008120827957948011,0.6822826516868468,0.54163137764165,-0.00402170685639393,0.6675256204938799,0.5176847911567082,0.008964188902939438,0.6811385355256463,0.5106486338349099,-0.008474557368182992,2026-05-22T14:13:58.533976
not_help,0.6778538198659223,0.5068594398488752,0.005226604308929525,0.7009080067884965,0.48264447475831135,0.008997437804761565,0.7307668918974053,0.4532974368219948,-0.003870646546791037,0.7275813435665365,0.4304339645708259,-0.0009598782834063548,0.7413639776648602,0.4130731895390325,-2.4613014978320386e-05,0.6927149294469633,0.4524664307749027,-0.004042021524096129,0.6981662677432862,0.4122799794931636,-0.005786343417865467,0.6941839516681566,0.40692108846222336,-0.0027764846310701485,0.7161822312856733,0.3617466556668671,0.0016999033388006776,0.6885118885694329,0.47593116652852463,0.007773486242556036,0.6730629630609134,0.42847351015314994,0.009062922991921714,0.7000127336426735,0.37343783980154366,-0.0017198216600089553,0.6995698051699736,0.3670638857881779,-0.0025725342170251735,0.6688966454920198,0.47623124532874705,-0.0022934491752315232,0.6487276565598474,0.4316217307128509,-0.001830701840374236,0.6719969280034818,0.40991833642977027,0.009278823089957361,0.6537257670421425,0.36018380765965036,0.002408236641044243,0.6338542642837051,0.48247713492857097,-0.0056848213744430075,0.6534394210798014,0.4362518300441214,0.006002665334458731,0.6287573077726124,0.4108475835569945,-0.0032196046604649657,0.6533856892292232,0.40453972186499393,-0.006988000529748319,0.41118762063209136,0.5515690925149446,-0.004360986364188768,0.4234414428689581,0.5393563518404659,-0.009784982274347834,0.44400442829961473,0.5142870409487624,0.006101612744606506,0.450168927015828,0.49240752997350823,-0.005721192244891562,0.47123715399351696,0.4895162417310708,-0.004773065595942642,0.4317856760142477,0.5134415583416636,-0.0003914600309436068,0.3954681651960675,0.48405102405818257,0.002474422701514805,0.4086019978766497,0.46310588873734626,-0.001104257460671762,0.41200825599431873,0.4238948337259488,0.005848004511790647,0.39456124851986446,0.5070934280535024,0.0029250729913164707,0.40508325338437157,0.49444961018685174,0.00948446713568715,0.40212423625485466,0.4690774503837554,0.0022126423238598997,0.40798943530117454,0.44477745022973464,0.006442652264997803,0.3662131090747079,0.5338511508140311,0.003501345499383213,0.37963660803238897,0.49788391569848495,-0.0026182208117033687,0.3689327636893563,0.4703612449242131,-0.007482916949298731,0.3736205620579678,0.4502970135730372,0.004734208286643355,0.37207254438647497,0.5256276856273966,0.006792369261236478,0.36677406409678154,0.49599657417968196,-0.0037095406608968727,0.35610445355457754,0.48895059185163114,0.00466150782443415,0.3668979272438507,0.45697848439200506,-0.009028841077356093,2026-05-22T14:13:58.533976
not_help,0.45236426167368254,0.5566345982692255,-0.002204878218001656,0.4424132354323061,0.530853555503767,-0.006607283078042954,0.41916716718203567,0.5258742762656718,-0.006095394653848079,0.41660421988034946,0.5007553793934076,0.007918019098933452,0.40345934268862754,0.5017961333209382,0.006475789938108685,0.49101985709108786,0.5121075866534966,0.008860151329654663,0.47929891949588155,0.48629218347046277,-0.0021635225396058784,0.46955101099735524,0.4600883132923836,-2.512255386959497e-06,0.47779482010010554,0.4455488106636459,0.0006792567313542719,0.43527841721497657,0.5408469039330461,0.006476773856656225,0.44155677751911193,0.5160570978311768,0.0019531742600210067,0.46083703889673966,0.4809387093048249,-0.0074700252471268155,0.4430683881327685,0.4369524701507518,-0.0036687928508742007,0.41315734047339625,0.5417397277689278,0.0005193622541387801,0.43195519983591435,0.5222555226713842,0.007389895924577656,0.44419368300457346,0.5031620850877379,0.0021959851067225797,0.4418981158399499,0.46539386795384075,-0.008935573210603771,0.4011888313653537,0.5448568116068705,-0.008505431241289108,0.42931553668235767,0.5072342026511053,-0.0038089061897960217,0.4349848372554581,0.4905211418339482,-0.007010463217750829,0.4200958763897603,0.49638384480166575,0.004560122251798507,0.47315417098474066,0.417376861724827,0.008781623373151281,0.506837239434417,0.39240104952136823,0.006960961452175883,0.5289634772186607,0.356680441515462,0.00044867443713747686,0.5535491989310897,0.35927048211542495,0.004714582724850973,0.5429534399229197,0.31200725185469613,-0.008592483239544549,0.5149481691627418,0.3756506519538578,-0.00876957395456245,0.5171835357994378,0.35611822614573624,0.004229857129854922,0.4988848243965177,0.3338190628290511,0.0020613834875755077,0.5028845819783758,0.2728892508466361,-0.0008823523740746925,0.5005295218812589,0.36859005728935706,-0.002416898277908206,0.4830123913900566,0.3483614838312459,-0.005533226415220767,0.4701800605893474,0.33026850208449277,-0.0018483662647074493,0.47332153594153953,0.272449596464731,-0.00047744298043909776,0.463355021509904,0.39405272817521897,-0.004606399735319571,0.4479777780274616,0.37158725947158144,0.008293346821200904,0.46055217167071594,0.3397477939398677,0.007530135785904743,0.46010890379519603,0.32632457344721116,-8.785225210998851e-05,0.44927836556389694,0.383489543931538,0.009021615483769582,0.47128350372790423,0.37254394885783093,0.004388836886995729,0.46015928373839343,0.3354786255236244,-0.00811572405417066,0.47132891287074175,0.3087869092399037,-0.00761951838838727,2026-05-22T14:13:58.533976
not_help,0.6116546860832639,0.28663523722604983,-0.0005060748433115443,0.6493783561576973,0.2708779016287899,-0.0010185227054103005,0.6811155300165659,0.23431673190215377,-0.0024751012998386447,0.6759982812969243,0.23579864963965994,-0.0014923587424360025,0.7069678752730767,0.20296299815273763,-0.008189218824627826,0.6383346239087124,0.27844371397986606,0.006264894187542789,0.6571060683385996,0.24832657633874738,0.0054340592190882855,0.6631394184529567,0.17763376856189672,0.005717112579404925,0.6587493839821967,0.15030800259163601,-0.006433285341238193,0.6427806153843347,0.2788929412132299,0.0032186447245004784,0.6462141673599582,0.2152942221168776,-0.003642144723408118,0.6188579561367495,0.19518355713029928,-0.00905158004507847,0.6244021395130631,0.174512821516773,-0.004733481692690587,0.6005105049192953,0.26560570265624295,-0.0048707821379380435,0.5951606051355026,0.23013802637853606,0.005468513508846829,0.6098919698018087,0.22538662957046285,-0.006019857081987948,0.5942884285417619,0.19133776884471265,0.002278651762606226,0.5754434849837082,0.2828494838103686,-0.0009833694565077322,0.6062769371978238,0.2712698411346375,-0.00450961255410651,0.5722586752089764,0.22406358841193336,0.007413650285797687,0.5808710509216616,0.21972735096773724,-0.004839348720509367,0.6292431335895596,0.6781031583294042,-0.004964128790687261,0.6104568783329812,0.6690858491319919,-0.006098303614197765,0.6053229158212744,0.6430976007419253,-0.004126958095820037,0.5959523052730535,0.6103842119081831,-0.006348393130345803,0.6047972027690673,0.6051828809718669,-0.0008099628311551334,0.6684631917837444,0.6389161304409123,0.00797605748761642,0.6605947065878615,0.6406219213206495,0.009286294076621628,0.653607739292538,0.6005054363396854,0.0009000082892561493,0.6612368723320414,0.5866594139622519,-0.00021104756754585473,0.6597898682326971,0.6345080110153483,0.0032203280743933037,0.6533171216553989,0.607918787619096,-0.004153808269732211,0.6324480924384348,0.5897310147817076,0.007994455840754084,0.636317590649856,0.5683010495956873,-0.0023495806330056483,0.6206490808016946,0.6728420332239785,-0.004357169721217315,0.6420014294127887,0.619476649493868,0.00992361885158896,0.649582322667733,0.6254732851378086,-0.004526158632377384,0.6169882101604992,0.5975802589545172,0.008476463674849352,0.6255807727269571,0.6631199990500214,0.0025670637758269336,0.6046065096084395,0.6390199877542504,0.005749105758556921,0.6304435895283463,0.6077403707164992,-0.0024619994441596816,0.6182169430064617,0.6284504554053508,0.0002235098763552941,2026-05-22T14:13:58.533976
not_help,0.5282920511017174,0.43908474169911454,0.005276569794114316,0.5645651934635164,0.46290915199874244,0.0025321287138634994,0.5666743915365154,0.4341136036999466,0.0073417142409033884,0.5903492064016297,0.4193605668047963,0.0025518474934552258,0.5618612662232448,0.3912930569873729,0.008352667021718418,0.5550491912063754,0.4415159345312294,-0.006002276649936358,0.5706357291509928,0.42243175924878995,0.005034209753636188,0.5647357706048379,0.3901780265805336,-0.004195718555886756,0.5555330727718831,0.3706119520649197,-0.0073330209583656655,0.5382171913489177,0.4223731091482864,-0.007203600955705327,0.5334357087006719,0.4065733100183727,0.002583840700600269,0.5437998457773164,0.3995836256061408,0.008613123661508714,0.5468672878495606,0.3909735650252961,-0.0066831568718947664,0.5307411693368841,0.42232258923533966,-0.0069628319566324565,0.5363594426409211,0.40678115524251474,0.0037479031450442114,0.5394362192406187,0.41627097167957144,-0.009477982003133788,0.5075777959898236,0.3718403886605665,-0.0018853451073590575,0.5010942644695463,0.44579360687295466,0.00014528223738171676,0.5200472939712117,0.4148003212076725,-0.0004907958522324049,0.5275828568690224,0.41807825840213847,0.0021532363918499095,0.5172549951575957,0.39626605816406835,-0.0055690817787885675,0.576916021269684,0.6420629051220759,-0.0042054924022428405,0.5390638430778865,0.6207360273005138,-0.00786221835554338,0.5473574928847986,0.5946199888222041,0.0033693734717951205,0.528256487918973,0.5891549037142051,0.009909928197976302,0.5204092558465032,0.5517852423782725,-0.005441883330918247,0.6091029248654312,0.6190718477241383,0.005198419808214066,0.598855920016035,0.5588383427526317,0.0003509726023071206,0.590426273134406,0.5577934994558036,-0.0016394924406503853,0.6152157993203483,0.4934849203890706,0.0027066627900335406,0.5933712671819668,0.5865938259547612,-0.003705605270539456,0.5718786575594443,0.5707472887461464,0.007068506549450746,0.6032172382233567,0.5493423945084537,-0.007386064229540532,0.6006896688928821,0.5152305926333678,-0.00828434188981029,0.5764292361080356,0.624785501645543,0.0034743995237972777,0.5570588435460105,0.5928950517590486,-9.046844877276874e-05,0.580876093440155,0.5440361380693733,0.0008736788605302175,0.5617631709038535,0.527861223133085,0.00936180585328907,0.5443632051996603,0.5933895188631393,0.009035946060325041,0.5423967398751315,0.5832498900396922,0.0014732884578927269,0.5408386082086628,0.5809005406508979,-0.0051141937112053285,0.5495603477271522,0.5699260848656045,0.0012934773669443043,2026-05-22T14:13:58.533976
not_help,0.7052566291691711,0.3390213442506771,0.0017056706080257975,0.7072695641450839,0.3389934316180415,0.0020477091478576324,0.7246604663480284,0.3135621299959905,-0.008333456557911937,0.764366787164498,0.2947034401506467,0.005417554152919427,0.7751167877104842,0.24795718192583707,-0.008277661289613235,0.7263436642855439,0.290920581922692,-0.0013196210367421336,0.7145490272257887,0.26369901781311783,0.0022590449655435687,0.7093809639347046,0.26420044228415757,-0.008183447794850474,0.7106113635347727,0.23544114113363293,-0.0034432410183193093,0.6776254458415083,0.3164603380326963,-0.0018254875638897376,0.6809725721674792,0.27477786243022473,-0.0006738262158187177,0.6972453953058171,0.23398472046772398,-0.008460037903527038,0.7004113961182257,0.23116583398286686,-0.0074746772044164585,0.6657874195697904,0.31462649705898116,-0.007021373275104812,0.6709544798934362,0.2947354452528763,-0.006768049557692695,0.6918617669560849,0.2697995295589524,-4.808150613518254e-05,0.6630384357959681,0.24598233536414085,-5.80643223472236e-05,0.672881453391871,0.3356119097535284,0.005125206886747221,0.657303977577538,0.2812790834256143,0.008865212497908418,0.6802182320530731,0.27815221145088304,0.005389731982487189,0.6728781438682933,0.2615158907656094,-0.005419496664669861,0.7875488331187561,0.638882383005261,0.0038871935672252483,0.746980677548116,0.6514351853317457,0.005240638754114641,0.7426053361404398,0.6274579211869407,-0.002192693897776197,0.7554460168612951,0.6049098747109941,0.008530615280978595,0.7273762279242436,0.6211901972869697,0.00956369205700165,0.8116534371223609,0.627163480390585,0.007560981136629773,0.8045956198997107,0.5978298986823288,0.004960268635937109,0.8051712626166958,0.5898948737485057,0.00877208843908816,0.8051120937166675,0.578896112107953,-0.0009964449738635375,0.7630895997197211,0.6473625028378575,0.0005832915642025038,0.7673342042456904,0.6141407016369929,0.00289955429001228,0.7619449161969621,0.6115667959309842,-0.003675564798009361,0.7786421244659927,0.5852889958902205,0.00014794686695563525,0.7821266859982129,0.6233481565978525,0.009354077909134279,0.7851239652938444,0.6107777243004645,-0.00034984385257066757,0.7602530059625902,0.6236974065101522,0.008563797323657857,0.7714989263580421,0.6086737541686076,-0.0065762781408605165,0.7506876161261424,0.62533172032109,0.0016478573120286156,0.7723318635239792,0.6404073825595997,0.00651440586752774,0.763572682053187,0.5972485116521455,0.002067997330671381,0.7744612971350207,0.5954798064215684,-0.0025911061769051183,2026-05-22T14:13:58.533976
not_help,0.3695746627031838,0.4136093177687089,0.0002800513157626104,0.4051636781007411,0.4060460495404419,-0.008396202803968654,0.3731953082830301,0.3893581920114013,0.002506566291800398,0.38718181416853875,0.3704239905372647,0.0009426778618161283,0.39931681974762473,0.3747748338866226,-0.009906821125283998,0.36821084452889113,0.39273346845354346,0.008000224836184905,0.3902780734878008,0.3729503825330156,0.0018753906624470254,0.3964089562351213,0.3640891104030588,-0.0074701519402230535,0.3618375850486354,0.34226162042407676,-0.009519904131140917,0.378187911349307,0.409444382415404,0.0038715308255879797,0.3693227657677944,0.4007827201242779,0.008859838880214353,0.3581595593416836,0.37143551461414476,-0.00046667913666210113,0.35492680255363296,0.3322483456141642,0.007653771015227897,0.36915288493568027,0.40438198834997885,0.003720525907871452,0.34488386569047796,0.3807297256802509,-0.008164281139923051,0.3586676227040183,0.3811480007082314,0.009382203628785427,0.3571593780644523,0.34809791022221664,0.0022322603762966516,0.3642163074883693,0.41577375565428404,-0.008521932447298083,0.329349235350456,0.38005919127469295,0.0003225139076461891,0.3446698137565103,0.36423190662618293,-0.007207854157150604,0.3642440655113131,0.38615036490366855,0.0024282044932756857,0.22811578338038552,0.7171466182426118,-0.001025752390650496,0.24339772894171552,0.692623456946558,0.003112061391999177,0.2584763603328136,0.6583093099187066,-0.007921551941571375,0.2586679854967712,0.6632004180710444,0.005922937105128116,0.2883370238573041,0.6175293706745674,0.0009878211526098048,0.2495054617883391,0.665677151625424,-0.00915610205764308,0.25448358368429297,0.6729934196306997,-0.0072178486153174435,0.26093650390341794,0.6237190382883543,0.005137341037078478,0.2627721459593118,0.5864864806139437,0.002589595656940804,0.21312153044844268,0.6766898214890057,0.008431855654679342,0.24258493945052415,0.6638744837348968,-0.005453995296877887,0.23802313471746464,0.6409944141744899,-0.0013685393129920283,0.2127961746423268,0.5973281181538502,0.002821528224602729,0.2061355168747002,0.6676596895984054,-0.0005209760700575789,0.22403980372649113,0.6828032845462513,0.007138153229521648,0.19429544469222684,0.6474852085673964,-0.00590347341836726,0.20364588297027258,0.6014171306126173,-0.0004391720091232159,0.20142749694747664,0.6927964723074587,0.0024544873952825046,0.17728235184921143,0.6576157071649702,-0.006578252311638088,0.18882946581672375,0.6475998614914237,-0.005498298930502199,0.1808887257253905,0.6247123768155132,0.0074228513367661664,2026-05-22T14:13:58.533976
not_help,0.361489559195259,0.4049372407590679,0.0007041579224174935,0.37915133977315124,0.3831227597650403,0.009643429006205394,0.4156422670560476,0.360998088578225,0.0019513868032353752,0.43546646901166525,0.3170755301788762,-0.0075248853776519915,0.4364784710257481,0.31751532946278976,-0.005355652905981072,0.38634152042151443,0.36528061436130754,-0.00572760831909084,0.3778746430928271,0.3203556741919263,-0.0007110407617000741,0.38294752526530784,0.2991574250615116,-0.0019777918836859417,0.38227203429339435,0.26444287672070454,0.006718431375712644,0.3835773583806989,0.34260924396949255,-0.0014572091145530503,0.35358395386857355,0.3159392213043918,-0.0047086362798274585,0.37468615945963124,0.28046539342808274,0.0007386347187689178,0.36806207116543815,0.2544573761950009,-0.00523950528412281,0.3490357532348677,0.354530719046815,0.0006968313060449829,0.3302755525602105,0.34231933597129577,-0.0043172860898737665,0.33667519893457676,0.3022520071264582,-0.009856902757640031,0.34857342290006477,0.28584604649622214,-0.004050668522419381,0.3488470678006245,0.38339941770229324,0.00013395737946591928,0.3441289538097778,0.32904263820633856,-0.0047689355220103535,0.31944490820152105,0.34855621575326234,0.000479865587938267,0.31969866865366253,0.31043494290298335,0.003661953799322543,0.31151923145226645,0.3295130808817741,0.006956693339965134,0.3472055012362468,0.32924859883440527,-0.006096346331325006,0.33120787003681035,0.30069916348932413,0.009921889263129235,0.3693265492623848,0.2994622718344236,-0.0014282085862828992,0.3645704184272461,0.29657226191921415,0.005694869496824543,0.31893144528725786,0.3051576040802505,0.0014158902248769326,0.3290982859231115,0.28690553935315927,0.0014040111560830286,0.337757101080582,0.26108729396990277,-0.0022267817788607872,0.3408174646393721,0.26693846738712984,0.0029741029273573066,0.32149358474186585,0.30193362504036647,0.009721684696657606,0.3345321329751096,0.3055054822877714,-0.00892544947893903,0.3131911380626931,0.2940548927213738,0.000963562753270893,0.3080117862186303,0.2578402630976289,0.0078118470750493125,0.3219436413653077,0.3165654014209771,0.0016518635375816926,0.29626941554864133,0.3078077506672069,0.00418092777787692,0.31213623997225437,0.30675307215351705,0.006605046589241858,0.287046215118093,0.2614208406108433,-0.00313757144710219,0.3096045365438003,0.31290056346665934,-0.0057934301852591834,0.29043780258234553,0.31598776277825336,-0.0064215027148763724,0.29655775475043095,0.3097839337361545,0.0032410426605128523,0.3121579269895093,0.29794501285108904,-0.00474973316581637,2026-05-22T14:13:58.533976
not_help,0.5634745169491103,0.4420908690417259,0.004474617013912734,0.6088091230207522,0.4429369893050693,-0.006968824957523045,0.6111287731861099,0.41064474763431147,0.0025478272009522122,0.6339900584531393,0.3878363656837198,0.006518176635152239,0.6338899299086982,0.35551644506836905,-0.005764991171168068,0.5961771928125259,0.4025289181879785,0.005626216575561808,0.579646110714874,0.3958160724408267,-0.003299348289523816,0.6158955459036405,0.3706877322573166,-0.0021485444227874063,0.6060283789269818,0.31013248248572,0.0019153402498654163,0.5607478193303179,0.41424673512305754,0.004307092236890471,0.5907756668564013,0.36700924544096025,-0.006890602312168733,0.5900593939251824,0.34348512485653315,0.00730181673263053,0.5611944963448242,0.3278718616933879,0.004977035142433323,0.5627634280313835,0.4214932713098667,-0.0056708738322103,0.543306935911069,0.39222494700085603,-0.001999428567302659,0.5494359964281726,0.3556910645515689,0.0023097662572885615,0.563276959836639,0.3373844430032986,-0.005848332425882006,0.5299512725553391,0.4409743353337551,-0.0010926722583073575,0.539671568099043,0.4138036115708053,-0.008060658327827519,0.5216925127686682,0.39112999063390763,-0.00927540433251218,0.5458450100715296,0.35734509161439754,-0.009099809486213223,0.5902851193226963,0.7885432336187839,-0.005293350320438892,0.6133219529474653,0.7588584586419084,0.004227488765983991,0.6339228457572048,0.7679213343305037,0.0013641879196321146,0.6390078400489098,0.753713955932581,-0.0018134823671021438,0.6483472045516001,0.7490605190792972,0.00043128745993148594,0.6120105116191602,0.7684022090834255,-5.483919386949955e-05,0.6334537581173554,0.7378510620967188,0.0007488191792277346,0.6095477433431464,0.7389216838413196,-0.002267848037154097,0.6336143213944488,0.6980520685142197,0.0016025334581142043,0.6118333187049833,0.7697677367740273,0.009796693334551096,0.5873928926226012,0.7363734312529607,-0.003960751770922164,0.6179280653004078,0.7317027925160824,-0.0073629002958848794,0.6028880688541801,0.7289510651684198,-0.00883447303770573,0.5867042669987849,0.7668242506118944,-0.007975262189571215,0.6064063125871618,0.7695973330742863,0.003537300576011213,0.6047216714230335,0.7246821355712593,0.007603712241848722,0.5865299819381549,0.7208906465147803,0.0075044799575991455,0.567514869292453,0.7591765936976105,0.0035050174632029057,0.5981188237980082,0.7607392804737076,-0.009955807583470613,0.5648627733856914,0.7398779094655605,0.0002920866315231467,0.5806342382711314,0.7308338397012377,-0.0029173140715946944,2026-05-22T14:13:58.533976
not_help,0.6284934977141874,0.3681444587973699,-0.00039995504456163955,0.6044186992566384,0.3264846607984715,0.006481027180008746,0.5810916413330024,0.3139778456017783,0.006943706193780401,0.5584051103877844,0.2917712074718476,0.004113743306587654,0.5673712854698079,0.2583885420028549,-0.0007939061009921301,0.6575246340487269,0.3167447042321023,-0.006874645104037182,0.6613361466946566,0.31279526755641435,-0.004061093868164388,0.6583463021519934,0.26479579704174605,0.00039968887217205207,0.6592512026940305,0.2244123305878926,-0.00988863255233449,0.6093913132738223,0.3413729029473471,0.0012959148715774998,0.6137426336423702,0.2760850497415263,-0.0051115618551812346,0.6087757626767545,0.25535298060387174,0.007292863314560508,0.6360345693239554,0.23450423100377638,-0.0015686352019857446,0.5985438680324068,0.34956943601029705,-0.009279602632766044,0.5928280382984412,0.32302203713463284,0.006441879027867,0.5935658695937033,0.283829851717554,-0.004143851862875514,0.6143338816156066,0.27409298186955533,-0.003594630851162413,0.5717370321803714,0.3518349577161729,0.008684679009999979,0.5789583031621719,0.3310716244907087,-0.0018668932557976015,0.5757662958589606,0.28177760869234825,-0.009101323363701374,0.5814949600109678,0.29518165312400124,0.00759996364822592,0.497674358629853,0.6081270625885777,0.006997047218474934,0.5177820830604564,0.5683513430017301,-0.002310209740147438,0.5265470777548794,0.5787592074210304,-0.004066443861046776,0.5303202572972688,0.5773262535736249,0.008591863357251423,0.5111144249850889,0.5475629266975625,0.009474131337643603,0.498426651165752,0.5950081402590477,0.0014183982232230472,0.5078854448932321,0.5752280741181347,0.007325233662198031,0.49402245822576113,0.5302897291481622,0.008168427466155025,0.49423642792654143,0.5032865330254847,0.004621638032397608,0.48194098035391597,0.5905212040833282,0.007325741682523481,0.4717304733214834,0.568129097288649,-0.006373011038255407,0.4995551134756714,0.5510384700760685,0.0012708667571909252,0.47766765946826945,0.5151744585992541,-0.0010753026910793537,0.47373369320262254,0.5763186240842917,0.004844867058951281,0.45626848079617854,0.5560831059681851,-0.00779121125702765,0.462117611962508,0.5565281178452048,0.009778880023676719,0.4591859083844475,0.516620175955425,0.009077005993957105,0.4528479407324014,0.6067815283026854,-0.008750401234387369,0.47948035933978167,0.5594157064640679,0.00823957141680332,0.44980644258043284,0.5686599914687153,-0.008670802400316851,0.45191574155778824,0.5298923949163796,0.003340480913413735,2026-05-22T14:13:58.535484
not_help,0.5415992703305952,0.28894861673752387,-0.004514862976989718,0.49297282863496,0.2974385599435787,0.006710860862762699,0.4904192802018682,0.24820915339149432,-0.004483480628208125,0.47962952894825917,0.24215657367025226,0.005107550894287169,0.45345965852105485,0.22315779097344762,-0.005605140442254129,0.5497088853409592,0.2756710577768129,0.0017395828423019104,0.5351332873301122,0.25154399594914356,-0.0025257747253141184,0.5335971011340879,0.19728045248094608,0.005911765876002431,0.5612528780825423,0.1871146968334529,-0.0010045583785578578,0.5369827122356661,0.28746343431136057,-0.006680495574194301,0.5395643442552885,0.24142437789974663,-0.008651443368631544,0.5120783709774874,0.21160641490295926,0.004535634490665812,0.50956848663428,0.176410395031051,-0.007124401667083297,0.4830518370710508,0.2749064946543362,-0.00040842498501242157,0.5151617303166112,0.26500550654842236,0.0036550424663176154,0.4897056227993021,0.23201867669474757,-0.009188144345267497,0.5095624947127275,0.18434758000062243,-0.0016677571208375905,0.48586815643085735,0.2670184312130882,-0.00677625313842277,0.485713588318438,0.25017281288772547,0.002760865814266761,0.503953375898887,0.23988999742730038,0.007417723635947221,0.4713725497226583,0.2208852342437062,-0.008452190530349726,0.723539924973334,0.687424341764764,-0.002618911884553281,0.7001437021773066,0.685063374003281,-0.006665086997478744,0.7094116008837978,0.6518033651964951,0.001760533831152121,0.6696271502153639,0.6147605118798639,-0.0013319256537090325,0.6582499148520425,0.6041472132506609,-0.00807477685367754,0.7449750058439975,0.6591242935932463,-0.008441982465330905,0.7304640193112419,0.6527723476431294,0.008044067745426669,0.7582152955366531,0.5920914670682714,0.003360438305688128,0.738799717526581,0.579408430928324,0.0012989531135888903,0.7281216765832564,0.6653402333721816,-0.0022337585863248877,0.7099600180604656,0.6431865241807216,-0.008655091643146847,0.7419550881960095,0.5914061988427507,0.0046857009212219174,0.7402766442871268,0.5704126450994832,0.008886374961742828,0.6955043640302293,0.6503820316610072,-0.0036758717098150416,0.6992570435688389,0.6252295176426578,0.0004959497520792833,0.7279308769118306,0.6040121182672666,0.005585813847074747,0.6991459387984721,0.590066760268836,-0.003127490751543032,0.6813226345599235,0.6637963832476291,0.001823130470600445,0.7037763026638783,0.6666529007523256,-0.009592542746180368,0.7032083336381492,0.6409741462127245,-0.0059115790597228735,0.7019155055523237,0.626788494629172,-0.0029184388728124254,2026-05-22T14:13:58.535484
not_help,0.4520976821873759,0.37834012499889746,0.008765284286892472,0.4612634679390059,0.3710031176953294,0.005633288024896382,0.4728030098849626,0.33224087552296544,0.0037822719936685973,0.4971745588412965,0.3232031097496524,0.0037913934974421557,0.506602647848055,0.32466488155759454,0.002113729224281831,0.48207013070459703,0.3735504434813096,0.0005108178615429657,0.4679411168033598,0.3168805053526797,1.2741267784053753e-05,0.4582638710174993,0.3056537339473603,-0.000516726210862288,0.4847369756133887,0.2753601285659638,0.004046480557508612,0.44641119324170925,0.344147684006505,0.005795741546520511,0.46732385166801366,0.3195223136464704,0.009144248114990329,0.4588828050430288,0.3069873899334948,0.0031251003173261033,0.4461853807049209,0.256779120864981,-0.0067180400706026225,0.43002275158108005,0.37476698047419793,-0.0017759689822962593,0.4165553359567572,0.3581343430086229,0.008389579799662145,0.42038725673814464,0.3044973985216177,-0.008611529226536234,0.4153440394676659,0.2878885198706449,0.0007651145615637026,0.41995024316648133,0.36135133420379456,0.007895401597341761,0.41904073910732437,0.33458465576923374,0.0013751722882817015,0.39979091727153726,0.3136602440603513,-0.004339439815429207,0.434145030774822,0.3188293697434303,0.00482574806279891,0.545637107537613,0.3579020437872417,0.004682208950276325,0.4992014398841907,0.3458064602674774,-0.002999110836200079,0.5024015748157513,0.3236520459285023,-0.00046790429079094156,0.4756219811449731,0.31660690841541267,0.009256264297740244,0.5048711587258058,0.2715264965353658,0.008582910908212902,0.5332325152046665,0.31968266696220005,0.004953784742254257,0.5593134448884648,0.28130371903375373,0.0009312827924640617,0.5291485227211408,0.261746252230463,0.005568773043491364,0.5440902133262677,0.2648628217263407,-0.005992010133595407,0.5140938423861549,0.32535367214879635,-0.005397955068956662,0.5366656738449875,0.31873314262939056,-0.005459349542263545,0.5415065815772633,0.2652072824487457,0.008058577854463426,0.5362272447210527,0.2810006037538597,-0.006545843413509323,0.4995699305991741,0.3384695923808478,-0.005749013275411001,0.5088654502723295,0.29068266364666,0.009038395795982717,0.5113459601161422,0.2834804785086465,0.009123136128748462,0.5162838538172784,0.25641247237948944,-0.007731214188103311,0.5229354422678576,0.3187906350350175,-0.0023306444581463427,0.5002802442193709,0.327356524180908,-0.008965551400611307,0.5085155993316276,0.3039214405758741,0.007684646038638649,0.5101454564503582,0.28288881338567173,0.007961567487296003,2026-05-22T14:13:58.535484
not_help,0.5577431221559139,0.3807886299433415,-0.0003833218421973039,0.5282946974932566,0.35217500933493795,-0.005185877332513518,0.5347120182343902,0.34848960162924175,-0.0030511531405460948,0.5210508202783453,0.32362567888449334,-0.001956713463796998,0.5034198133819109,0.3356403836836684,0.008060807678543903,0.5681913088974826,0.36343073602953985,-0.005353506763588205,0.5706449761109984,0.35447074598337036,0.008963462619959542,0.5752116183322057,0.3160359351809421,0.007761146140538104,0.5614054891928083,0.2812341610906695,0.0009685558748499107,0.5433466883213167,0.35028229384366477,0.00589536828204768,0.5421550031812091,0.35311405098004,0.00047360644367196864,0.5600069756371722,0.3163469255619294,-0.0027535203942987297,0.5598927818868721,0.27242767334080886,-0.0022566277081162434,0.546503943634097,0.36829336937849433,-0.005778428162517442,0.5514113394306869,0.359309200763657,-0.0025701005062453187,0.5538346139376904,0.3203316124665854,-0.0009433817694554439,0.5397559831266917,0.32283400315751365,0.0063128891919907535,0.55181441157032,0.3813466186459175,-0.006850873248843683,0.546192087997591,0.3552140116921904,0.0084724709107889,0.5485076453395006,0.33314988169940274,0.004729761977224052,0.5432623813149452,0.3335528918214538,0.0033021900141114186,0.7947079390980907,0.40472230194831976,-0.009122386435801062,0.7922683770545663,0.3850966686444618,0.004482009237239588,0.8299246775362297,0.35829765890778004,-0.00778887526171337,0.840708012198143,0.36639250283223973,0.005145886899663846,0.8228377480961814,0.32043667036907464,0.0014640687336938615,0.7979866632949452,0.3603960262337218,-0.0025300207997166393,0.7920907736748021,0.3674313407287861,0.002077090715314074,0.8104999469786375,0.33229653434710077,-0.00854453498123967,0.8130665693988491,0.2950055170721612,-0.0011109847119108156,0.7788154601905505,0.3919562550967314,0.00012016074945744165,0.7572065053464275,0.3653773385533719,0.003817304895337664,0.7754875751526451,0.3200409945835235,-0.0009612863805284685,0.7611030657512878,0.27381624406859506,-0.0007633721484298691,0.7701691372137817,0.38932189260465844,0.0007019283202494113,0.761849168809736,0.35911206835438625,-0.00332617146294111,0.7387821896336177,0.3355644825554176,0.0050196039560325405,0.7512626033318476,0.3104460801295016,-0.0009470952538888147,0.7591870719906344,0.3951807671804274,-0.0005341677057147214,0.7516920050582643,0.37131684605195553,0.002970121148893088,0.7473715159485357,0.33664536302319414,0.006150682723400672,0.7372200043235494,0.3354394587242398,-0.006697686067222939,2026-05-22T14:13:58.535484
not_help,0.5093498968417908,0.3981011698930689,0.002246261288757689,0.5459270168473125,0.3617116869215342,0.0012865151892756856,0.5436258847610185,0.35663581235025804,0.007359388690773473,0.560135992505213,0.3186395650100013,-0.005844357533894782,0.5741734802639706,0.327975503500315,-0.00600963569947675,0.5338487850414653,0.34399927219117993,0.007265976528759726,0.5176593041777168,0.3439779339358265,0.00443826615955977,0.5416122849653776,0.3295558338684129,0.00843772974018142,0.5399316437715973,0.29120901806209293,-0.003817006128240463,0.5079218600429568,0.35137332618311573,-0.0027245776693358217,0.5256609577738104,0.31941774882072954,-0.0015473314886542706,0.5121927849348422,0.329075192740874,-0.0009552442525649595,0.5189130573665117,0.28871080785470005,-0.0009706879203453152,0.5077944507659631,0.36336276345642415,-0.005184468568275736,0.5115043995728771,0.3625413853933326,0.003262715768988511,0.486707830406501,0.3352881655679538,0.008573684473700887,0.49417180678980027,0.3179820200265907,-0.006659820015727047,0.505142546606418,0.3537956726651683,0.00636028491804245,0.48391358416407765,0.3590473269130793,0.006954595797946361,0.48095083651891635,0.3405458664820221,-0.0057867049888442644,0.48230262839925003,0.3389301811967862,-0.009003724708244462,0.6943267112565505,0.7900663599642107,-0.005511509947478728,0.7167770685373565,0.7879710197627687,0.005897795546725771,0.7250680809343321,0.7710961871054767,0.00591770210033637,0.7317127747633593,0.7689476210640521,0.00883732538241704,0.7626846026072203,0.7291350183421251,-0.0011361122377451412,0.7441113738679354,0.771782206194158,-0.005814823119373629,0.7379475527468853,0.7736429684302397,-0.0038029223800737496,0.7419234796982589,0.7289111752070084,-0.009004968072841804,0.728462617262772,0.6995090823992923,-0.008571840629935958,0.7057277320184115,0.7806767206941556,0.003201201120471831,0.6976645544905723,0.7417637911401478,-0.005554000629831441,0.7086724535370179,0.7367154086162931,0.001312931706845927,0.7313899294720015,0.7194458758857069,-0.0069452555469612575,0.7113008623394413,0.7959664548302868,0.008627487182540345,0.6839493351752158,0.781408737460084,0.0022846880977103277,0.6889425325169724,0.7445729518862562,-0.005887129199095412,0.7119127752494042,0.7190743635027941,-0.008508489936113039,0.6882405735599627,0.7953837070158629,-0.0063949380998871395,0.6928515744524428,0.7756893879288271,-0.004489687036260704,0.7020707384041841,0.7464606303162119,-0.006068790612674471,0.6842004771385565,0.7259387034113852,0.008982185834956203,2026-05-22T14:13:58.535484
not_help,0.5638739432939304,0.48942603489403896,0.005936878739409053,0.5413642930196527,0.4311825205857562,-0.009577110094083383,0.5101512000263593,0.4247581536406005,0.0025850980193836276,0.517172549272084,0.419548957236585,0.0023276210174987266,0.4971931258880404,0.37889942074594013,0.005504450731857383,0.6020444499277054,0.42001630741011003,-0.0023017240320029496,0.5983714294895623,0.3901957744579887,-0.008397084419510559,0.5822605000811165,0.3821147029041916,-0.005374129590028496,0.6093443461726903,0.34130836226197414,0.0037929859503118453,0.5739399273635113,0.45549159251391186,0.005408971444648041,0.5838775716441036,0.4057542447748676,-0.0011155272667697936,0.5675974918743324,0.35742382931150185,0.007328772867130651,0.5660984319820567,0.31900566624911575,-0.009330733985850725,0.5326219675928996,0.44325296529650493,0.004722523349953454,0.5647584269267512,0.41125985770905066,-0.00909942293321226,0.5527290535168843,0.39880695440800223,0.0075568406423659525,0.552532984920821,0.3437661109835866,0.005709950410859194,0.5372156869374559,0.4462074217448301,0.00485721822870866,0.5296268083750478,0.4194431855707574,0.009671852835523785,0.5432521141401538,0.41472648480423807,-0.0025905544365904375,0.5364592492405772,0.39799197654834545,-0.0012697680510783751,0.5996410713001223,0.5101543466795659,0.007590436194759678,0.5802937708853065,0.48272878738097375,0.006997403642266671,0.5545327176508568,0.49292499997907213,-0.009064881470189514,0.5762844873505685,0.4419524866477021,0.006361701932065736,0.5708894435581083,0.4255935193030174,0.007559252112077105,0.6158208744661109,0.48427129316921513,-0.007364684893275915,0.6340512377739683,0.46417300493131497,0.008032421826243448,0.6176938472876743,0.42649572041639167,-0.003299217562555516,0.6016693893914401,0.40746298587014324,-0.008990661674719942,0.5853778669029631,0.4769695544455292,0.00047088560340167833,0.6082456230752492,0.4465853252658927,0.0025802789958719215,0.5900430188642248,0.4293903475766196,-0.006677264323239125,0.5872188328091308,0.39428290374397934,-0.007761751959000101,0.5983025738824268,0.4993148630545315,0.009252164894725091,0.6034706311764894,0.4535890191329301,-0.001389030252457648,0.596315737359599,0.44414355704545444,0.0017705767934191805,0.5717238735470764,0.41460495107199435,-0.001313145529013831,0.5790974482832906,0.4756744385240257,-0.0030733331506356577,0.5833498581454011,0.4621206597900756,-0.006873101533058055,0.5629343978560701,0.44472707590638916,0.0037288227593900315,0.5728511651492826,0.43740323236366396,0.007972059577696105,2026-05-22T14:13:58.535484
not_help,0.42757631124779427,0.33370746611153757,-0.0016733415053353778,0.3775438690027958,0.326950374365062,0.009778961554323748,0.376745543908974,0.3095363999510562,-0.005271932811517926,0.33840760749110915,0.28039118056126094,-0.0007565381964470385,0.3582959164446474,0.25424805244804666,0.009179479895498258,0.43728991894677355,0.29860671213067036,0.0007437196965861953,0.4273480829361638,0.2856420056844686,0.0058122255021924845,0.44283277457689635,0.22614952801428653,-0.004068758437757027,0.4198808821834598,0.19923862809410628,-0.009622535678666323,0.42430422263153095,0.31191813443705946,-0.005131506663316545,0.40712024958925386,0.25480575027835306,0.00239899707569397,0.39962295485539473,0.23128914504165388,0.0028349697345294265,0.4247848192947808,0.20192524287786,-0.0037787297276543662,0.39935125636150154,0.31003280517155696,-0.006228883779707428,0.3883042260249908,0.28084653559851147,0.007079188875371746,0.40108715216465046,0.23917848076372775,-0.00284072907680736,0.37309273498642054,0.2447980319296906,0.00665976257162129,0.3904775055096069,0.3290488071648068,0.005576151738424377,0.3844094188057518,0.3004825737063557,0.0043309083696369075,0.38296930641582433,0.25935670381182213,-0.009630430560152692,0.38345221020699927,0.23479577810530858,0.009508125177955075,0.22916380682937376,0.6039147754135443,0.004925263281268735,0.27300563904613045,0.583881521246568,0.003502234179590946,0.26421980175654286,0.5416209399425235,0.0026332860290787987,0.3004515048854345,0.5369954317634819,-0.0033350706611786473,0.27451115766520445,0.523093150162102,0.003926256509466833,0.2618856969247346,0.5471040081958238,0.0018527243396502455,0.2614627726434365,0.5231836809096555,-0.007382504015349026,0.269259800655419,0.5113677503442345,0.00714062313251391,0.2709209397133402,0.4621880361730016,-0.004305162912266618,0.23627518395989128,0.5644613189947325,-0.003018607949354852,0.2246249000754243,0.5430505563981937,0.00834568586099855,0.2132193175757089,0.5171278313677817,-0.0006345012979881576,0.22738692113861772,0.4736851624553844,-0.008211799314336224,0.21569820052721422,0.5785474330003101,0.001855425059769213,0.19990653099485184,0.5301487247861815,0.007800420195258213,0.20173470960766432,0.5122372654436746,0.006163219738347046,0.21488379736541602,0.4814416470454549,-0.009829292003896529,0.20593677285829176,0.559880527229369,0.0033153035293478576,0.20581908254301556,0.5527258056339428,-4.065594532876721e-05,0.1819572953305298,0.5168556063603156,0.0034572260640466316,0.20521051349052014,0.5344152253852261,0.009207579820266614,2026-05-22T14:13:58.536492
not_help,0.5240108921588225,0.415148445045514,0.009720255037323123,0.5285090101350438,0.42265752052077066,0.00532876945472527,0.5598204359536894,0.39607487852094003,-0.001936946306980965,0.5640428215896749,0.39321311354464744,-0.005156550939003075,0.5651806019066351,0.34699795004774325,-0.0020758844556643015,0.5244761297703789,0.4199587397700449,-0.0023459971625091128,0.5141343169899013,0.36558945142928695,-0.003925307005473324,0.5451705496094731,0.37425532487584645,0.006321559253944885,0.5413370203538996,0.319356083018503,-0.008037567070571499,0.5112856836105979,0.3956959292108093,0.00830136993630184,0.5327931022271178,0.3588790478903574,0.006402325953366527,0.5145888977909229,0.37350383481199323,0.0093028265997244,0.5305534955012312,0.32853729197083315,-0.005628201764238054,0.4869107937567464,0.4158504214731881,0.004695526141390745,0.5231914007638033,0.38300141994035847,-0.005439830106843302,0.48818325543532326,0.3685010680137483,-0.0014103315752958933,0.5238561653002355,0.3497017136940173,-0.005617638750757923,0.5133416533699854,0.39603931819403204,0.0003496908456550041,0.4748694214662936,0.37819680248175735,0.00013014639136816816,0.4905903857254708,0.3875012614802421,0.002622835974016283,0.4844297630414406,0.37627114700317393,0.006251124990313587,0.5449027868713276,0.5594443661768803,-0.008782574122825865,0.540220754452828,0.5487770583025263,-0.0012996107641460707,0.508154457953865,0.5278428427810083,-0.00977792921242316,0.5226478386648393,0.51965719639398,-0.0012884080163778552,0.48134260365310244,0.4814968871922204,0.003649105378975061,0.5827605205743751,0.5177991417486616,-0.008916295312659686,0.5721382584553688,0.5162679513956817,0.0021831816178752936,0.5920109634965685,0.4847737808283538,-0.004844680239450599,0.6002639306011298,0.44363719725599887,0.003908736273015405,0.5499276605250528,0.5420254299812579,-0.0049280279162915285,0.5778662697246884,0.5077407640733381,-0.0074195750826653774,0.5596447481342762,0.4804732987854675,-0.004360790749472416,0.5704583336828818,0.42597902244429037,-0.008200841773695762,0.5348289792980816,0.5544250417604698,-0.009158583282670803,0.5573967634296628,0.5044461890680768,0.004643976373306095,0.5383363338250897,0.5035001514691421,0.008426293538786168,0.5283218379099883,0.4747389416181517,-0.007978890434807605,0.5207595134911122,0.5591877435617375,-0.005220373738453006,0.5224447891521641,0.5180009134378281,-0.009930328506199442,0.5093545282817248,0.4863042333291741,-0.00904560372931845,0.5178260336140028,0.46262639856460386,-0.008001276687437955,2026-05-22T14:13:58.536492
not_help,0.4502003606751845,0.35626781110973915,0.0005068927053336163,0.4073214255219902,0.3422996340028939,-0.004910173660586836,0.4173363365337146,0.3156814320479848,0.006780799019915023,0.4200562336689151,0.2957847464142405,-0.0012147434674314676,0.3970972359803282,0.28472024174342375,-0.004496223127269128,0.44469372374068444,0.34882312158882683,0.005921473831382739,0.4577786025292323,0.30458452343931514,-0.007471552375270545,0.44906073146659736,0.28384371908127903,-0.00015219270119494477,0.4764022096669376,0.2706071649721184,0.00270824867074493,0.4581899408921743,0.3255710424453575,0.0013761088906423507,0.4542872992597942,0.321575403471877,-0.009689270928661287,0.44161428564298844,0.26713178115669006,0.006111372681072027,0.46430869055188,0.2528200652990425,-0.002055039804174534,0.4318787539144338,0.34338305480723863,-0.006234554173934837,0.4121196795828281,0.3244061526945155,0.007036699325186914,0.4133546426744162,0.3004680363753766,-0.007592943360786513,0.427899256043502,0.26165469917315676,0.00942232501682305,0.4225015424687334,0.35165967927912817,0.006368932415039682,0.4242774310736914,0.3136943679083377,0.004709772965083512,0.4218732586281094,0.30148002918941447,0.00582347693547111,0.42216908752075144,0.27916252606821373,-0.002723917321771239,0.7379728270380629,0.48590724343670927,0.0028350433701983466,0.6898096107898448,0.46445141006809343,0.00023125927174189563,0.669372373258548,0.4412747025866517,-0.006609784311773146,0.6752488134532038,0.4007571974311709,0.0054902735562020275,0.657984263334291,0.375326598026764,-0.0037341709384134947,0.7604532856636581,0.45904887366753144,-0.008099113257699733,0.750365473984195,0.4203320707044365,0.007601396028407844,0.7537195754363372,0.3762269163832107,-0.0036220812485660073,0.7468386975995583,0.3178843758858834,0.004933829560318254,0.7023494134342978,0.4319846172442892,0.0024663529217176412,0.7333338720024531,0.4223562659176099,-0.0087464610261087,0.7167154565138059,0.38608974005378294,-0.006635718164229341,0.7311665824806031,0.3274255901851836,-0.008649929944359374,0.7110543642904803,0.4577155061188171,-0.005260996478219837,0.7066320339137321,0.42568476776043895,-0.009552365807852433,0.7050638461625159,0.39987559526880123,-0.005505741431711253,0.6905537548954016,0.3620220987297791,-0.0094818524073529,0.6649634656170806,0.4697924270292079,-0.008479028070670979,0.6640504069847457,0.42473328039256547,0.00023256402085967964,0.6623932388635746,0.40356004856579997,-0.001826281189684616,0.6748438818183087,0.3977543424220711,-0.006844196522562045,2026-05-22T14:13:58.536492
not_help,0.5578721866547788,0.5242859852859905,-0.007296929091632067,0.5323201287856666,0.47782543314408993,0.009986140618517344,0.4993926493973577,0.4863754760496496,0.0009681172883397853,0.5086356977860564,0.47799901738742095,-0.0057154817125178005,0.5103561318579798,0.42359871208535516,0.00852896561765464,0.5456312333988399,0.46958994963024825,0.0003763706065359491,0.5542216334023508,0.4559385520089306,-0.0003000271574973134,0.5485796743913466,0.4290560758821975,-0.0037760509314187334,0.5467538681942176,0.41668672808627055,0.0016030189109901942,0.5531269925241051,0.48701313320206113,0.00807183024690238,0.5560183996188007,0.46496804904208583,-0.0038792251880013966,0.5367541793734738,0.4361183349137685,0.008767836336746411,0.5509726458093372,0.42849994660778856,0.0006412025704953112,0.5061523281976458,0.49365426883167357,0.0044329901097062765,0.5100312659173005,0.47028697051488466,0.0013621756352322368,0.5347074557695544,0.45093591774312924,0.00911816467044588,0.5102597972981294,0.40671975370899194,0.00883546703939468,0.5144400443021057,0.48629417710887834,-0.009959066453549933,0.5121818645064755,0.4757181081602314,-0.0034773613483887076,0.49476201519897894,0.47210359819418946,0.009840643722192196,0.511267317271412,0.43863448480730943,0.006344673167415807,0.46114999655306554,0.503442946010082,0.006268995928757756,0.5003643088375364,0.4733162201484036,-0.009829972096314412,0.5126994891352127,0.4811370394374325,0.003549315790976313,0.5132214043793574,0.4635739095279303,0.00815619595195709,0.5129204131129386,0.4130383155488121,-0.005778348794608906,0.4719584816613634,0.46885775278938324,-0.0022161711531756504,0.5073339364721653,0.428736637531042,0.0037680257114252116,0.47788133459877014,0.4342173254871694,-0.0033852177168966976,0.4911102506883438,0.40582967568872,-0.00887914127363728,0.4718498986853493,0.4781841616992477,0.0040425656693572,0.4735539065810069,0.4458156396574121,0.00015728747702218812,0.47083044131391055,0.426129509259225,-0.0009076621396096277,0.4587902469521962,0.37161027396274804,0.004993310510181155,0.45220351477998666,0.46504646279921164,-0.005077580121503229,0.44298848745851993,0.4378800286943865,-0.005785123711550128,0.46371439185392493,0.450011753828722,0.008330893334116641,0.44977757694517223,0.397660260905418,-2.9255436884319252e-05,0.42229117153057477,0.4647005462665065,0.007832115441581486,0.4486845247560813,0.4672690016603235,-0.007913278507880518,0.4230744674466953,0.45320187431393116,-0.0024280745567824046,0.44339475851629556,0.4341748134143016,-0.007064255689478141,2026-05-22T14:13:58.536492
not_help,0.37768077095683594,0.4241893184663523,-0.002052928955476395,0.35819803071279416,0.3878448418763046,0.0021748787011309674,0.3276391773152606,0.3896020244817435,0.006922862672856628,0.31009266862409024,0.34561718435896316,-0.004581122552636294,0.2988979399376983,0.3368787158123872,-0.00674991327729797,0.38625025697575827,0.3897333246044639,-0.006708963624514162,0.3726813546187531,0.36305989624943397,0.0027955330251508252,0.3784768029814503,0.3439023080675541,-0.007338476911803938,0.39061100963206896,0.32615593499373674,-0.003169489985145109,0.38568564262529365,0.39803919425662765,0.00578884659747282,0.3874109719513161,0.35343903510904284,0.008934420719709285,0.3663001999159544,0.3331954412767293,-0.009749389683800288,0.34955247022343056,0.32881653532716115,0.005204504013484436,0.3590163188341139,0.39340231499137907,-0.0018303662136686313,0.3382885791897047,0.3837547960031932,-0.0035370552042352536,0.35630445199908295,0.3359774869233751,-0.00034541756067149425,0.364043400689089,0.3402472406122096,0.0066127150691601775,0.3309509242376711,0.41628116296956,-0.009984512646365856,0.3332311598401729,0.39153234230542383,0.00904442639764271,0.34278799531751575,0.3470204315987043,-0.005349993575704464,0.34674795533482233,0.3277804109189928,0.009096738275903774,0.18987705351629425,0.31660549527242177,-0.0035928967559988667,0.17604517312719187,0.30946655613007795,0.00819248822361972,0.1732399740581384,0.30201823432855973,0.003708705577134857,0.1596516813274297,0.2781075162710245,-0.001843109304442446,0.17658486827405775,0.27262861457749793,0.003028745865367081,0.21474373066622962,0.27868824249467844,0.009379679387219035,0.2117340414930791,0.28588389678163023,0.004907017982093791,0.20375722134089763,0.23417056281990675,-0.004891409104088542,0.21758369962585453,0.24752974397191255,3.274752560928837e-05,0.22148959952822436,0.2850918932439686,-0.0004992037129372632,0.18737355338827286,0.2564832954135963,-0.00398030051456135,0.22082960952318637,0.2699804753798715,-0.009289411072984801,0.21191723768261442,0.23801180126443863,-0.005447241980266062,0.19536071847957207,0.31045419653464035,0.004982055650358714,0.17296473912403343,0.29034850521675426,0.00029550320500371097,0.18480040094649905,0.2707055961476707,0.008350339707222777,0.20314101546318872,0.22659714787341528,0.008629697077020283,0.16337717545421102,0.2855794184301322,-0.001132324963462274,0.17419428745299895,0.2725142952593032,-0.007364915600334448,0.1850056942581857,0.2760215484901809,-0.005912315355587576,0.18421888382494103,0.27010530348943623,0.002149489405697775,2026-05-22T14:13:58.536999
not_help,0.4525995752753248,0.46739288245234195,-0.0029009025520081774,0.42497370870086953,0.4695695619831696,-0.006074128322310217,0.4150559692939844,0.4733511451742855,-0.0066370395447705975,0.40964527331809797,0.45244400475413393,-0.005491438298589446,0.3817101212536753,0.4426570069431193,-0.0026720602539206653,0.4516343647318083,0.45646998457051086,-0.006205299712516163,0.45259990318034793,0.4349195253724794,0.005350848065391475,0.44125234134091046,0.41254611630821064,-0.00971085472491209,0.4435837191836532,0.40635578316094195,-0.001169374639249177,0.4274547549195316,0.45173109048454607,-0.006225645032151093,0.4408506529345628,0.4537059200148029,-0.002521862896470559,0.4311603363784011,0.4028847692109766,0.004865055343645088,0.4230835018700009,0.4049045661307034,0.0039310126574404625,0.4340870939535844,0.4494873137361275,-0.009483001525337995,0.433905582392949,0.44707066872435447,-0.003983933226602825,0.4294243373382271,0.4114066080232698,0.009174678103496413,0.4113035207260009,0.41343156935149183,0.002153561334687422,0.42800212156965634,0.48586791688385056,-0.00406325886357398,0.42902810023255844,0.4687848964366824,0.0011873347382066052,0.42600173279432335,0.43955257632102923,0.006409157025466213,0.42106777260374967,0.42148132309924674,0.00853356633639876,0.6123991773124218,0.7317063914047384,0.0043154659095941215,0.5665405878334853,0.7068324816206503,0.004967591474382907,0.5582182288203756,0.6909506250976534,-0.0004045754780463255,0.5643538273231021,0.6780395949619157,0.00668155864260306,0.5476421977549278,0.6545520498510714,0.008459901761060594,0.6193062571796772,0.7061740269189329,-0.005936941522866419,0.6163781998614721,0.6634700217138142,0.0096131548182456,0.6283446386643946,0.6547744423934476,-0.002658386778717079,0.6322170378879894,0.5994663847036686,-0.006057985035734521,0.6182252875115077,0.6826960427515553,0.009750182927830099,0.6106392319389418,0.6589518882889724,0.0035982301715028493,0.5868069983001676,0.6380063553667035,0.004507396430612112,0.6183484707680088,0.589279266560561,0.005071109070403652,0.6008656408788255,0.714194446986171,0.0029450663923133707,0.5935102513333245,0.6573243280050735,0.007808758679464284,0.5917154976469418,0.6442295745071445,-0.004109940778744896,0.5757729976237559,0.6212704637393267,-0.005843359959443735,0.5859325053377854,0.7006251540867762,-0.003719890472286218,0.5877100450072358,0.6871745294032631,-0.0020545970121580125,0.5543078759930592,0.6515127200967327,0.0009690353347709575,0.573892797422377,0.6386239135244202,-0.00804256160496337,2026-05-22T14:13:58.536999
not_help,0.332804915725925,0.42937187896269935,0.008648156496587628,0.3600492123516963,0.41314953636005125,-0.001557943085248958,0.3779432677838592,0.3736655083206994,0.0034191429833077165,0.3809996432724588,0.37198747865051696,0.004932215822919443,0.3891634126276663,0.3470880375029523,0.00845988507623952,0.3308620489810684,0.3873669735369246,0.00806463129749632,0.3593348959750885,0.3531069878301536,-0.006009489907636298,0.34881889656692766,0.3191086439766997,0.008686869184751108,0.3375239216387993,0.29459868244837245,0.00013758752935872677,0.34002621753284445,0.3840294409179221,0.0022950916257654923,0.3320889074179705,0.3696164205436049,0.0012438797644047945,0.3184657293195113,0.3289186828795427,-0.0036203648309740214,0.31047689137082324,0.2890184073411197,-0.001689607150215499,0.2991312529779164,0.400076818869699,-0.008525436942740374,0.32018554125365456,0.38854101494895005,-0.007951928644923912,0.30602026689566525,0.35723163129074614,-0.0022746501066933282,0.2984418449334745,0.33255474043207023,5.980720524032673e-05,0.30178465149564465,0.419665461476232,0.0048936972816727604,0.2826701125850902,0.3740041014602412,0.009285943578842952,0.28226446471509126,0.3404197735686748,0.0055312703267652325,0.28560778759038163,0.3565374378863905,0.0033549972392746836,0.6409848872554702,0.3890164905853338,-0.009699326549280903,0.6760780104225582,0.38038647923819485,-0.007149391482286356,0.6905440012771543,0.3291142107396547,0.008191682090980488,0.6999417169999674,0.3193108071237961,0.0065346356796637025,0.7121766042977163,0.29561251073017125,0.0005088655923700062,0.6574187723993726,0.3445483618093204,-0.0044317111057754046,0.6533818989405187,0.32645227694156437,0.004490921286873895,0.6565730987694264,0.2937774704976103,-0.004949007630529039,0.6563872459414273,0.26577732045648916,-0.004885796219789076,0.658461179300778,0.3419534091338376,0.005195730950422481,0.6538275464701881,0.32641841754401196,8.447359458801235e-06,0.6663542106229353,0.29288354658562327,-0.0034638535954283328,0.6489156395645188,0.26466085435339093,-0.00013541739067286958,0.6250740259190545,0.3738592396587139,0.005743604156698891,0.6283735612935633,0.32829259476003597,0.00023415308040018734,0.6495761869689654,0.3108743366622513,0.0031107438118925246,0.617500004268248,0.3096198798812972,-0.007378738735285138,0.6397856283450227,0.351646703128047,0.009308893757107752,0.6103807916409346,0.3468147185010283,0.00250724460448269,0.6294776213275032,0.33066836756889145,0.001112612438946765,0.6099659665623283,0.3321201361035809,-0.0050890806891940145,2026-05-22T14:13:58.536999
not_help,0.3397908352125243,0.49535669698215495,-0.007953777428976787,0.3104347055017357,0.507282158155354,-0.006105477825563312,0.27950788565099444,0.46050939265672985,0.002632405190578325,0.2983650685460466,0.4446812572645257,-0.00819297145903459,0.30199225864210505,0.449354104868681,0.0019543086976775894,0.35389894788396575,0.4812765699285777,0.0019225551602860928,0.3511271767893859,0.46439758311231527,0.006716458736326711,0.34724320120165,0.436293054731317,0.009118882363083324,0.336437832618777,0.41926792971707155,-0.004025468701517614,0.335854285572051,0.48261788365198655,-0.008099461125719068,0.3104981437336332,0.4507486881753973,-0.00725034620374216,0.3250771863284362,0.4317068057110567,0.009794046545477454,0.33857963284000564,0.4020052518029123,0.008138507512996386,0.3291041910788507,0.4999935772878261,-0.002622440658826268,0.3045594738395515,0.47840619228981,0.0005478091018172818,0.3012685017740777,0.43174714415746906,0.008373148211586372,0.3276823634855562,0.43454597802646605,0.007737578326342908,0.3170657058697257,0.49144856887857136,-0.0005265003573515867,0.30287812760791466,0.4816329390185279,0.00471663512367392,0.3036702002283536,0.45627483618419723,-0.0076919309416277806,0.3100426306647541,0.43710980558572665,0.008366951836138949,0.6557488934917294,0.6048999375815487,0.001827653490702361,0.618929084335635,0.5813393092293823,0.009807377908491585,0.6128589063652671,0.5979077081480405,0.007135618047491873,0.5905552269358278,0.5715662209784139,-0.006105303810598093,0.581399504593241,0.520531393869287,0.00446993994357241,0.6534752528854187,0.601359238165939,0.0017966135273113585,0.6744930714724185,0.5706491107200452,-0.006429685990916492,0.6708283054802952,0.5114174038851611,-0.005861297317028842,0.6565022241551006,0.48886191296228276,-0.006240795219630149,0.6189435287088024,0.6030293482684976,0.0036288825335172113,0.6473128349073157,0.5389108719564147,0.0008220339632254731,0.6203187224437067,0.5443684930138288,0.006926189616927725,0.6270213577826704,0.4863394885012941,0.008346577945781456,0.6182773935200715,0.5889903475650435,0.005404224114462645,0.6157670834719328,0.5686114481538921,0.004847623553243981,0.6103013288256185,0.5447958745147241,-0.003944228935396337,0.6140338629439908,0.5241759727562495,-0.00879001513983974,0.5870138637038863,0.5969981228759591,-0.008575846502634208,0.6013433493909985,0.5975044990724537,-0.009414064231256722,0.5874581130723616,0.545209454443465,0.008526900895175946,0.6003294652803363,0.5172329649408899,-0.007526813769514931,2026-05-22T14:13:58.536999
not_help,0.6924108816339763,0.538768229741028,-0.0033126957204952312,0.6784621716752016,0.5252788893560025,-0.0018417157677926461,0.6601164263243796,0.5149396740059223,-0.008807993574572959,0.6312935986163825,0.48605800177552944,0.005699614606670031,0.6523100547210098,0.4844441692204214,0.0007970211641802824,0.7068605493588361,0.5162451650096559,0.0015865263214102088,0.7077056622733419,0.4824748167966399,0.0026816728401054084,0.7012033650089465,0.4773582024749767,0.008903832958349822,0.7034865881365719,0.45229136263520275,0.0023001299711435195,0.6989140826230325,0.5104769955108601,-0.009693527219236258,0.6694862318447987,0.5120010146039422,-0.008249056138841002,0.6824987086383569,0.47992959832504567,0.00652064298087336,0.6863115192801844,0.4547910010939698,-0.0048715742520841696,0.6680706002142963,0.5075826826181202,-0.001180459445612408,0.6814069854851674,0.4972530189080274,0.008955954882581435,0.6739276104409978,0.5002849698662183,-0.0041146642766008105,0.6870375904287895,0.46065516584503624,-0.001961340832741486,0.6380774730339129,0.5158178553855977,0.008273156975567237,0.6756162371991463,0.5188801989520391,-0.008672174246710396,0.6624823615646056,0.5040462520156886,0.004525093395707608,0.6702376824464519,0.4853650631405807,-0.0061400421091202025,0.23064728001633053,0.398237685628599,-0.004946240065990893,0.2309776618637421,0.39401834130862323,0.00961966947105789,0.2626872298112655,0.3731872852504308,-0.005556957448176423,0.2478001808814091,0.3398794470892611,0.0022976820257998923,0.281036111002818,0.3254230681285571,-0.0031359495925531956,0.23545835048171293,0.3779985873149279,-0.0010311019347821106,0.2493646219557347,0.3364527884391563,0.008148596107728156,0.23630704170380462,0.31203311380475474,0.006838334285670966,0.2326239003422113,0.2761476949698441,0.0035319960745881195,0.19325749434906264,0.38633864393592615,0.0044768205879061815,0.22018221263502463,0.3507743327738712,-0.004374969438996197,0.22312757863986682,0.2909700476237455,-0.003411526640172864,0.2092370255723924,0.26150230263814184,0.008936518060135292,0.17635780368937137,0.37171308014285853,0.006655215042341246,0.2049675925369272,0.3325562433461373,-0.00578572760217271,0.19223540331313047,0.31785364917356124,0.002585376159987449,0.17260236432196055,0.30579616894594414,0.0033227593896719473,0.15920441293827003,0.36779423414335566,-0.008074944880180597,0.1847579543044999,0.37476789265810884,-0.005742687946504561,0.16026571655733549,0.3544227600020548,-0.005275628587233912,0.1704727947132122,0.3228958560630275,0.009113955985099046,2026-05-22T14:13:58.536999
not_help,0.6654092533563153,0.4205224481796704,0.007822791015244709,0.6464365048084684,0.41901934639732963,-0.00964218245777271,0.6382247438718124,0.4017886196114741,-0.004158695195861768,0.6528041897679899,0.4072738773335833,0.006896098980459344,0.6427356275278662,0.37395727914890214,0.004483310020775184,0.6882642119087442,0.41491364453769525,0.007940036603171658,0.6716661745147435,0.38349029003465124,0.003997466684521228,0.672527433024583,0.3729487405618556,0.007783553572673364,0.6921873510696005,0.34044264797870577,0.0024283573853188644,0.6822534438662406,0.4272482627427335,-0.0030934157117587712,0.6790270120111639,0.40564383619116334,-0.0038314662290904944,0.6568398937886599,0.3807128316499302,0.003172885723609036,0.6584160188555173,0.3296944103095143,-0.009943302202712395,0.6703462328685127,0.4193833113874992,0.003470096561346312,0.6510726206476244,0.40125770402539,-0.003406098428758728,0.6385379087183876,0.37626363183001954,0.0092020121398393,0.6365113175492301,0.3764500880019156,-0.008289808306914823,0.6621386997493794,0.4315207664584379,0.006657460944000054,0.6340868968043577,0.4080509942807592,-0.005691017917584005,0.635309000307515,0.3705599489241591,-0.004672224971456902,0.6299878125077135,0.3689066209067317,-0.006797780354864891,0.4335880831011575,0.35372495830262474,0.004313307544630329,0.470820594786037,0.35263167387346833,0.003777923677091042,0.45382913892149745,0.3227349497657181,-0.009967590927227505,0.46589066361668796,0.33223643889489,-0.0003113196476260266,0.4999383315138838,0.3097466262160678,-0.0048698169128218805,0.44964915337497396,0.3357287004522894,-0.009530360036408055,0.4608095543751497,0.3354362204309104,-0.008992923184640822,0.44468917106217765,0.29055971022888344,0.002620569360086174,0.46964749375761855,0.2843294210266516,-0.0041457388454627896,0.44653507676324566,0.32666437150968763,-0.007873820442444803,0.42533469689769926,0.3322435917079151,-0.002281472657627701,0.4512292459840278,0.29913277459850934,0.006308351584761609,0.4347266789412392,0.2665940826038127,0.003976163578955465,0.4305306865255607,0.330176445958557,0.00960786552098107,0.40602650629634884,0.3107512381319889,0.002720201688211476,0.40720659225867895,0.2999858197526316,-0.005086847810337143,0.4121714521493947,0.2855416293785,-0.009666222739925196,0.39689852804311015,0.3690358209376706,-0.006532707647476295,0.426685243428195,0.34329890047408135,-0.008285489644270878,0.40023095849232615,0.32672509884847034,-0.005531748140830357,0.40839079405131573,0.306244769136148,-0.006972218601535058,2026-05-22T14:13:58.536999
not_help,0.42094898810548137,0.45509019123832084,0.0013060238073298175,0.40177833892212494,0.4519564977637241,0.0065432959216605215,0.3780809617064081,0.4318938669674293,-0.009066018584674365,0.38528148337493506,0.38621502955045967,0.00923346979353447,0.39056637811538203,0.3548930307161574,0.00018367600904518194,0.4698921792847476,0.41621899014219554,-0.006129427049031953,0.4651870240929529,0.37792937487277245,-0.004292486973936809,0.4357346819938911,0.36604322433371267,0.007479504758413467,0.46435039454709326,0.3213151638750114,-0.009520118897629042,0.43958239013992695,0.40667788831447105,0.007721921731751876,0.4257636876902573,0.3919940928056682,0.0025246816792589485,0.44614862770776786,0.3504066784601981,-0.006948391615814866,0.43924083642126854,0.32885859777157606,-0.004928474110058521,0.4182278451364873,0.42359501362900215,0.004502071912420384,0.43277110010011344,0.408619876227833,-0.009431905362454491,0.4304165474518527,0.36940836578056635,0.0025268978824341762,0.4080378902072565,0.32926654245480935,0.004855513575901837,0.4004206888446913,0.45071901535814596,0.004046755186826836,0.3944469083340858,0.4296168765557365,-0.0072819782032119765,0.37804860254519296,0.40748719651548326,-0.007016132453084247,0.3864817339209576,0.3518811585219262,-0.0036118161166371456,0.5240976521339133,0.582820396721016,0.002587906389485379,0.49876916674232186,0.558147348518661,0.007773681740697437,0.4731012533648344,0.540015089711485,-0.0023991601158087515,0.48761279477933855,0.5350278839786604,0.00259125539002677,0.47881221793911904,0.501963066853748,-0.0008195132815679677,0.5418552303463313,0.5593874249672758,-0.0011813022168437118,0.5371952987452578,0.522768873895652,0.004610033620400307,0.5243321442454701,0.48794898179207546,-0.006150243838285725,0.5599423847444771,0.46463780398642124,-0.005517888988091213,0.5219372119848346,0.5461049109287662,0.0027347345379864756,0.5323127058044267,0.5427756540515767,0.007394871669690219,0.531915824591446,0.4911048124327498,0.002802600478137289,0.5187509185731516,0.4658224132139115,-0.004209086413825225,0.5108404101430558,0.5747886151183527,0.002519476796130793,0.4904848892884853,0.5220219670971986,-0.004196420463200317,0.4898747620106629,0.5124992390989381,0.00505025232988413,0.5080416012395335,0.4933807860480516,-0.00030968989662336424,0.48472459006763835,0.5743661327515068,0.003180992693861519,0.5070416183513806,0.557545777626737,0.0024548619578352686,0.4949192421406245,0.5288316623146269,0.008893265771479435,0.4785213924550248,0.49291824731841877,-0.007561269406527784,2026-05-22T14:13:58.536999
not_help,0.5117529684394959,0.39332413049748666,-0.00013641724108081656,0.5460065389714772,0.35020681062048015,-0.0028075306613881135,0.5420406841877609,0.33447087326379615,-1.092436021783369e-05,0.5776151915743558,0.3507188168975751,-0.002865062170522843,0.5461959228020995,0.31333961429093676,0.0021297551082573637,0.5518591237235712,0.33733747225278005,0.0019260395461580034,0.5151855097597444,0.338454653796952,0.006902247051693065,0.518721941250253,0.32429163048544657,-0.00017428468684563096,0.5431243655918216,0.2958405258254483,0.005789854136876426,0.5298889346867939,0.3391741713309789,-0.0005035168447708599,0.5311786557545679,0.32776227155428944,0.002969704839714841,0.5351875296361713,0.31752356882690497,-0.007499668659892451,0.511505025104764,0.29957617702664885,-0.0006925027662271366,0.517845153906017,0.37172921887212035,0.0028720699675964783,0.48527054429914984,0.351218123200104,-0.007011591107400485,0.48152310283037913,0.301753094007012,-0.007154595566538413,0.5159317515200603,0.27918919561830857,0.0035613972815381895,0.4937396236362128,0.3661862731442599,0.0006806527576515339,0.49979517176947363,0.33540330554173564,-0.0011302205188039524,0.48776178166640016,0.34703278625796913,-0.005617874458612992,0.4701833393638023,0.325147326976765,0.008654927473831652,0.8078744888050853,0.5806001235484853,0.0029716676496272364,0.8286581123828424,0.5390633813487744,-0.0011467344094916593,0.8306639168758495,0.5257935531954624,0.007653177477459356,0.8521652823806791,0.48935709846583664,-0.006279930956921894,0.8486060657220416,0.47524109642255064,0.007149152439393203,0.8148903331186396,0.5147941101589066,0.00935805360207423,0.802099913720837,0.5103161563296337,-0.0012004542401535482,0.8235747790362707,0.48456805444013795,0.0007378202576274404,0.8390592405765414,0.41906964920026024,-0.005292738481748724,0.7913376129700512,0.5158254198579065,0.0037562152413264036,0.8056612772214333,0.5023285224004138,0.009376820932803022,0.8159552911485063,0.46873935318222737,-0.00046851860539788917,0.8130782115576616,0.4372582490516527,0.0029017260176709553,0.7835013963464291,0.5557238581073223,-0.001493879522102443,0.7567131552565599,0.5227616644639442,-0.005070512601077198,0.7606248713093762,0.49801526044862016,0.0059298791396734645,0.7641222708575556,0.4720746815425014,-0.0021771694898195786,0.7543344356837078,0.5283280603586071,-0.005737006937608915,0.7691944330786599,0.5052140719387755,0.009145701037377161,0.7412175805445619,0.5123171736730584,0.0017143121385650058,0.7746779871757744,0.4642966846992395,0.0036402576955163832,2026-05-22T14:13:58.538001
not_help,0.48627154585196314,0.314443730669441,0.008452472509132744,0.5369008299013517,0.3146444017981121,-0.003996758623910895,0.5390639748236746,0.30990324941929986,-0.009454197042481524,0.5354998578072803,0.29765015904096864,-0.00262704696294624,0.5319834206594204,0.2708055915612691,0.009905737756242967,0.5256626872026252,0.288238939532464,-0.0011826144926493903,0.5044386780807683,0.29296617088657306,0.0036752318621622645,0.53296701798304,0.2632660048868954,0.0019781681317360793,0.5179177481812516,0.2593143237567815,0.003020836446944033,0.5076044817563381,0.30089419297821624,-0.0041046787490922896,0.49325095185242307,0.3053567940230179,0.0035588345259575434,0.5033367062228772,0.2535022799735544,0.007640632259975728,0.497804919033303,0.2633174610725367,0.009103810726056259,0.4994436033448212,0.30040218236339233,-0.008253144481506674,0.5077876636101784,0.27709343200469977,0.0038431240637147954,0.5053336561987282,0.284382417397476,-0.008163334175581599,0.47736437818255467,0.25209601366767587,0.0069671573486425175,0.46807081133120076,0.31218183328790455,-0.006347550361721612,0.4669676470258971,0.31968451429549916,-0.005518197716205535,0.46377871739955445,0.29204524935210574,-0.0007014483319354656,0.48873085491285706,0.27105107698492586,0.005867682811147955,0.7685691283551297,0.37970494503415264,-0.005101558629520837,0.8141480430070267,0.3360127215910605,0.009989183982670563,0.8108132628005223,0.30352902361090334,0.008466653856179828,0.8460095117535325,0.30931011416786186,-0.008489204017327613,0.8421635910778165,0.2644870690827968,0.005688861179805141,0.8062568952168621,0.3481032683969813,-0.0017944530621960848,0.7995158123783547,0.2809288820070698,-0.0018883001957539156,0.7879174337387037,0.28869161491901624,0.00794642179072332,0.7842998016175796,0.2276916912406459,-0.007318267341698508,0.7573687983203414,0.33120893195670137,-0.004171655966799743,0.7751900174716487,0.31536296891705407,-0.00399071906664729,0.7896153987491068,0.26784841132916826,-0.008549687174075322,0.7821831748536755,0.24691786926132725,-0.009335512329298735,0.7746862853707746,0.3451069131022496,-0.005671650446553523,0.7502656497782508,0.3145160257697429,-0.0008775872320439543,0.7610024172087705,0.3008948133618442,-0.007533850140933871,0.7726795984050138,0.2554699278742203,-0.0017593964649105683,0.7549229498563991,0.33869160731475245,0.00942533513735523,0.7400726993458042,0.3071417220925107,-0.008331822965274904,0.7225542776649299,0.30230686523269035,-0.002991430855432598,0.7539535148701907,0.26983352352865064,-0.0007968030094287794,2026-05-22T14:13:58.538001
not_help,0.46778266470587276,0.4536378902806283,-0.005030343166483633,0.43172516966952246,0.4208440226335088,0.007250984172577099,0.41482266712126614,0.42592583628187813,0.009736900311167118,0.41164112323534896,0.3897188593533501,-0.0029624407754481764,0.3773358555558063,0.38830856054360446,-0.0028505387530719205,0.48223137156923673,0.4283839551559876,-0.005212668857198614,0.4800006817663164,0.3952838529791118,-0.0006019578577837453,0.4977855918021167,0.3712135804766519,-0.008284912793763095,0.47095976319406124,0.32282283779716087,-0.0021337292830918477,0.43783755500556215,0.438244498779317,0.00960832390525306,0.441470394298622,0.37610155441916676,-0.00941593480605519,0.4630631422838731,0.36543895174425917,-0.009600488282100163,0.45188248281547977,0.3240687178606043,0.002480146635479963,0.4328009528671625,0.43151500440163887,-0.009219989326008354,0.41798259439797947,0.3865573926212074,-0.005099830767010263,0.4522138299671463,0.3710497416126918,-0.0012094896274151019,0.44551244467154816,0.36088936890434364,0.004488328658189994,0.4298690554501361,0.4537587559445649,-0.007488962843472549,0.41753254106108356,0.4208862046029478,-0.009819774666184888,0.40047946619200075,0.41036767477269986,-0.007164312985584764,0.4200844225783424,0.37876732535262353,-0.006869391361383017,0.28561411183995966,0.7985168219446963,-0.006222960759405696,0.27884293995302983,0.7894077645274995,-0.005968755078686487,0.32070499263076524,0.7761921779125742,-0.006814667870831926,0.31995856600258854,0.756179233241001,-0.005888432653153852,0.32114002760055355,0.7270693128115535,-0.003148441500726758,0.27713583245525614,0.7680739473001742,0.004381383746435843,0.2966737208256134,0.7348634782469877,0.0022803458316527064,0.3004325340823733,0.7198036525234899,0.00235570572411211,0.2987790175700329,0.7020221909823012,0.00021866303353361774,0.26981295261512034,0.7646879565377884,-0.0025575931548433494,0.27407589550547107,0.7632610504038969,0.0019618468265710214,0.27560903179065654,0.7203558905439655,-0.0005527913602206228,0.2753375478277416,0.7017648875127336,-0.0016225710637902038,0.25887353776975064,0.7746862990014253,-0.005438261742903307,0.2669005858781575,0.7434045195149543,0.007220349965479858,0.27258932051322377,0.734809185639496,-0.003556943934032444,0.2424024477736426,0.7193766102613085,0.005569604568384512,0.2400290194263648,0.781824785723152,-0.0015121908743008956,0.23227849905763626,0.7753774736143054,-0.0016805882446927004,0.2486342182582945,0.756030294903067,0.0010225342754425978,0.23413053170861464,0.734606296629806,-0.0015515030688483481,2026-05-22T14:13:58.538001
not_help,0.31513503415733557,0.3863346046311579,0.0010967215510509654,0.3263270833487414,0.3591846041443578,0.0010757293437564201,0.33803375171675476,0.3452982848578703,0.008946220872806067,0.3661610616722775,0.3558722553410558,-0.002456016227330076,0.3621153830803385,0.3289366123493786,0.00047939443493856884,0.33157089685279034,0.358226850605869,0.006019538152001342,0.35296417846271455,0.3289487780579539,0.004216163652648288,0.33326920240704405,0.29903855925201167,-0.006519156435439646,0.3474574790620256,0.288081525062712,0.005527736779958544,0.3339555219964206,0.36319312477397087,-0.0025884830928961655,0.3280888547640519,0.3570391819109714,0.008322940151961512,0.30121996714170096,0.3162535067661333,-0.008241689830680726,0.338460627782036,0.28088892675747246,-0.0014764368683272359,0.29441397081463644,0.35542850731184955,-0.004784686308046402,0.3003589755068721,0.3336685029135051,0.006315645344856095,0.3193010382891396,0.31108015132853134,-0.005498888248729159,0.283340152426995,0.3144962409734778,-0.008591025909047952,0.290725627479342,0.3651575539043562,-0.007495756319681976,0.2903496732249157,0.36358150810974615,-0.008649447655608981,0.2989301332546926,0.3473419738429724,0.009496898730034885,0.2777301976547525,0.3043597193524319,-0.007721027827516481,0.29876759027426625,0.3402939500865757,-0.0016108797712958197,0.2757180392386355,0.3135987864805274,0.004912892204248637,0.25586647401754264,0.28473952782889617,0.005587218052157658,0.22770445375308454,0.26194543599084774,0.004264826819084777,0.2454038854320058,0.2500232227001953,-0.007125902682989289,0.30085468478710187,0.3108667034816283,-0.001639574471128025,0.3346372718870581,0.24655090969902926,0.0029953095804313695,0.30757611231585363,0.24377566005838558,-0.006964527826325724,0.33166216880797134,0.176488396443366,-0.0040083774594948385,0.2871255796101677,0.28640318980654117,0.0015575237428792892,0.30131187168903073,0.26154433518798004,0.00519927465107115,0.29479874779965526,0.2349719468784616,-0.006786634100409739,0.2810723383124377,0.1732506724102568,-0.009476447923355285,0.25838733138509146,0.3068026922924647,0.0022331990558697376,0.25472134788303286,0.28281407612510984,0.008033185180760289,0.27365622041686755,0.25642208894208024,0.002434543744173812,0.27878021479885373,0.20780301659658762,-0.008452280989072199,0.26107958651508917,0.31809700130361374,-0.008156295473081856,0.27620994071015853,0.26825909609363124,-0.0028274128528936165,0.2557831810762511,0.26396980152510674,0.0075786696030553675,0.27486178374104614,0.2368802158876277,-0.009960963432963193,2026-05-22T14:13:58.538001
not_help,0.46754591976472826,0.5925557865985367,-0.0064512989528955084,0.4269396800000093,0.579395413313633,0.0067469381960571315,0.4173587813437902,0.5608101899363697,0.000265650136606144,0.43175529559276216,0.5484386911932461,-0.006901543776076291,0.4340517226808431,0.5124537225245823,0.00853029480523068,0.4997246008109373,0.553216443000188,0.0021369549379492182,0.4898593978625392,0.5413744810655943,-0.00255057806968181,0.4767506582260053,0.5122201599379006,-0.0040407636049187914,0.5073367098412948,0.4838816748425025,-0.009995047582605941,0.4759369169859567,0.5700270169704997,-0.0031186614855912547,0.47437702739298593,0.5205868727258639,0.003544999472264861,0.48388186888381807,0.4941170389841503,0.009014858846491268,0.46751307955776733,0.49151430172797744,-0.002315832811948122,0.4381016727713123,0.5512926168258393,0.0009551318632079562,0.44448028690981206,0.5600689745564744,0.00844077527983479,0.444673623442708,0.5341289288558204,0.00860459654767017,0.45094802050949356,0.5002411350489311,0.0009908973389137783,0.4215368887857047,0.5663458039217442,-0.0016969395842950635,0.4214760227709422,0.549093606984539,0.003827561214097684,0.44465874163814656,0.5459174813344652,0.0010958201285407847,0.43419599068805015,0.5113829940674124,-0.0010670656104486385,0.6540596973834271,0.7205780212007359,0.00016520148455291019,0.6930325816039685,0.7103408624424731,0.00234509483121006,0.6917298291993063,0.6807582736363468,0.0046590984038881594,0.7131697570880591,0.6567086118591421,0.0007861601310258214,0.7242172984182988,0.6476248612239314,-0.0033907820828903293,0.6564146613397639,0.7061295100492017,-5.214773494474981e-06,0.6718594803155904,0.655251299278679,-0.007444416114363915,0.6549928534941206,0.6520549411152499,-0.003118560023001993,0.6584823283358606,0.6095093588032436,-0.002773760713543574,0.670430045645263,0.6982921336000301,-0.009361837150695195,0.6581539269317764,0.6775081272567501,0.008039225926401947,0.6568990719839015,0.619407592135091,0.002609320207262837,0.669733445802482,0.6005689991190251,0.0021464681104357425,0.6545706214563907,0.7141413471868824,0.008595742550987192,0.6235702977568577,0.6626357140135926,-0.0034456884479803843,0.6499281384503426,0.6539040526047591,-0.0075592078231137404,0.6331158126912779,0.6434816756285217,0.0015107331633705551,0.621475289170014,0.7145022448903653,0.002965960960838135,0.6055184596466087,0.6778251735161417,-0.005832425323561303,0.6125331174080492,0.6653952574322618,0.0003554760798036745,0.6394988597282428,0.6671073156843181,-0.006396663006896615,2026-05-22T14:13:58.538001
not_help,0.3615898010252271,0.3506422858067725,0.003666806055280636,0.332380292518848,0.3209428675865606,-0.00017760174491511516,0.30081908042304917,0.28386252452239,0.00764790043872419,0.29676101319388093,0.2695433312983586,0.006620925454756838,0.2895803785376115,0.25043110012709935,-0.0069589039925258625,0.38129508668918494,0.2925614970451813,0.009287164575776953,0.39535574798382367,0.2628752493390504,0.008476257321940064,0.36933751690918387,0.23914316051533074,0.00661311201396258,0.37483437665226915,0.192006622418025,0.005841406116598015,0.3496450652685864,0.29741994302875324,-0.005215512670950246,0.34576974046367454,0.2695812567173921,5.618605587963399e-05,0.34713353398050645,0.22922275541064857,0.0023310348451627844,0.3748479685486027,0.19847826784451425,-0.001993730433090613,0.31577329111483265,0.3038523525715127,0.00021827134987756347,0.338591088424951,0.28107385236959465,-0.0041846818915254455,0.3419229993517115,0.25424386072337607,0.0024407193517114664,0.33715108354332346,0.22909877688617725,0.006656129793769476,0.31793139936226456,0.32144046325479225,0.0046701212860033245,0.298983758140423,0.3171412506007075,0.0032043997066354742,0.32124778195242953,0.2793006954839655,0.0041245139835613,0.332823516064291,0.2534583155504331,-0.0029441196590937625,0.2415637926883033,0.5754418814536338,0.004226390442189129,0.28118054812454696,0.5409893261970441,-0.0025433728600117236,0.30351355816694314,0.5234517613020948,0.0015730294313540047,0.2977640448141278,0.5023203141969094,0.009161859954572896,0.30503751913744565,0.48296737505189513,-0.0016151035313025242,0.2599596633861808,0.5506960429182698,-0.002188174011813133,0.29131083384972134,0.5138932168652834,-0.002750057610691272,0.28701612780682495,0.45668338108170614,-0.00856760075070774,0.28542357876533064,0.4452454196833935,0.0014897572195004434,0.24299768893515197,0.5554336234841342,0.004764576067826048,0.2387656664718502,0.49134132483080994,-0.004092388077308253,0.26914115470782474,0.45982622708676485,0.00349279001896715,0.2647324683324341,0.42254892656354487,0.0018804032096918204,0.22084720279099856,0.5433667627459686,0.005873633217441885,0.23431208142622645,0.5195529897685219,-0.0067285778482190795,0.20965804311289477,0.48222455028755334,0.0032106418028656145,0.24284516230767633,0.45620789039675674,0.0008065483700936404,0.22306321577865593,0.54641523362667,0.0019556268369435234,0.22643554613085848,0.5135994887931077,0.003195180217551344,0.19925783116687928,0.49453434288756215,0.007382249847149551,0.22820117858161826,0.48157441564866094,0.0009130999451819194,2026-05-22T14:13:58.538001
not_help,0.33972182817542895,0.41085099153193105,-0.004081775345010235,0.35128009738791266,0.4174421651313684,0.009841277837185901,0.3890217805783613,0.39715444202425765,-0.0007229224309385218,0.3771945122283314,0.38463235634101167,0.001802989377572721,0.40338536310257805,0.3526209239909429,-0.0015821256355349096,0.34382571266748,0.3790924375745208,0.001989719265668837,0.3661243283778966,0.3712836045033509,-0.0037548719239594045,0.3804470594334733,0.3413686218078791,-0.007938567822576122,0.3574336533577014,0.3152934705889187,-0.009561168644552729,0.3565568809202054,0.37915308449437324,0.002566357332212889,0.36002839472075576,0.3649921201262072,0.0041925955149512036,0.34118841495019436,0.33336163653990264,-0.0032007218329593258,0.3662688085401196,0.3244191813154233,0.00846200333298367,0.3378988013846769,0.37762638030987655,-0.0004371281411137181,0.3428631923956508,0.38833514988328555,-0.007212585206832907,0.3270759194002849,0.351641196924727,0.0018031065794572882,0.3471994783091512,0.3235512670962735,-0.0065565295182282,0.3306724596524438,0.3972817743430891,-0.0003291340277071543,0.3434567983049219,0.3972204354782359,-0.005452422619447097,0.3157311625298225,0.36305360836507616,-0.007402425785049622,0.34402789661775285,0.3580651456549254,-0.0010956017941702884,0.7833599473879136,0.38125807925417565,0.009713593884530457,0.7856572530418372,0.3441862359496312,0.0004203977350506899,0.8037370697278491,0.34222217203439204,-0.002252846936609867,0.8403377744740523,0.2860827599610675,0.0036642244407939124,0.8540394311199971,0.27132520517178976,0.009941639343945098,0.8052863326109903,0.34866723935553684,-0.0010477696486242156,0.7781940817487156,0.29755243492222455,0.008514896208894318,0.7827970054464507,0.2544880163520617,0.009054002669156723,0.7874941237899795,0.23314202400851813,-0.0011152983223213283,0.7575684978456017,0.34452274882511535,-0.007843611778167076,0.7744868358447193,0.313918988125808,0.0014761970259468456,0.7594715412319165,0.2753966071214243,0.008287271626281982,0.7665446216503959,0.22434409608340639,0.001261377829679165,0.7462594535557746,0.3633461406979669,0.0006748330678180356,0.7364552284312016,0.33595999055959896,0.0013480393476887446,0.7599923033149719,0.28357576016056457,-0.0010390727623030144,0.7385113225190715,0.25681148072921406,-0.004184466682879124,0.7297965121961444,0.3583930598515204,-0.007631579592982208,0.7155043772685419,0.3433706603249657,0.004998439850176752,0.7080430346028389,0.30413247708395696,0.006155985607134708,0.744176453978024,0.2642875472178075,-0.0033565620047678914,2026-05-22T14:13:58.539005
not_help,0.48841592489348323,0.36805673511767567,-0.0037439317903920676,0.5078814045208166,0.3857545948991642,-0.005298627781294774,0.5034240216400794,0.33558363417878695,0.00600500233239974,0.5341326607736762,0.3230810644466832,0.002342861034219195,0.5418738543423578,0.31132857481817594,-0.006671173678927434,0.4758576649133723,0.3523995891074155,0.006525992398244728,0.50814472461735,0.3363602469841927,0.002988562128273333,0.49684171301898533,0.32739514743379483,0.007454540797246884,0.47773382046338125,0.2827873675920306,0.0005284160211656876,0.480202147709205,0.3578428414311867,0.0043649509657373315,0.46943416977613545,0.3157497536803354,0.009885230046889773,0.4712921903016338,0.2978461015594108,-0.004625956672496203,0.47253518284864837,0.2763544681582481,-0.005364844146035172,0.4413982413089184,0.3697379557124195,0.0006159216282009342,0.4431479156126,0.32664300228192517,-0.0030755179903183437,0.4391452021347233,0.3125837974859611,0.006942953737019962,0.4611420104658624,0.29042255140334566,-0.004519773772291576,0.45586881412238356,0.3528632205787172,0.007734912113206311,0.44515889192839064,0.34506607822651464,5.359209032772608e-05,0.43642162087870723,0.3161505380349578,0.0019747198786383424,0.46127310899562496,0.33037846991203507,-0.003294858491265174,0.361153785545766,0.7835825046732924,-0.00706182576504075,0.3866828865521774,0.7428432586996211,0.0022454335861010147,0.3899591843740961,0.7437294598128253,-0.004773298788118008,0.3854906475939231,0.7334801852049669,0.0007392283204961433,0.40264619007356434,0.7076779800129614,0.0020980758658819855,0.35249447678862494,0.73729501297003,-0.006389454294547605,0.3752390761423332,0.7220368289370255,0.008863681150310424,0.3838426068778035,0.6664895148603772,-0.00618309676750461,0.37897791688592736,0.6473397280886757,-0.004813365337564577,0.35993831829137857,0.7577170015561752,0.0036293985615445477,0.353755167907273,0.7003244678916276,0.0031212152903051862,0.3508426439792079,0.6833770334172989,-0.001112718000501051,0.35556253062822296,0.651027139933901,-0.0052112815616143695,0.31708008755961736,0.7408151336558264,-0.001264500180229236,0.32103793484692056,0.7319737897719217,0.00841684024168179,0.3155187440427397,0.7195570187722996,0.007672966388537936,0.32925077244948575,0.6621230619213652,0.007299354400096646,0.29480559997198624,0.74909768870256,0.008426450507640916,0.2944416959582694,0.7182466623651864,0.005911370826334627,0.3199396707236666,0.7311917511272776,-0.00517028662188503,0.3114574974145879,0.6841498559693879,0.008131786469263958,2026-05-22T14:13:58.539005
not_help,0.6328557704817284,0.45594862907781203,-0.004720273918811255,0.5942442346264192,0.4122493933681548,0.0037242936677222734,0.5934945537576046,0.41013885328781124,-0.00991399455585213,0.5741154247276009,0.40808515160441733,0.007919488613456685,0.5899429309290377,0.3832803465822585,0.000446478546370456,0.640678533128269,0.4161465373263462,-0.004228476933576395,0.6433008560326567,0.4058690739236873,-0.009685086983053481,0.636055564767066,0.3648273888071958,-0.007908438866184364,0.6378623224002586,0.3403876437266512,0.005065806351532037,0.6297894095633053,0.41307349995796905,0.004508074484548048,0.6208730161030908,0.3738651955196298,0.0024619424336103594,0.6407583178599751,0.3864983914313855,-0.0010894220836149288,0.6273242935621008,0.33477662091567084,-0.008125124555807607,0.6087827796221222,0.40276324776441724,-0.004768277196537132,0.6306124165915782,0.3869247371394575,0.0016212132965346179,0.6148835244641943,0.379430963373444,-0.00440957178906082,0.5945587577487509,0.3638517607226178,-0.00559668470767738,0.5893577097229803,0.41373659823060244,-0.0031794596913123077,0.6064483721598664,0.40663746898694747,0.006293460840892997,0.5881620547028843,0.4020452172026103,-0.0076095657840130546,0.6004167085827227,0.3816810072448512,-0.0007187044153164953,0.5767958648241702,0.6704527064837785,0.008583960177792794,0.5828588106460798,0.6226021486171786,-0.008112065803259303,0.5862740701096939,0.5918154795994617,-0.0057976706291080005,0.6084164120694887,0.5675208184532669,0.006154288507460802,0.6344698972036742,0.5649130385593424,-0.0019641738068278247,0.5812831286766224,0.6151334548529954,0.00515437433766899,0.5889563985603341,0.5688115056383707,-0.0021999566994379775,0.561589707853859,0.5623535387099171,-0.00882873205696322,0.5947418632478617,0.5294198330865623,-0.0025600468160067915,0.5581120011858415,0.6074522194324419,-0.0012964722705417226,0.5517032070642083,0.5847185807059532,-0.0035934835246893204,0.549840733545082,0.5553696850857098,0.0001969204176968612,0.5675118194300071,0.5288281860009112,0.007840700928890892,0.5398043506273728,0.6282259757044839,0.0032505353841898836,0.5351774104839836,0.6043395038579756,-0.005601833640574578,0.5261851986217322,0.5701964447809328,0.002293377823566251,0.5304025678421432,0.5286755098251018,0.001051186160205983,0.49962090185712155,0.6467038654729206,-0.00404165707742221,0.5337613097606485,0.6044128769778235,0.0024942681878241894,0.5014790640257678,0.5871122135241684,-0.00041031733890344903,0.519867645200356,0.5716174225084993,0.003977356419196314,2026-05-22T14:13:58.539005
not_help,0.5321219013070947,0.579531478896641,0.0057703413129635995,0.4677286696559035,0.5707729555949556,0.006925802267080063,0.4752324561838592,0.5461217893363451,-0.005711977365813037,0.4497646531889313,0.536942682378104,0.009717199682197279,0.43609253204186965,0.48760776744147716,-0.0021182561284108226,0.5296424596053312,0.5651915737016414,-0.004293777472382869,0.5471609792927389,0.5077100757547353,-0.009788957419884281,0.5232215620957444,0.4896388255098143,0.007234714001847322,0.5571250926960989,0.4494273384045664,0.006013916499096919,0.5319712675043451,0.5653941436438101,0.0012980747620528789,0.5244032355717195,0.5203892749685318,0.0023732372140879785,0.5004459947334278,0.4842200766108452,-0.007226725467304631,0.5131418880037115,0.44871398935281276,-0.006727297691341818,0.4886691733697192,0.5416081101054591,0.0032845097456465286,0.5167080982018671,0.5502631330253164,-0.004071601567043535,0.5119934293237168,0.5144064112538596,0.006090024024794501,0.4891021508939869,0.4964122285238776,-0.007020173821830742,0.4697931462921335,0.5697232850229001,-0.0006811065949217966,0.4832827855344232,0.5556954493296116,0.00841706883306047,0.5008710063323915,0.5065924737174738,-0.007226501410140395,0.4820334193676781,0.5086343529587914,0.005391119760526135,0.5843162789800755,0.34918450810314233,0.007889566011377172,0.566856303392254,0.31489894746824876,0.00975427268145952,0.5514360089625037,0.2851233776276294,-0.00017226493092874218,0.5273886488577261,0.27896511874942576,-0.00856056351928802,0.5318984130835018,0.24856556166970858,-0.0007963200543513963,0.587027842008178,0.29250131880080665,0.008504898917151995,0.5876154626949006,0.2841877499428114,0.009550492584753654,0.6025641510544748,0.2459417931641024,-0.004294931263291207,0.618982831131114,0.23868225645380806,-0.007598761183196318,0.5873580133454936,0.31194514686375513,1.539275303934738e-05,0.5974444890198475,0.2780590684450098,0.0013299132044984029,0.5783414375995859,0.24259095160813515,0.0012959646218357566,0.5651757586044646,0.23661632780197825,0.0017391938103273313,0.5519270210804665,0.3025287620085712,0.008049249307139157,0.5850587185067792,0.2988123987958969,0.0017689955037093474,0.5876480858675975,0.29062780487680084,-0.0035196491123975562,0.5685434905538643,0.2457805197449784,-0.0033101739338740636,0.5756786779166793,0.2975319470590569,-4.049145578419004e-05,0.561402672708138,0.30771605340788716,-0.004002070566198046,0.5498412249326423,0.2993134027176603,-0.005769504110011372,0.5610688714589479,0.2646512801085973,-0.0056158148192014595,2026-05-22T14:13:58.539005
not_help,0.5436333614802417,0.3649511932841489,-0.006987101718073431,0.5404735555827088,0.33506527145758547,0.007412410309098715,0.5635965325104122,0.3139279153886974,-0.009548102232862137,0.5415172782622372,0.31214905881463456,-0.0051391947632968265,0.5685635689501954,0.2838602108276124,0.006307160728809073,0.554323878460919,0.3158835890939526,0.004208547437007831,0.5382555449836108,0.3290691266743391,-0.007623693028714949,0.5382473512089134,0.3014435194994973,0.0004750670862658929,0.5384433844764961,0.27796575325262163,0.006705525032185937,0.5410850558191073,0.31861057871676324,0.005945040559943599,0.5366241829593552,0.2920636884617208,-0.0037953762598018793,0.543922650616395,0.30592439412386724,0.0007204380401081793,0.5321122056431062,0.2726473335806127,-0.009574526188260801,0.5077307524937391,0.33276942870573506,0.0014098910891291293,0.5089299670097489,0.333874960270012,-0.005070619933736606,0.5256662969465399,0.31412982844277904,-0.005278861457656798,0.5241180905872894,0.2947920541678069,-0.007184374537272411,0.482113641837523,0.3393551649137222,-0.005576067098090847,0.4929638370749026,0.31391575282894024,0.008540704337074935,0.5089463243022799,0.3223851266065217,-0.007950079727167318,0.5003072211023968,0.301257925758642,-0.004352830170063968,0.22719411984505444,0.44701992280530284,3.216881281806541e-06,0.19668983339594165,0.41569161476990213,-0.0023532812560312123,0.16354064915207794,0.43221808320024224,-0.006275453895845229,0.16725446862529944,0.3999614034118535,0.0022528433358565032,0.17536374438479352,0.3671322107816311,-0.005186120237622522,0.22110834194593157,0.43058335267471237,0.009470865149594334,0.21173647699159537,0.38934486920908745,-0.0030416375886179537,0.2300601766650327,0.38791425594575507,-0.0017473107476695723,0.22668619686632072,0.3314709791444767,-0.008777793024425582,0.23146304648156804,0.4270305109553561,0.007825539291269465,0.2086146132530085,0.38621194935978537,0.004246836254994944,0.21115894751753467,0.3813005172837986,-0.003518883408290048,0.2145539195908574,0.3477686832764186,0.006363137985858377,0.1791014794706079,0.42862982320428356,0.008371565036512709,0.19041499773936768,0.4126930307091452,-0.00957606932919827,0.19940828397540575,0.36937189069796306,-0.008262000860741144,0.2107760661502921,0.3489509976595289,0.006288405565439694,0.17533733815878316,0.42599545506530145,0.009485058799791496,0.17687709619845737,0.4296984840264782,0.00993466273014214,0.17461837269995675,0.3922173775183667,0.0011530920102088074,0.20436221809719055,0.3834794429347461,0.008173076081699421,2026-05-22T14:13:58.539005
not_help,0.39729983026084237,0.30328937702233366,-0.002505746095089685,0.4471783979275998,0.2781722277813026,-0.004140357655113962,0.42117900011833753,0.2735797450739295,0.0033306911654038054,0.4358354879936418,0.2694576915311254,-0.005969103242480587,0.4563615893247143,0.24570466112756192,-0.004481513649726674,0.42257056731670567,0.2742589742894356,0.000573206112977731,0.439806442753712,0.25047971996159807,-0.002500093755864581,0.41907097752608435,0.2240115101182486,-0.0005900803154509429,0.4424729354554291,0.22165306055623762,-0.0004292482703500203,0.41446254142810934,0.30038348566053696,-0.004538453493140058,0.4119034771722595,0.26589921061718413,-0.0018182674311376015,0.4047874047032077,0.23832398576491018,-0.004698799801643261,0.42393422398207314,0.19950402360915143,-0.0018400536285431753,0.397549309912967,0.28904664310416994,0.0061494234893508335,0.37855233492972573,0.24990804055378546,0.004294462004375889,0.38953986618137554,0.23908929740984486,0.009799784524203855,0.39816372372485526,0.226162045325959,-0.004529660089078789,0.3905487842524787,0.28626760099156756,-0.004902233206885189,0.40551525148058365,0.2819567973157055,-0.0072456023487681345,0.39026844299282987,0.24792179800634093,-0.004699864084956353,0.40610598881370435,0.24374453114805228,-0.005058746997900785,0.4544095703626338,0.4465099437687684,0.0049653778966877015,0.4915817576240291,0.39962586391830845,0.007037545403248425,0.48699203357476145,0.3781641731780514,0.0006650178199067852,0.5019965560860143,0.36991720083379886,0.009922429423116533,0.5238425237784332,0.3382938313839499,-0.003890673282292205,0.4681762440755793,0.4178420647749963,-0.0055069293312903006,0.45530475051137487,0.35617725187468774,0.0008250798045509496,0.4815658074307061,0.3243817732637579,-0.004963361573533489,0.47205117906037986,0.3125010055494948,-0.002481404971255017,0.4339026406911875,0.41523428370515153,-0.003752789348812264,0.4452606565284093,0.35835877696279206,-0.003308871384343464,0.4340293339409679,0.3467223528241825,-0.006742314785204522,0.4267683077377051,0.2895289057908524,-0.0010611527804771665,0.41209565767533196,0.40178427013345275,-0.007245031684281134,0.42221291723682336,0.36968707778977467,-0.0002782840405580571,0.43835915417261634,0.35242430115694495,-0.003752359456378916,0.4353644061620168,0.30345840260243157,-0.005976531469495549,0.41911213744824344,0.41946071990397704,-0.004683603328588893,0.3863504153993589,0.4124172586995659,-0.00043286155329328065,0.4034965573340773,0.3716488636487402,-0.00392225707901615,0.4015867674003833,0.3619888134885067,-0.007904842160747485,2026-05-22T14:13:58.539005
not_help,0.6971454144870385,0.5448172995894459,-0.0056287888563236275,0.6629327072660002,0.5379684980322581,-0.005295893883602005,0.64351091931741,0.5229410391267033,0.00697301932425297,0.6484079623565099,0.4976097262510664,-0.005915627841126612,0.6308892136583811,0.5090164752698356,0.009537197755553098,0.717929423338019,0.5227269820957638,0.004075265182808286,0.7017524241724119,0.5222569494816349,0.006465256637872735,0.6998010554914282,0.4905178248871258,0.006940066906517406,0.7307869960715957,0.4566800591962634,-0.002214189488537339,0.7054394522704597,0.538029590806644,0.0032135689765327453,0.7009500391477472,0.5204100056557038,0.0083427312044344,0.6883183593689661,0.4870919335554025,-0.005739723544484188,0.7136424249950458,0.4705769396934406,0.0053750773856097896,0.668950864738242,0.5220068411668707,0.009223795584266585,0.6966265439408935,0.5043944296253285,0.009179167470055002,0.6802306644699716,0.5011942498145412,0.0015417315753696627,0.6949824861736382,0.4915769383548731,-0.003794566014639504,0.6819193493901003,0.5617649528938518,-0.0026950648058204265,0.665971755128783,0.5316371635025136,-0.009365384506907064,0.6657652997315234,0.5141235045232891,0.008072655186211376,0.6765492644668469,0.48127797568530206,-0.0023502625652161322,0.7503590108409041,0.5882161467060469,-0.005789793504878911,0.7299361846620043,0.5871116059113431,0.006601564594863994,0.7146679734497641,0.5802568881337388,-0.00850719446933474,0.7448920122981857,0.5422211977121129,0.0021944185227287093,0.7358274455020116,0.5409778433660614,-0.0017613828931210412,0.7695074574110412,0.5882429947710135,0.0046013818824207995,0.7678306081112074,0.5436406308575057,-0.007146649983176576,0.7814764262501166,0.5500306223669204,0.004951002299495076,0.7582318882035345,0.49425240750411437,-0.007946359233833552,0.7689784266878481,0.5802735962374863,-0.00996705946643302,0.744690115701413,0.5639859488439668,0.009338249329133406,0.7691026977850879,0.5278514078083477,-0.003158590378144692,0.7762421630816472,0.5276041649471783,0.0007727339264298923,0.729724910051426,0.5690705686255276,0.004999170120753977,0.7656648404855472,0.5782238514406253,0.008721719525887727,0.7454025961606295,0.5416118463269891,0.00726773453576351,0.7555819808786818,0.5250270917392352,-0.0042384762591779436,0.7496567739949959,0.5841713983023664,0.009095057388501306,0.7540178149147071,0.5763629932424931,0.006612571517044809,0.7443433403570276,0.5667500364912266,0.005026343285740609,0.749535857141817,0.5303418688921357,-0.0024117683861068183,2026-05-22T14:13:58.539005
not_help,0.5673059006711206,0.36409019628639866,-0.004731557150973067,0.6019873997959313,0.34311106892967397,0.003955207536658038,0.6222672157794882,0.32334056512602527,-0.005415105232511748,0.6418628291026496,0.3103223907237956,-0.0057999044505409915,0.6505935189184743,0.287585128929895,0.0028439870059621206,0.5873003595221251,0.3145365328080561,-0.006255883047080555,0.5842373494404826,0.29751771024641555,-0.0004004227550814393,0.5993494965170807,0.2404168612542716,-0.001902304998414513,0.6039799687167338,0.22944262488706577,-0.0051986897332699945,0.5765602654809607,0.340789318001882,-0.003186746333367894,0.5867414148977008,0.28800853289561046,-0.008092160190974432,0.57258396788254,0.2796943970415369,0.009078265800635239,0.5587346281426274,0.21382800685722633,0.001063344461437108,0.5511101781246132,0.3262353639374989,0.006786328669483229,0.570949353528959,0.31889836671915756,-0.005522707654190155,0.5409119479494535,0.2739793795422667,0.007240208089178612,0.5327046669253428,0.2518850061419999,-0.0003273465029578187,0.5553621099201445,0.346068535474975,-0.0037770929080023904,0.5337446655313229,0.2937931994701354,0.009105594223625132,0.5284187407751807,0.28070289507431345,0.006383039486460582,0.5169929062173946,0.2853239518375123,-0.0010528711549879013,0.5773467132713664,0.3418305375806005,-0.005571478596299335,0.5627002734677333,0.33176439200269137,0.008263844972854482,0.5663106584682579,0.3030415837242057,-0.0031957651591106888,0.5450446012784324,0.30014277157691865,-0.0031467873719100226,0.532430705453803,0.2940443164107038,0.002660241465261528,0.5940367030175645,0.3005266734516498,-0.009766433870977259,0.5849526548503903,0.2804681500360547,0.001254278356170561,0.6029214673141585,0.2592142217685118,-0.00046764459793068383,0.5963479171517767,0.24859318291416269,-0.005180123977137994,0.5935799194058117,0.29070767650295193,0.0005775546701712424,0.5941490303617206,0.2900610286701167,-0.005701511864153446,0.5989641724140005,0.27074872755901663,5.508070682870743e-05,0.5784610339794826,0.23786453877003122,-0.006015561851429569,0.5724454954941653,0.3056093880056716,-0.0049190871391489414,0.5790202298722906,0.3045845300729158,0.00036011562063372263,0.5581121159913364,0.269439690865441,-0.006427403972686168,0.5622791775180057,0.25370356145806977,-0.0018205810831312588,0.5608509570051411,0.30446918723411076,-0.0030897511591222475,0.5718745035744517,0.2924095441612359,-0.004039358844399508,0.5469667766935855,0.3008505603688954,-0.001228084279929204,0.56030496274413,0.2720722642646819,0.003789575780292931,2026-05-22T14:13:58.539005
not_help,0.3484137430891095,0.3818760647095392,-0.00039568154568374314,0.32008142017979474,0.3725177536201548,-0.006151376117170943,0.30711605662108327,0.3386584385209419,0.007405280730395517,0.29960656716428663,0.34244533313761777,-0.0029909809570076093,0.3210152317332867,0.3043191407291203,-0.00623432706552733,0.3720978733496887,0.3543358171006906,0.00939046496941333,0.3908659921937325,0.3332752741193662,-0.008428547439139785,0.37990969041083783,0.3005550375675016,0.009952603847040742,0.37433008166070264,0.2770151492714461,0.007798897321667947,0.36580528665089385,0.35245769313066927,0.00482102505982066,0.3508120320030004,0.32487168591287574,0.003871087853878073,0.3704527275839926,0.3259530458105227,0.007270488298097752,0.3493940679804512,0.2671508993308125,0.009109539914985235,0.358493430368476,0.3693291908423313,0.0006115665050080918,0.3565271586458994,0.3349385305324095,-0.0021365689980905496,0.32567272125430186,0.30469887029507875,-0.008531596526841758,0.3417209715423134,0.31498573909128025,-0.009015845055730512,0.31837081486680574,0.3634307667698873,0.005983441723778004,0.3463722640668872,0.3409365274611774,0.000475624433725284,0.33705689916150827,0.32544489077016264,-0.004392506802494092,0.3213807229830786,0.3329961112999919,-0.004110402101211774,0.6340920229895786,0.3364753791377204,-0.003956701938065135,0.6759983918690466,0.310717299276173,-0.005304677890298382,0.6767019652311576,0.316198011763644,0.007978562157551846,0.7006225844485011,0.3010263676576514,-0.009242018600643576,0.7032298700016641,0.2438826187370022,-0.0062644163293771,0.6474166197134984,0.2945322650168134,0.007696405301234751,0.6536152135209244,0.27952112061654877,0.0053436921365849575,0.6839921790503258,0.2391728891111238,0.002982376998944417,0.6595521594865239,0.2241625464838216,-0.002089502151998702,0.6660053593836976,0.32241673654268654,-0.0020793236994100846,0.6545565899549489,0.2926074675008837,-0.006614565189556192,0.6672261920357356,0.26594465072565654,-0.001589808041600799,0.6629204517603557,0.23151125750200305,0.007941516778362469,0.6495105848322752,0.29478931240733364,-0.006590621806798981,0.6206988518214444,0.2828526582198037,-0.0063862459851337944,0.6376562208477932,0.2559008981502251,-0.008263362971182187,0.6411805560747142,0.24754982762730177,0.009880207322843905,0.604268755450066,0.2981008773534745,-0.0007677310908035979,0.608148130332267,0.31732977542495283,-0.00837838512372971,0.6165963160476806,0.2627856261378945,-0.0060309429756151365,0.625484825762299,0.26143578964143066,0.009408258667231177,2026-05-22T14:13:58.540514
not_help,0.6240262740419126,0.39580341267652863,-0.008135641538322979,0.6432768247394536,0.3917046503749074,0.004677409601300192,0.6408830939376027,0.3526993822140654,0.004282237288548573,0.6535716158086757,0.3435045205277099,-0.0022992434167868067,0.6756663288423546,0.32780665349029686,-0.007823902970765916,0.6455615123418573,0.362043480711871,-0.006124981782015426,0.6598900202353857,0.33536188886746127,0.003041331077732568,0.6548973150252174,0.2920967247815254,0.0057988941394394155,0.6473016794656391,0.2913142906327459,0.001970594602025982,0.612682446786339,0.38429883650955593,0.0018023944521153197,0.6031757031103723,0.3565154803658558,-0.005503038702596239,0.6410943346071533,0.3271018547396895,-0.0096468973159773,0.6348046551930205,0.27749134602341347,0.004703452454303052,0.5935230387467204,0.35391932581144303,-0.008397862865083634,0.6033012097454835,0.3318043755140658,-0.00690238561064497,0.6209787169249085,0.32885528872221576,0.009514389300810477,0.5887664382383198,0.3166154675728252,0.0019070704599767271,0.6007093474307795,0.36215971741282316,0.0007576131833790453,0.6041680554670411,0.3630483509576099,0.004551549792944729,0.5958514147488962,0.3561179421350328,0.006141551134895231,0.584802605375759,0.31949962646802027,-0.009733238096630797,0.30938129399280684,0.5962465804464759,0.00205287101182155,0.32206863355566046,0.5633462847735683,-0.0003321891015589159,0.32858462126593446,0.5562186226279424,0.0030619352966121723,0.3305072075844788,0.5294117215377288,0.0022684921070535245,0.36442449676149097,0.5233064870119771,-0.004632768206942884,0.32553342051602363,0.578233011223531,0.008723988249521275,0.3118347191574473,0.5343863723367278,0.008924593452207684,0.30304271708567027,0.5158894981316811,-0.00789452119442981,0.3029376279024231,0.5061216919520046,0.009785979715610108,0.31058685170530304,0.5817965215634997,0.0014046278817865816,0.3108004192541251,0.5289065757059671,0.0073260574794442816,0.28881152645383207,0.5342847011684027,-0.006819762893553301,0.3095767650214134,0.49982364892544695,0.004669474138427363,0.31212262270862207,0.5576444666091164,0.005627855869938076,0.27520466649036984,0.5409480031771071,0.0053163285840627725,0.2865552457073768,0.5384832255971658,0.00018657034834546754,0.2939361564308965,0.5347244660053835,-0.005797681741412533,0.296725777418747,0.5635838283480934,-0.004445752094533113,0.2719741111203837,0.5493830353476992,0.009600382694945295,0.2846289746102774,0.542000702081306,0.005167728061288894,0.28365484795796103,0.5315330209087109,0.006034102100836795,2026-05-22T14:13:58.540514
not_help,0.6688842595133466,0.5808466861080791,-0.007640136845444989,0.6258564552139011,0.572126196538013,0.008665768763146621,0.6342831052470207,0.5686535597806113,0.008449798349679448,0.6096134251431179,0.5187500252609537,-0.00612236786786648,0.6033367253756248,0.5234918942293284,-0.0016797980298100552,0.6508638189524852,0.569357685582218,-0.009408809443495834,0.6571579009760378,0.5442424389603391,0.004467329594940337,0.6682221973922735,0.5218786432518532,-0.009710184553185812,0.6747013321418357,0.4753996314110304,-0.0038086478506677455,0.6605027429402912,0.5409244183951445,0.00935012382225465,0.6379826908396733,0.5411916616329435,-0.002221747449196583,0.6434099966691471,0.5227505921440986,-0.003194023127898054,0.6506060068188899,0.4814744174281453,-0.004614183623568753,0.6333114647783225,0.5575153618090407,-0.008713955344767751,0.6213327247521226,0.5551190654399331,0.008715375717687978,0.6269207132226329,0.5143112482604534,0.004150544750171507,0.6430388386161026,0.5033156575232085,0.006587397370096787,0.634663572419558,0.5476964261051572,-0.001096802817100076,0.6286293638804359,0.5598838152957317,0.005256046164460402,0.6050843478319783,0.54296523565756,0.0017989787836525332,0.6193225111213335,0.5234767817721215,0.006273411390628073,0.23366072936031418,0.7792326842777872,-0.007314695026029685,0.23867231367351813,0.739764757839421,-3.280541004433042e-05,0.20922479092230667,0.7335923615756886,-0.00676161088003858,0.21221889071348768,0.6957507083821851,0.0071715675919317035,0.19161473966452533,0.6682578329398422,0.0032821990724514055,0.2788169046233179,0.7588010441768153,-4.469139027174322e-05,0.2696398899340847,0.719829331422202,0.001287059871419128,0.2863588975524784,0.6776871914761654,0.0009962788802003603,0.28286427088709515,0.6443198201340304,0.00035598137755837866,0.25257601825181375,0.7358795376031967,0.009755896622502922,0.258361010678458,0.724591795122667,0.00794732821891026,0.2701288112565252,0.6688522601881863,-0.004009427792700768,0.23785781469128534,0.6405741717513629,0.0015889942244004633,0.2501803030996784,0.7576251751920245,-0.004983435886628944,0.24391145311914864,0.7252421410992339,0.005604829189316218,0.23637103753755442,0.683588029639084,-0.0019840208506319394,0.2385873668439124,0.6645101616451629,-0.0056200867475690594,0.22607672131699472,0.7317657696412332,0.0026172083152981324,0.2352226079403563,0.7284869907182057,0.00444968725516497,0.19791949666637323,0.7064610629235968,0.00508491663503334,0.22654309867130637,0.6768365002110573,-0.0029737586150261697,2026-05-22T14:13:58.540514
not_help,0.33211919708864046,0.4456027393781857,-0.0016381616513444705,0.28251160547195503,0.40590630859073823,-0.007395944968263448,0.2754203327883113,0.38497657242337663,-0.0071357686037753455,0.2932853446386815,0.3900243911074375,-0.00597827588557728,0.2637940416440503,0.3474968443468907,0.003977635861980603,0.3536261391990366,0.41638312320923637,-0.0015981884302515917,0.33955400874499253,0.38837991832313856,-0.0028378170320855697,0.34928168979292445,0.3539334753298782,-0.006685904069439046,0.34922126923757696,0.31257955248127567,-0.0054901389958569415,0.341688457654598,0.4067088436647535,0.004925819094087729,0.31599725013661645,0.3816955523263951,-0.0025602791785001022,0.32910046645800345,0.350094643375913,-0.008716087151257601,0.316532489689446,0.32357657423289093,0.0007900878232061405,0.2993090815248221,0.4091780439870061,-0.008068795552133867,0.30955884979342807,0.3761059991093625,-0.005993849817596395,0.3109172089180638,0.35889204606514674,-0.0066834051320369455,0.30021815017430337,0.3466364817042155,0.005692308289773075,0.2926935290523384,0.41512251455011334,-0.00942129303689152,0.2805523116725027,0.4136845324700599,-0.007449264458092724,0.2967632670122913,0.3559855749634857,0.00230242527606867,0.30410889387025064,0.3476485491351316,0.0022730430217644624,0.5204002391835136,0.4108247700629578,0.0015976499273767982,0.5553343480074028,0.39039175449981645,-0.0014103943525417308,0.5848145259237377,0.3933409940640579,-0.003194508227220787,0.5872522411893396,0.362399299763525,-0.0008606314315484156,0.5861229154816971,0.34682474744631075,-0.0018888993523906716,0.5551606760033625,0.3873592950545249,0.0008760785289394658,0.5347927743629647,0.3588545987501249,0.008319128610525675,0.5527880166788409,0.33395437778802,0.00017693581836754,0.5293534140932478,0.29892211977741895,0.009169769690411894,0.5116417774018643,0.39387656754734407,0.0013510856291899815,0.5156749642020131,0.3558823026368724,-0.009982909974314847,0.5470680660962167,0.33735595730916274,-0.007044675836663546,0.5110355912764716,0.29663202489881485,0.0028752984178247905,0.49307045736368993,0.38346003338277485,0.005057584716203821,0.4955504856423372,0.3761391736228312,-0.0012116396097382725,0.4982560259195405,0.35779905656637845,0.008235620102749723,0.5024389060872648,0.34028229880420946,-5.97256484779346e-06,0.4796370447570095,0.41502184099235123,0.007513103359546131,0.4880529160962276,0.39147092475047446,0.005572551423504213,0.4863168876084674,0.3706008311836524,-0.008672754449618474,0.50571582586076,0.34404221033604554,0.003479380443036955,2026-05-22T14:13:58.540514
not_help,0.5865894677971487,0.30686648967897895,-0.00920010826497462,0.6310379071446346,0.2993268375038054,-0.004923832034451421,0.6305481765591232,0.28134030511581554,-0.006888295229475929,0.6418174697067541,0.2609101053044623,0.00431678100942072,0.6385914578008492,0.23439433049154412,-0.008144737070403769,0.6196115726255613,0.27350258653630505,0.0013851599375516027,0.6215931343107689,0.25803370435691736,-0.009068526411451637,0.6212993259437717,0.19903592589017077,0.0034012268100483967,0.621470722827042,0.16138083372536036,-0.009392649828660147,0.5747958790339585,0.26683151077139733,0.002914348909361552,0.564867881712603,0.24533403479032465,0.006010419333283329,0.576113237937141,0.19362725933740252,0.005712735160918697,0.5965904284709741,0.17476265308780403,0.008341085183844433,0.5658634603515539,0.2810680850991776,-0.0012716960595812263,0.5598657291066591,0.2742294392992527,-0.007402450096897726,0.5602249888682254,0.22750259060700762,-0.0012797099005424344,0.5603600357254506,0.20662717059366909,0.0009144717248594138,0.5245091093706894,0.28738750294669557,0.002904918519119684,0.5292128614253004,0.26393393030903806,-0.00859930681975981,0.5365704085043611,0.2608412317021043,0.003961187959178514,0.5279456723674535,0.21866797833676715,0.002765369173078333,0.3703488281851274,0.4824229215476155,-0.0047515905280743585,0.32205727099020365,0.4709521220852786,-0.004551795974481734,0.31086864810905174,0.44770826761006477,0.0014322977049675539,0.3091832975233749,0.4295634476911648,-0.003761728800468285,0.30208341173448894,0.4323823106834661,-0.0019014172464142682,0.36081857693130814,0.4693049431877543,-0.004325057625177684,0.37834416834137163,0.4277212041012935,0.0070833339340281905,0.3802387485641676,0.4251392295241353,0.009426364706224636,0.3830205491992854,0.3701526995253356,-0.005450320061109093,0.3425409033457294,0.4608318881249663,0.005266735703310188,0.35262842287364743,0.4543006968749277,-0.007163138734734691,0.36710020801039517,0.42631850344666267,-0.008505402214314966,0.3520231477378406,0.3981891124110331,0.00869999121526385,0.34005492761182526,0.4732991660768996,-0.00239007589043442,0.316471391545304,0.46189178562859406,-0.005370704311748007,0.35213080352559767,0.42377994598373286,-0.0007518279176823659,0.35079041704485686,0.3960933439193686,-0.008663389886979256,0.3302760873017441,0.4801671897624919,0.009575972613190141,0.3178016366375013,0.45045206760109896,0.009518967692037887,0.3248369186035079,0.44947166240899095,0.004896383410054481,0.33245266554441283,0.4069192450918341,0.004773916096981065,2026-05-22T14:13:58.540514
not_help,0.4313948397678481,0.3280305792046131,-0.002295066671982651,0.42968761933867966,0.3285898140297378,0.00586623422550059,0.4411506430038307,0.2890878846613133,0.0006456975908657563,0.45674609444190406,0.28987038584615044,0.006633178791852561,0.48237996815333084,0.27719913921375183,-0.0001853466744095207,0.4337335395396277,0.3064599320778018,-0.004341695927813938,0.44748377752951946,0.27148924846118,0.0024946667545678314,0.4480891803390561,0.24811759961854185,0.0009485131854807104,0.42390897294278657,0.2251783706907002,-0.0009294910821036513,0.41998730586253863,0.3238233443468316,0.0032567745508272888,0.41774935177309,0.2758617236510073,0.0019014657311209986,0.40893780560076665,0.2568381887118596,-0.0033651713243881744,0.42334347624514385,0.21983249404980043,-0.0067566985687473324,0.3908694592285801,0.31728872382376,-5.0148125974175395e-06,0.4153669748517505,0.3118318952982748,-0.0016574870008911318,0.3954546311256459,0.26686982398956766,0.008622965744068222,0.40154127422947056,0.22935626299706577,-0.0016903273185315069,0.36704417544968093,0.33347728483215255,0.009694708895993663,0.3750753402289864,0.28957964852143697,0.008143881824870568,0.37439946568880283,0.280582426831798,0.006533147628867983,0.38615953839614603,0.2578336186404584,0.001640320393557269,0.7378801952983679,0.5433684648016027,-0.005438951261841824,0.7484368341655915,0.5515760932446816,0.0022438883120133486,0.7590779352674973,0.5139745719416962,-0.003116930009395085,0.7984361239899953,0.5068141419159837,-0.006066787729750896,0.8034819017744448,0.452462104791109,0.005115389610442712,0.7397614266828331,0.5223954041289235,0.0005720861633095927,0.7350165246706539,0.5043715364425251,-0.008487177605705618,0.7419922829046135,0.46795215046484273,0.007642449752471256,0.7486911760779853,0.41762780725353704,-0.008479523500638053,0.7214579946014931,0.512765257072113,0.009517362982773244,0.7366681879085715,0.4769146156955741,-0.005317103689210103,0.7422569206398452,0.442983656900254,-0.008995499840628047,0.7231564519163717,0.44296342132543587,0.006717711712791773,0.6840324797687598,0.5176789974560906,-0.005421565269135411,0.7217549463789377,0.4929144387185544,-0.0025125966869879116,0.7080205387993465,0.486612031077261,0.007359871736385472,0.7027118186543971,0.4583910626463686,0.007767120224402227,0.6868695569903893,0.5382549446496536,-0.0020428103741996443,0.6773451289364049,0.5067100489697027,0.0036842915734610557,0.6809354867584124,0.49360043389291336,-0.002026391137528529,0.7036361271951385,0.4630022927576251,0.0057328518628947545,2026-05-22T14:13:58.540514
not_help,0.7151475267187801,0.3815068641360066,-0.008012763379621273,0.7181823021682574,0.34655349707346955,-0.007096517301406966,0.7185360292010446,0.3499430567904225,0.005502612004483589,0.7248436629138709,0.34832165410314336,0.003047833385380656,0.7578850802433692,0.3367121658777513,-0.0042882188890520844,0.7156020966154064,0.3589885804407337,0.008571378073983562,0.7204436732271742,0.33687072762561726,-0.006285857812719829,0.6985870856269774,0.3247499217656089,0.005135363868434547,0.7241563613719882,0.2836432168163279,0.001443635062371414,0.7160873800737324,0.3699074157331456,-0.002763109384235625,0.694006467722406,0.3255886817937326,0.0038457827240659763,0.7043698926276845,0.32617570177933053,0.0055167595298440154,0.7005007893512363,0.28325446263072,-0.00523809602306492,0.6934171068749653,0.353216839677594,0.0024674601569286397,0.6664358144838842,0.35893537147801735,0.0061248385780717975,0.6950948219907884,0.32331336178478914,-0.007667525455159679,0.7041282332306432,0.3172478711103577,0.006586395450209287,0.6785579945089317,0.37750292513949907,-0.004580271922830455,0.6701330356669526,0.3411345794739262,0.009453354726776943,0.6545600823128455,0.3213317442577076,0.0072959092560108945,0.6648505634018411,0.3056789395523241,0.005868341344048239,0.37638876007548794,0.707670730270129,0.008960604274323812,0.40522582542743324,0.6762375673072909,0.0016410406682018583,0.4145938688655814,0.6715896043076296,0.009292992845140438,0.41996691312863704,0.6531866602255716,0.0006362160131578518,0.44383365031069694,0.6160873333039565,-0.0061085592648438495,0.373059026636975,0.6681189005256376,0.005180548891461578,0.3875279512396836,0.6689665052973194,0.0019952883165161393,0.40369172278112525,0.6042485028753458,-0.0037624312434824956,0.3701505430370016,0.5749683865355857,0.0024631497376180686,0.3535861149592086,0.6820997837294854,0.00096157006316629,0.35166954399136835,0.6341142145527505,0.004163799617676314,0.3722640654347529,0.611234573618583,0.0029973009807658033,0.35790299943407994,0.5799118418915131,0.0003811992912725933,0.3528498255866835,0.6756179276598309,0.007510993422895901,0.3460025077960784,0.6642682349819734,-0.00661989615004742,0.323219184189059,0.6171418740123363,0.001983275322243006,0.3369274424603873,0.5943951233918107,-0.00828010492950913,0.32973444562511484,0.6927534661499438,0.0030311511205217533,0.3077427226175559,0.6722879884450305,-0.0046004648306325465,0.30842080004009376,0.6585092266255625,0.009751951068674025,0.33601866965238125,0.6096241190514203,-0.0009262489578234761,2026-05-22T14:13:58.541524
not_help,0.6339636441336707,0.4112657001156484,0.003169243976411178,0.6694167536619381,0.36304551524219625,0.00015146707758002288,0.6551906591766266,0.347970359796864,-0.007380191576318702,0.6576369729493187,0.33027438232765205,-0.003086429336590568,0.6643628623798137,0.3263315018502073,-0.004236995226875389,0.6609595853813677,0.382903996761845,0.009775353935808443,0.6277272642049633,0.3521054596582066,0.004406108520770245,0.6354313839411918,0.2967780406268103,0.000578412514296205,0.6281838263030588,0.2868335977029146,0.004404505078629465,0.6338111952803532,0.351459635097053,-0.007113309451787205,0.6111173079336604,0.32994284377748057,0.0016407673154006375,0.6405082840671638,0.3235793584649442,0.003495161734929404,0.6446801613372304,0.30314517690127557,-0.008337953423114075,0.6185685726229595,0.3854299643475525,0.0010008021956522447,0.5937781909848642,0.3437882361794146,-0.007175777648676322,0.6233950042272836,0.33212916589991537,0.005473431724002092,0.5892353768668023,0.3187916068540527,0.0055555197848334865,0.5742704533667153,0.3816550971993243,0.0010080741532603084,0.59952815359651,0.3523910088541477,0.0023581400631250467,0.5950040571528655,0.3494060377721261,-0.005835680460271466,0.606181836456442,0.3369417005077399,0.009330931537916242,0.5681725813493351,0.4972027005262699,-0.005783266529260913,0.5688418443163614,0.49202271229941447,-0.005123181449708856,0.5598356446742025,0.47602393331552995,-0.00913268097078942,0.528802728132909,0.46246486670533254,0.009961324573992394,0.5233994636080612,0.4606321203141213,0.001233023037392771,0.574880855910016,0.5132569420423614,0.007514919442782613,0.6005007048952966,0.46073284939252135,0.006783192762666918,0.5714274555770059,0.44634138040730204,-0.004950142972122365,0.5932600336260523,0.4178247439378927,-0.009509915645953508,0.5670439484911588,0.47741057410211774,-0.006274504782952379,0.5778888666505998,0.45528743115945425,-0.004391211106175428,0.5851083301801902,0.4718211301070125,-0.0008363244233178888,0.5701822758986196,0.416557465724128,-0.004589596265633844,0.5394570127432669,0.5169862414001897,-0.006238293008123805,0.5755499003525522,0.49187957151091954,-0.007453579802046915,0.5470060254626046,0.4533675733556338,-0.006012399260190473,0.5422907902275643,0.43090124194831236,0.00844201155669116,0.5434209893586791,0.5202584480019188,0.005420486185726214,0.5580700715098587,0.4718821250683636,-0.006481036254408834,0.5650098155598035,0.48396958419436953,0.006187263145720051,0.542420768108288,0.4456200321669428,-0.005926993971857766,2026-05-22T14:13:58.541524
not_help,0.34790522253542794,0.3217381400494238,0.009494990855771558,0.32523354139544114,0.29736096370213766,0.0002728772117292482,0.32926193384602204,0.2803355801664624,-0.0025872360385987723,0.280980240085232,0.27390685815318205,0.000786699533081199,0.30705802045879,0.21766680333926902,0.004971060842820316,0.3776952843189178,0.3037355861384848,-0.0022279067428717615,0.38134795972986235,0.23906993238752947,-0.005985682971017294,0.38875990034018193,0.21964282187994263,-0.00014701364184409316,0.36363738035479803,0.20714533618619008,0.00459225952091138,0.3415513781809844,0.2822168817386834,0.0028428655704684433,0.3530265768049165,0.26879702211667716,-0.0014020569907843231,0.35007976331632973,0.20915172319992084,-0.002809301513177434,0.36544917407833327,0.1726397372076822,-0.0026701327528496762,0.3472891907947432,0.3022343104066378,-0.0028928996982056417,0.34299402296166887,0.26401624170698723,0.0006474672720668765,0.3263018134513765,0.25307467272423184,0.002756041463114622,0.3346417336829584,0.19917848562206455,0.008895586713866416,0.3007362827816149,0.2984860627122946,0.0007594056668323579,0.32831444858370373,0.28026208239269884,-0.005279314154726951,0.31251954937279786,0.2561527070948119,-0.008656817339519327,0.2965396872204641,0.2480105458867569,-0.00539130920091551,0.46892057482561894,0.6200867091298312,0.006645772098381504,0.5053662210048658,0.6022161044248374,-0.006228216810430088,0.49530907438564126,0.6012489406558645,0.008818246533343425,0.5133286085566486,0.5574891367860245,-0.001308621890594804,0.5186661763698768,0.5599052507132266,-0.006987888537899334,0.492026231143528,0.5917218374174081,0.0002081975170512059,0.5062010381496117,0.5487348849651681,-0.00784624634997396,0.5080483465782641,0.5473249912989832,0.006235696009980014,0.48697798682101084,0.5280659386647599,0.008506036484612069,0.49233928696170903,0.5897855682834156,0.00037285172951056177,0.49038628308703647,0.5705105878256053,-0.0014005113113786244,0.4607616551974502,0.5260638296701746,-0.007770177907414771,0.47378515757097006,0.5116683919377583,0.0036342733064199766,0.4547374749743714,0.6011887483728695,-0.006599874905348951,0.4570426909774569,0.5744319532402882,-0.008674846955581463,0.4617098367270635,0.5358465692472856,0.0002497670773386768,0.47076524208968196,0.5260812095602022,0.005491698296672483,0.4485804915625456,0.5981384719797738,0.0033497585704979297,0.42485761317598075,0.5903995130801438,-0.006221556150489584,0.4252509270033999,0.5565494010828128,0.009309789749531396,0.4501718913611969,0.540366017029129,0.0005712933309000284,2026-05-22T14:13:58.541524
not_help,0.5558387204436904,0.34438043677168273,-0.008376099735490573,0.5667694029230349,0.3249299294190396,0.007268230765719091,0.5391403447258938,0.3211077464218863,-0.003581354977762463,0.5242527578921335,0.29222572907582933,-0.00910652823793385,0.524230903354205,0.26348023927699593,0.009444575545314622,0.5890418750022017,0.2959246976543645,0.007931497219875691,0.5698659454784771,0.288664948004143,0.009075979187765945,0.6041190490801601,0.25056577851820483,0.0005557777954678534,0.5948349108993622,0.23156527175794417,0.007754646465497594,0.5840844567823502,0.2980713205002816,0.004688928317041589,0.5715408702305901,0.27054939318531346,0.001919807278189514,0.5613122663703005,0.28081773815581057,-0.007695133164879955,0.5733267747036465,0.23965983070406835,-0.004684107756619107,0.5552172107213307,0.30859395916435356,-0.00698199641003708,0.5667201988741873,0.29561081431053765,-0.0058837297738992735,0.5456626616919852,0.2794350241720887,-0.002718224718580598,0.5474959408632419,0.25077435239563367,0.001962963342241433,0.5381255499768514,0.3271804727382935,0.0004460585480876335,0.5487130550734944,0.29842983901559006,-0.003971468647594325,0.5380672068552766,0.27012808928205023,0.0039008827570852934,0.5671648279693008,0.2816164641853227,-0.008486325980575695,0.615294696850783,0.3692213511167637,-0.00268544396199784,0.5988751225447619,0.3410777102465359,0.002175155530019169,0.5913523939728492,0.34555788510039737,4.749211942717789e-05,0.5929728599203844,0.3186184543237933,-0.00703473680635393,0.5692679370429208,0.3096062552847142,-0.006927485188859963,0.6460354280751469,0.3478952397358454,-7.149844024091807e-05,0.6497491198789692,0.31383633910904546,0.008846770423840413,0.6428378579101395,0.30338531541804,-0.0038072582177716323,0.6435221484644207,0.2760366141654184,-0.0032451869150575737,0.6080163103254954,0.3394356645202408,0.005129988088409006,0.6371989768419546,0.30469716376377187,0.002336705008581172,0.6116676079587604,0.29513220784479866,0.006741211357662065,0.6301996727029977,0.28172938658463914,-0.006890397662378698,0.6099201702417222,0.34533369260411384,0.006250545506168241,0.6192538308374478,0.3197163656636183,0.0037096630064351287,0.6046646560357182,0.3157557520169675,-0.008502141521173866,0.6180298165031826,0.26445044355988473,0.0035231705483223033,0.5826711580939465,0.3598703005627957,0.001820504715872506,0.5894508751973814,0.33345562066735923,-0.007199679650301152,0.6041855086420768,0.30847704397543035,6.316825431238945e-05,0.5945671259278116,0.31010609160816716,-0.0030334726733275133,2026-05-22T14:13:58.541524
not_help,0.5642079212631885,0.3105817582188868,-0.005491593521044609,0.5356949725932904,0.2793958823549369,0.0012597320577035168,0.5176009944386082,0.2608287037155489,-0.003600448699722176,0.5211604158503107,0.2472308353035626,-0.005192131536149589,0.5064920234001027,0.2324185451119813,-0.007811695201426987,0.5733751725653834,0.27041209099335234,0.0031516909456727124,0.5701801926329729,0.2622228937498651,-0.0011711878100515386,0.5781654962944217,0.23505428712847554,0.007424692542588889,0.5901951547097993,0.19994613163501504,-0.0026032466580617683,0.550015310452783,0.2966566646802729,0.006685933294436652,0.5734219732143147,0.24009066095648754,-0.008901872781932382,0.5643932217838705,0.24117083321664667,0.001769788647286854,0.5867265707314763,0.19823349845844818,-0.0074219866088366965,0.5328386848265081,0.26225751967613803,-0.0078039859331154714,0.5448308559815404,0.2687616754857207,-0.00997855551432836,0.5381763918600572,0.2555500571446134,-0.0037716804741777347,0.5544101648835661,0.23331549189966144,0.002004909774349882,0.5235763834408333,0.26654528217869006,0.007515513638319494,0.5571267438880552,0.2790046628125501,-0.00630915255628429,0.5218269449277834,0.2646134635687277,-0.008349147407543103,0.5560953850575704,0.2370939336902912,-0.0036232836880386457,0.4755408187010385,0.4855349911120794,0.006886811406531657,0.47039686479269566,0.4694824846993713,-0.0004335381995664474,0.47989118043996937,0.44660193436149165,-0.00046388205952532964,0.489734668873527,0.4198835941590139,0.0009702440627646254,0.5134565453014628,0.40842685402189405,0.006949426675200007,0.481164604376224,0.47026302734062486,0.0048914711955492865,0.4876516807926844,0.42301680805116526,0.002377048737071721,0.4790770638221725,0.41498124098300904,0.00628937053059416,0.480286221745548,0.3901373555603807,-0.0035496221642905314,0.4766651518479879,0.4406653619126043,0.005694641754720403,0.45749783735630073,0.4402194710008614,0.0022818606024666184,0.44672693331200075,0.42798022809197617,-0.007562188524882809,0.4549394475733351,0.39603689059423475,-0.009994029239147488,0.44456673568891947,0.4569606466968223,-0.001007444371933645,0.4600576906787326,0.4535097319813169,-0.003301567475034204,0.4427177806048574,0.4393371234231805,-0.0026850392920489095,0.445404034712941,0.4070763543726043,-0.0055634520890861855,0.446458206412623,0.4678216640368131,-0.002859902993775254,0.41841794355081025,0.4584214148150431,0.008037239210224789,0.4164532688891172,0.4346334390630433,0.005782131804962521,0.43179668686309347,0.4063092067706412,0.008165164863850395,2026-05-22T14:13:58.541524
not_help,0.5457798326736457,0.5256230216086413,-0.0035735602142446645,0.5814997377966878,0.49545059503019007,0.006598860515052625,0.5695583807643424,0.4748538711762324,0.0004284321531472044,0.5983791454264359,0.4209080621100577,0.001492973360364835,0.5842794308441176,0.40528773523161343,-0.008074127695393356,0.5528878619575605,0.46349931592414484,0.004632473937734622,0.5584381499825207,0.4482119376574457,-0.006859374427370368,0.5329567490988548,0.415453383214341,0.00673280063283418,0.5351786414983077,0.3600806000581475,0.0071637675979712555,0.5264723325169031,0.4876424956052314,-0.0028107321481620337,0.5106059011906507,0.42681695296442296,0.0002584432207061258,0.5283676815535879,0.3936049483995871,-0.0036513776749843817,0.5320192254823336,0.3717055196207044,-0.004435719763587698,0.5049894105208808,0.4720299955837142,-0.006624412972719094,0.5024770112016513,0.4367856089425991,-0.007067290459196646,0.5038857767655576,0.4065191156669024,-0.004393778315936605,0.4846450885842728,0.3842292754124429,0.006733085210685547,0.494423996576603,0.4986753923128178,-0.0006915134310304313,0.4837017935156412,0.4477472205182217,0.005169780186815813,0.4714589470899473,0.4414560871814834,-0.004469679764541759,0.4758190535364741,0.40654793802924255,0.000507168764328712,0.7595302323593827,0.4060451501579467,0.0028082005251664193,0.7717074747002992,0.4060042467126357,0.007947775270631093,0.80442310917605,0.3770959955286756,0.006364491951511774,0.8026085479097251,0.36196039435050753,-0.004262225662255434,0.7836192404151157,0.340169151670368,-0.009314827045242535,0.756373646827087,0.4175226315893942,0.0036093030841448798,0.7584547169719501,0.3884484564737927,-0.00819053828782211,0.7681042919068886,0.3590808199227864,-0.0012105503845515845,0.7862876278671599,0.30543835998512386,0.008394596701659584,0.7568889206792218,0.4004022055098332,0.0036715422933573175,0.7394499261639509,0.3564095303330073,0.005765034578569023,0.7704925634689119,0.33955663707414574,0.008826486834716209,0.7505471632409608,0.33146714300464064,-0.0036783498701360128,0.7393449578111175,0.38482275235475655,-0.0049607213312061775,0.7202694292605083,0.3699175987354367,-0.007618941066975591,0.7371529461754578,0.3582588705309818,-0.005429616245275051,0.7280481277047314,0.3566742286548441,-0.0028891272309485025,0.7073180581465771,0.4014915017931397,-0.007812889282372525,0.7237784072032094,0.3984607608137104,-0.0009514608079114126,0.7071295853519938,0.3754209873701329,-0.004904817526863876,0.7253937392856546,0.3548977318201684,0.0065030506925271864,2026-05-22T14:13:58.541524
not_help,0.30757016719412256,0.4533145601937736,-0.00524409813473613,0.2817538600196909,0.42224838903244505,0.00551429839999356,0.2664336006554527,0.4143891706620096,0.007178698802242466,0.2803816885942095,0.38618067534089745,-0.0027788439677421195,0.28033357947536786,0.3969355021525175,-0.0026510988754762056,0.3212674477845578,0.4066544184004999,0.008838836333527217,0.3365714804837647,0.3816690230228981,-0.006213595126142559,0.3027796280805967,0.36610703616160095,-0.00338438660265733,0.30909166819168454,0.36453537266577013,0.008630848103923996,0.294164161097111,0.3989673345484586,0.005776364971799874,0.2900803638329221,0.40049763858227644,-0.0015530788764693132,0.2874929686641705,0.3898107963734483,-0.00494703250478635,0.31202044238253934,0.3636911076801357,0.0030093487740415707,0.29039204646780065,0.43031233377088574,-0.0029636762689743777,0.2752839608172442,0.40926344755793276,-0.001095223207404506,0.286038125637916,0.3737742742292682,-0.009464949339017774,0.28649724244447317,0.37627103188105293,0.00045853662875812613,0.28400775483425655,0.4183164350448845,0.004046697496223259,0.2754819366171711,0.4053180209193985,-0.0016534072122657353,0.2806442198869692,0.40179693926757243,-0.0076681293231932535,0.2672171511843188,0.38205205606754494,6.372199518511583e-05,0.6664967326148464,0.7428586541317646,0.008187558110781834,0.6965727524251453,0.714725821298595,-0.0018430477805230598,0.7074776842969185,0.6872765886886503,-0.007512125090794546,0.7027173690526711,0.6604776921719633,0.004555337352137588,0.7254711128321506,0.6456642555645098,0.0004004763072319867,0.6745093474631917,0.7001518684318393,0.006195048311406956,0.6811891328916494,0.6536144506604867,-0.006141947516187967,0.6719216640070269,0.6439967024923564,0.009058046958400135,0.6681602088632793,0.5955783315255617,0.0036718955488696855,0.6743346031069066,0.7008781345936295,0.006969192400056787,0.6712365503213027,0.6480436005164429,-0.0060758767797110405,0.6476279491702291,0.6170113517014887,-0.007336519843891038,0.6613061473923758,0.6119756246250858,0.008087017792214433,0.6498896535351973,0.7179782579884203,0.007859633898964385,0.6421546798391781,0.6831838155837104,0.0011589091710037143,0.6258713473272701,0.6433079636811249,0.006332530190537129,0.6447772776850051,0.6211617058977696,-0.009492367238156638,0.6398344230729732,0.6848684331999102,0.006896966223461339,0.6150119517624049,0.6722731727436442,0.00444281136993778,0.6388600080904088,0.6693475219607619,-0.0014008953269967414,0.6272279445708004,0.635661751738509,0.0003789316218260723,2026-05-22T14:13:58.542524
not_help,0.6709028666896266,0.3757847188209851,0.007956392974021306,0.6239629676855767,0.3541478027667598,0.007989966678761668,0.6222748369647763,0.3526929283197551,0.0034555543719200447,0.625861457204223,0.34083216672686106,-0.005432439651520837,0.5975889109630454,0.31427208832617143,-0.0016151809854577735,0.6561582854803675,0.36869046596239213,0.008209104328094128,0.6596924977941635,0.3304876056444753,0.001993350498357322,0.6709925052500706,0.29826631114513025,-0.0047433617867124215,0.6690885438057511,0.29841991034930365,-0.0036826917224327006,0.6494124119134921,0.35472040973542573,0.00643539344174437,0.6686653197825485,0.3559695548508523,0.008789260936966052,0.6492708154875164,0.32412320557045404,-0.0010073369935334649,0.6434337358525472,0.2976818929934,0.009105672301330718,0.6586473174578389,0.36080514959050336,0.00963007384026113,0.6375391419230637,0.32293637045420553,0.0016280872928561615,0.6466028442073006,0.34068963705282185,-0.006216535703949968,0.621630762782134,0.31869157587444286,-0.0021400682132300813,0.6195762218347001,0.35106023835179884,0.0024334579793679183,0.6403702594028869,0.3522855411525927,0.004614878098781449,0.6364447188522858,0.35195784904079214,0.00931464755969007,0.6350601605203195,0.3108659737402398,-0.0043321813163709425,0.4374507544853043,0.5214113658591358,-0.008449972224735931,0.4578986424925149,0.5334748703365406,-0.0035999970446523874,0.4663081410306959,0.5243858818888755,0.008247614851663107,0.4756767733182817,0.4850289838264561,-0.005892312994968685,0.4902782203050773,0.4687975689122199,0.009367076284083559,0.47038060595676595,0.5322551668600556,-0.005684941195408204,0.44479937134695424,0.5072860301996046,0.0031819998262143864,0.43557705294196525,0.4953601692063417,-0.005402718455483722,0.4369319546630751,0.4658298749698245,-0.0033768922489950514,0.43722993428034473,0.5299273839778912,0.009814895652463353,0.42513038562311706,0.48139384172104327,-0.006520500476200557,0.4332199810941333,0.4974624822619354,0.006051587685856017,0.42576645759694604,0.44185162731093697,0.003823348567670746,0.4405212471014468,0.5081085608125953,0.009475738763849073,0.4367294703476751,0.5042816612228522,0.008799358959769249,0.4328852157354862,0.48735457578816227,-0.001542122474612313,0.42073439463992207,0.4527863144247418,0.004770061227739146,0.41263293004447754,0.5190984884824325,-0.0030881270896348,0.43090714285274906,0.5156060694422026,0.005962834915218164,0.41133480946114837,0.5053865298103739,-0.0006077935580299232,0.4244020912075825,0.4926078556367257,0.0013920790482737245,2026-05-22T14:13:58.542524
not_help,0.592931702665559,0.5647836259497703,0.0035791211495291454,0.5692523932145376,0.5600061232029782,0.006175621508553655,0.5488393499162664,0.5477596568947545,0.008076611539946014,0.5282547046536689,0.5402383856721767,0.003971266902349941,0.5374036618187961,0.5410759272039717,-0.009968467132612863,0.5912352360875125,0.546114237801102,0.00167953616773687,0.5814779165574934,0.5265267564191172,-0.000966817371649947,0.608555669840168,0.5151211020474774,0.006525911798298442,0.6094028340250415,0.5218191558941221,0.0020881427931639072,0.563643256884515,0.5546422317924354,0.009008164819624192,0.5897075375118431,0.5551651948867148,-0.009208531686053836,0.571387716412833,0.5406718420390041,0.008940759458482992,0.5929045051743238,0.514511586785426,-0.002636764872114679,0.5743685857211964,0.5490034967055796,-0.008084071062539097,0.5519876660425297,0.5462114600831011,0.0073484083728697445,0.5734872188535975,0.5364499961046552,0.0003698537824885495,0.5611616403675787,0.5030269834986609,0.0023346283035308463,0.5405678559559498,0.5648397341294532,0.0068988356766012445,0.5488052412699767,0.5638155052350569,0.007646914047293179,0.5719581272908578,0.5375496937706353,0.004826332200332054,0.5558167907223771,0.5330011066638757,0.008317366348245777,0.37536115447374696,0.4157732799452915,0.003444416643898416,0.4015542758849101,0.39250524074557347,-0.009601462308814186,0.4393674295534947,0.35482943248940707,0.007212642861340731,0.4545001658951287,0.33828763702490683,0.009791224550498813,0.4277920179456291,0.3305289785442256,0.008536907661883144,0.38641310738686124,0.3581280824874816,0.000607855045885973,0.4054073613551591,0.32298729569818285,0.0007792357488140243,0.41118559003023186,0.2970297761659101,0.006637895768304198,0.3970159375037992,0.27395461163968676,-0.004434979271929347,0.38014982708698636,0.3930022175923546,-0.0007361090114075645,0.36979801703403065,0.327193448371492,0.006160918090259567,0.3662938937096087,0.3016401641480797,0.007101725274783916,0.3759324482402866,0.27641052810353883,-0.007292017960721049,0.37205771258931725,0.38175087601235186,-0.008921648003737521,0.37451842934400165,0.3592012680290687,-0.007833451922559187,0.3471196381599077,0.340498693350322,0.005960450227824347,0.3511779168132439,0.2778422012539707,0.0062520158356301255,0.3482498041951325,0.3722921937821646,-0.006910491857680938,0.34222674992708096,0.3697878470638496,-0.002347642826105667,0.31967420419239023,0.34900721119147726,-0.002926783213710667,0.34308523997483054,0.30644092461945366,0.001599848581406266,2026-05-22T14:13:58.542524
not_help,0.6422882466800739,0.5991454639802254,0.007336689272929421,0.6308046174282721,0.5986857511046255,0.006349694327563155,0.6386015519609958,0.5649167268673843,-0.004373501719778434,0.6291154782677775,0.5438039413569116,0.0035926355440149167,0.6251619637047078,0.5294720852014226,-0.006386464487603185,0.65909691549037,0.5940915246643013,-0.009652590917073876,0.6704585244486768,0.5580013217920903,-0.00118791377959665,0.6841964489943484,0.5391142564872862,0.0038426916737241915,0.6708816326148535,0.5105411057497433,0.004310286501001584,0.6455058121185006,0.5816267376686346,0.008783281059924321,0.6411971822912443,0.5454275127215369,0.006978022646453636,0.652701707241237,0.5319931649419872,-0.009886917158689144,0.6681026306335821,0.5151293930100386,-0.0030667264790525083,0.6349956970457377,0.6003190840617562,0.004447877584995636,0.6427500342072724,0.5499578520928544,-0.0008061640479671041,0.6605436037531068,0.5467402734643811,-0.0010687938061966946,0.6562869339174562,0.5344156915621213,0.00027170267694201326,0.622981117113697,0.6035565942905384,-0.009407593560908986,0.6311270365861581,0.5721241726889233,-0.002795926346726452,0.6447154574488325,0.5723036239559249,-0.009210291474005124,0.6277229858719293,0.5605603518143233,-0.00850438500415854,0.3294041146174599,0.3231233059105085,0.0015626311307145053,0.3443159979476055,0.3118902307328247,-0.003108006367243188,0.3513913653092472,0.3111133181782472,0.0011748556024618172,0.37850875704462267,0.2941557153715296,-0.0009916592126315502,0.3732907092525989,0.265736840014936,-0.008979505425811279,0.35052873328213574,0.2980446822387818,-0.0037869163856998657,0.3427415465879962,0.2817555473908401,0.001963231755517301,0.3593995642059796,0.2611094715508775,0.007178769152452953,0.34660185164647694,0.22519040175302796,-0.0033609100875360825,0.34058909715969876,0.29090008548794566,0.0011598837313458558,0.32749359392010025,0.26229498859183986,-0.00809796299706466,0.33623992498663413,0.23742864873554864,0.002855165937283915,0.3066245512173267,0.24103911127561134,0.0030028433119548784,0.2988525179887739,0.3003064356358809,-0.0009931052866235853,0.3140562006978433,0.28661278722325106,-0.0009562982046662262,0.29101528771673185,0.2833641062675522,-0.00852074145147954,0.32156262991545753,0.24351112723156842,-0.0011865117773955866,0.2932595434965695,0.3345736939366711,-0.003430145565274831,0.2942668529753414,0.3018730231409794,-0.0030902668908560083,0.2863954310620412,0.28960368767044575,0.006733054155776396,0.27138387724184126,0.25527416787709833,0.006748779893506288,2026-05-22T14:13:58.542524
not_help,0.49973664818097635,0.36401566755994735,-0.004334301304040995,0.4475132466666896,0.3321532426274151,0.009235548658705984,0.45412347568004013,0.3208685718211821,-0.004999377505256379,0.42442895440789336,0.29863717288682307,0.005627350646828561,0.4391634907456927,0.2899825799368586,-0.005817578420950011,0.4866503387880359,0.3496520882930721,-0.0074583571687215165,0.4863990196344542,0.316475118138955,-0.008946135419580909,0.5151363175090553,0.26235367515149854,-0.0018903469834142348,0.49287413779145783,0.25670042543458527,-0.005945075480487512,0.4716724401366486,0.34342572009365,0.006505927108329033,0.4852389916953363,0.2989468374860088,-0.003761692992927854,0.4688879747623898,0.266306368532952,-0.0019177427894582315,0.49794167408482143,0.24327968703596153,-0.007868161600990638,0.4714408665407126,0.3545312923232494,0.007214912328968188,0.4547810454834496,0.3083853254308479,0.0011826976205662754,0.448612614178654,0.28488867481342706,0.0023227923087609445,0.46828326627222416,0.24868405805519198,0.0026196089492648515,0.4448495103892163,0.3547101589532152,0.0012960098636051586,0.45419072810456224,0.3130180759176879,-0.008815889168158952,0.4550289791006724,0.3017649955050622,-0.0008008271090237957,0.4436039542245361,0.2967704459364265,0.0022622095265878543,0.45990000522098146,0.49342145017575323,0.008517031408064457,0.4214750436618388,0.4668564635116411,0.0047954847078198175,0.4310620063531898,0.4440569662307678,-0.0001235958890018797,0.3974324100707115,0.4393570393355771,0.00324093336252931,0.39533168086176423,0.4388000018688239,0.008131699971048076,0.4696879037165482,0.4696722751811737,0.006731811016575334,0.4861225124503336,0.4644475334511234,-0.006164262664266508,0.48003218640234024,0.40199812086201336,0.0030495355852873055,0.4553305144142321,0.4061505409653774,0.005270184805139678,0.44087023659257085,0.4833762443470268,0.002993750781470716,0.4401582549773304,0.4304515025652938,0.000772380448123975,0.4524903861303836,0.4015535699638238,0.00783221051865581,0.46875750779366704,0.3916896154211316,0.00510783517642943,0.4273821711367036,0.4577416552823396,-0.002494275390026772,0.45553399936664474,0.45596030046750496,-0.0026157250478162286,0.4464126706106236,0.45138918684941803,-0.0023923859183492295,0.4387061145069599,0.395076580547465,-0.008258453559873154,0.4195785245945846,0.48341135034936006,0.002860182347418073,0.4345819851417204,0.47799858079597984,0.0013485292485520863,0.4362019175033383,0.45541025099883364,0.002356667150559842,0.43263422409645735,0.4193247894239575,-0.005090598531804238,2026-05-22T14:13:58.542524
not_help,0.6610935132250663,0.3904782599338859,0.00747693927118733,0.6105191798579445,0.4018527985098882,-0.002659810257220385,0.6250946641873344,0.369465914200317,-0.007755166054266771,0.6052088468278919,0.3603362104030626,-0.0020891116878612344,0.6157172187202572,0.304691656113536,-0.002279500776869725,0.6910640492150791,0.3694622836110782,0.009401099445582173,0.6908553127803396,0.3472915733904775,-0.009971368007287108,0.6908126674919495,0.3149397541834084,-0.00837207194826045,0.6746927319954812,0.2948449257841411,0.0012524478465847696,0.6761034311972506,0.3715427313217349,0.005590430554271376,0.6736390247345849,0.34012888350521603,-0.005935478598740574,0.6550759770875182,0.3128843936832862,-0.00674363361680131,0.6715564949457214,0.2656897296592884,0.0020307122248535234,0.6425930995927707,0.3767649790704091,0.002044281301118691,0.6276362754345347,0.35842676376428984,0.007056182047432543,0.6465533627267966,0.3150417366349125,-0.004724588049721903,0.6513319102585557,0.28886425599977106,-0.003780827280376351,0.6110302277953347,0.3992808911326783,0.006799820198568273,0.620480155221465,0.3607780454445624,-0.0010166656931900175,0.6326747315976864,0.33042691567434085,0.003430038872311343,0.6161456500899716,0.3292698289450481,0.006305988430242071,0.3004630392061234,0.493403317776098,-0.002417891278920523,0.3337489074167591,0.4678096327197427,-0.0020879524936302674,0.3449802615845745,0.42605241979628755,0.006886635926240137,0.366385384215926,0.4189926554152944,0.0084048802816189,0.3780599336925372,0.3747391202069281,-0.0090211048448854,0.32027312063444,0.4588021573558775,-0.005921859250501677,0.3347228180077732,0.3983526533055833,-0.0036970345291035154,0.3200225601888685,0.35446640488143194,-0.006721064176792777,0.34410122121780073,0.3549277819677353,-0.0034381994754592513,0.3057949916920664,0.4501200006031507,-0.007504936014565771,0.2996680211942724,0.40511061867620846,0.003950482124585203,0.3114400687710767,0.3755272266586923,0.004468111466860176,0.3333443467883283,0.3375444266807043,0.002581057397869728,0.30197206428119183,0.4444432814143849,-0.0005749973835447505,0.29730851500599165,0.4135705347340086,-0.0015919810418214848,0.27430422897283574,0.40221316078628155,0.006628503626457989,0.31124773995556,0.3594171992972171,0.0035403350892013654,0.2737351947426997,0.43511471299960264,-0.005384516137810742,0.2730904836348668,0.42716166661355087,-0.0049898417637947575,0.2560270555297071,0.4148539501270807,-0.004507325129829374,0.25853633799819264,0.4030321182420773,-0.009646998422345808,2026-05-22T14:13:58.542524
not_help,0.4081367482553368,0.35909416020171964,0.0067608339657605505,0.3830497364894569,0.3617657465371673,0.0009873861010805587,0.38465437518704515,0.3274650743054267,0.0037550244809388313,0.3698987753384082,0.3287825770701548,-0.009924157025550185,0.35930164192146685,0.29224555016305714,-0.0020147259997329407,0.4184429940863344,0.32194240707946087,0.008754788214625558,0.40827160671754786,0.32200000957187774,-0.0018218272109490029,0.42397370638057413,0.2872061414064916,0.0075093754695267825,0.4445350367906429,0.24919388624096217,-0.0034078164455470144,0.42201173253679064,0.35485330399440385,-0.009336611618366918,0.40898822193594686,0.30793885943595345,0.009600216709935992,0.40107585099042603,0.29605053522486724,-0.0009909531938675498,0.39230298502835836,0.24382486392259917,0.0008848424547348039,0.37312529899901886,0.3248325606791129,0.0054021542379386195,0.38133438148304233,0.3220009222419303,0.009462008023849557,0.37074487496672553,0.31032010888096895,-0.0037191273931109345,0.38809028411458735,0.29063009298921394,-0.00037012917727863824,0.3632403387404038,0.3528371089834946,-0.0014693689148162197,0.3892872164905725,0.3354794079530716,0.003957309328518234,0.35613850324626245,0.3002037323895973,-0.002750137674392899,0.3904953317196006,0.2791183167444013,0.0015028696658392245,0.47007451634820996,0.4600990180594168,0.0012470484994314864,0.5037061259902803,0.43820182497261534,-0.008944061915851556,0.5118891123162715,0.4016571701751659,-0.00045989811647754834,0.513004761175613,0.39853943401682623,0.005101459348320767,0.539413929967741,0.36762851810789177,0.0018830525348326275,0.49379660976622175,0.4102659959855985,0.0009618029011526502,0.4708670503140899,0.4094451643666561,0.0030649100431935066,0.4642166956712636,0.3702639270148712,-0.009117980273555806,0.49581973695894754,0.32496775425730806,0.0029772761166023294,0.4659974915163799,0.4275257742255874,0.003126338583619357,0.4695615716405533,0.39607861906349756,0.003083535404003652,0.44569251098738233,0.3552661838917379,-0.0038985025352594824,0.4423543245872551,0.33457698365264105,-0.006071482992048287,0.42136162979574054,0.43813819398020837,-0.0028501840696924744,0.4377669909408876,0.3918582267988346,0.0045410587698161906,0.4302219790134063,0.3802749245200089,-0.005697020033993485,0.4307095785458673,0.348908887137887,0.0004262994942684402,0.4396787201843555,0.4214651526118769,0.0009347044775985715,0.4148059573136125,0.41727933289224656,-0.002669462653312165,0.4314345126309329,0.38576269588215706,0.000920797074631309,0.4215022278235763,0.3602943924347164,-0.004669341700479144,2026-05-22T14:13:58.543530
not_help,0.47043415222338103,0.3264165970354576,0.0027821246004201394,0.43803457914021127,0.29309886388956286,0.008500230982805177,0.39880715520886934,0.26467864363539423,0.009540021533142847,0.4137377109719921,0.26220017368746706,-0.002238499805506309,0.3871555497749416,0.24816313294870423,0.0031171175825324294,0.4904097897381404,0.2735496613033934,-0.002140889087017322,0.4568575853502349,0.24205962689052235,0.004733852718314365,0.4564988631608724,0.23958212835970558,-0.003477777728713334,0.47757660179415257,0.19051556062017322,-0.0096212507602333,0.4431078592242907,0.2670304267825039,-0.0038152810415377015,0.4580152719284156,0.23924368715249725,-0.004054487595011982,0.4342498234725356,0.2274371908119318,-0.0071141899606315985,0.4445865594480545,0.19590196677001062,0.004364255475702024,0.41562357875005407,0.29279934733271695,-0.0008502500475616997,0.43352546815160237,0.25548781242491886,-0.004486958457615853,0.44964069691722,0.2584613098165354,-0.0021533971142382625,0.42512288831993494,0.19439979691367174,-0.00022716032761221916,0.4348558488121547,0.30918290080077104,0.0016819932533513483,0.4024227775167993,0.28522588534831456,-0.00921179195674877,0.4240352012744656,0.24813857657857796,0.009732066777446298,0.42704336150395056,0.2548405755284694,-0.006509264965254875,0.339993107502987,0.6599273914049377,0.0021643425083272792,0.3683954843211685,0.6162098444406078,0.009627152700340992,0.3692978750776918,0.6025629071031006,0.005423091978487759,0.38815122824910464,0.5925438107254826,0.006141008252698964,0.3716164540663008,0.5831394542912999,-0.007905444263886348,0.35796280055534185,0.617816932328936,-0.007729588734710467,0.3354240565965301,0.6043100121627399,-0.008062233163498068,0.3475447680288945,0.58913333274749,0.0021733461707291197,0.34747756192375745,0.5570455281097924,-0.00396165729502661,0.32568005453214866,0.6073920307801953,-0.00480503244699289,0.3270343496873957,0.6165492810821326,9.009230997637438e-05,0.35018341859141877,0.5887929255742592,0.004862573633879342,0.3508539948191779,0.5704209389036469,-0.002186681692676797,0.3143514923065855,0.6317291084617778,-0.0034126296696392264,0.3385616882091772,0.597936284256307,0.002882186090400635,0.3108981984789806,0.5743816302879595,-0.002412621380298581,0.33058099726490714,0.563275795269367,-0.003471000686108061,0.30022660790753775,0.6334161561914496,0.001827038020248051,0.306895918958303,0.6315088176529202,0.003816600244661225,0.29678682380715377,0.5968040826585255,-0.002877924244284771,0.30997427503939806,0.5781834179873349,-0.007109227473421124,2026-05-22T14:13:58.543530
not_help,0.38961547070704333,0.3036203771103177,-0.0040966070193699956,0.36634961620964135,0.29621940515694173,0.004553231546674275,0.32945495693817795,0.3046355739580927,0.0021563080181121273,0.3244024603066235,0.2893090377950828,-0.0021526779570235407,0.34425197481871483,0.2486825569386864,0.005184085033266497,0.3983014338222843,0.276679568025338,-0.007433803376715822,0.3981300530856789,0.25307191538575785,0.008142595919632558,0.38024398364468176,0.25802217247234427,-0.004989413175542734,0.3942078149625455,0.2107731755955875,-0.0016335448359237354,0.360812825699102,0.3053351102790997,0.0011287037990728513,0.36054463462481545,0.27532901806495896,0.00615917582046919,0.3741211039846105,0.24147325859225802,-0.007206510597977678,0.38301915743205356,0.21361022473263264,0.009028959977177215,0.3761728216516936,0.2961714423317555,-0.006627975342374,0.3770606876628278,0.2654149477739523,0.005186842435458014,0.36300258753093356,0.27468954229560166,-0.0002582373306553882,0.35706802944416377,0.24266062767989882,-0.007314218071700327,0.34779690643192485,0.3005326316623504,0.005936208780809421,0.33134249816145134,0.2693701049536751,-0.00766524787336629,0.35449149590516577,0.2568110820274154,-0.004022261032493686,0.33329321400867207,0.24032890304234522,0.004148553383462605,0.21003365445473512,0.5536936429966921,-0.004105689058256466,0.1781506806830748,0.5219589715411815,0.007684211261546605,0.17257151700524903,0.49680856229028303,0.0011522908687079877,0.13000056208574934,0.46599516498887483,-0.006285586343084942,0.15490077866447716,0.4674026588126827,-0.008967986505659359,0.2337402708005007,0.518889585926944,0.002135659482836238,0.2397461775342088,0.4972382900369673,0.002362805332821778,0.22151338073416216,0.4465026601573464,-0.0010600758813879962,0.2180418576619571,0.42458603693699987,0.007844086413267651,0.20613724461231817,0.5168194962540513,0.009726726241833994,0.21241849290299797,0.46523812116363544,-0.009528853299394438,0.21984349438258988,0.4572902700961496,-0.004353929344491756,0.2106131929264696,0.39335007305892655,0.005928090620247356,0.19960577446373748,0.5365382599471717,-0.0008129283476495872,0.19890096930409837,0.4757407242341405,0.0049828864730957975,0.19987368786140378,0.4564932997903626,-0.005648199887155945,0.19115097830460218,0.45039186067099846,0.0011588973112607107,0.17793208888432713,0.5362202413860234,-0.00890144509666152,0.1749217363735112,0.5199471911151107,-0.0017108183851966639,0.17737372042701602,0.46886154453108136,0.00414832660607318,0.1785769742585553,0.47227316627685945,0.00043854045635362444,2026-05-22T14:13:58.543530
not_help,0.6018862674588931,0.4527579621075871,-0.0025528923110424316,0.6026678180350864,0.4507867495499088,-8.17870744957358e-05,0.6217021163482408,0.43354258720457445,-0.002277684969660367,0.6194180355802373,0.39990004526455997,0.009900380687226441,0.635202179855448,0.3967242221703433,-0.0002561157325993227,0.6217484969523498,0.4235334634317929,0.0008395218599614399,0.6148798567617699,0.3970869796804091,-0.00039991164283855254,0.6114169873633664,0.3818110132487033,-0.008695846290235213,0.6247479551374251,0.34900337490893046,-0.005991661438763228,0.5926064871953678,0.4304982733883392,-0.00374144864826601,0.6084235453722703,0.3926241845329295,0.009016115270601375,0.5916348442949226,0.3717054551171789,0.0025514132803979277,0.5792923041821947,0.3446729054512348,-0.0027005060656692262,0.5786366933619986,0.4107199245973896,-0.009940997899466677,0.5622400304939092,0.3944066456229957,0.004037516745923541,0.5732127263866919,0.37293956420491187,-0.006590954083693661,0.5788575723449841,0.3498732830435023,-0.00271942750417703,0.5795916065058746,0.44714400012326494,0.007040228158254521,0.5530675549942254,0.42740192417521305,0.0033144492480366543,0.5494758812350862,0.3778938108822911,0.009914234797380862,0.5635414547791323,0.37746124415867344,-0.004922073480662663,0.47611721000878454,0.41553124178250106,-0.008339439790559242,0.4153743975745647,0.3725732662004114,0.008555908000053661,0.41375386416140236,0.3458954010926656,0.001197431953271275,0.4134797104383474,0.34646757195262773,-0.0012664795718088581,0.41539617343724416,0.30370105597194064,0.004371892701516462,0.4947101606586269,0.38427722636900435,-0.0003781484903539051,0.481782867065977,0.3425108507016881,-0.008844983183508227,0.4977823338774985,0.2910806388381589,0.0018987057274539552,0.5005151450462354,0.28128312678284056,0.005885322165691183,0.4632138031934777,0.35126518490159114,0.005650838627563848,0.449368147181371,0.3177096913897474,-0.0014540705652201225,0.45041166433821844,0.30847935578936153,-0.0001369899216205131,0.4481172448737132,0.2687383620607934,-0.0011640227141806285,0.43569552417918667,0.3725352014630641,0.007751344461411442,0.4403238918937869,0.3615933313047517,-0.0020380956779020784,0.4520632522926077,0.31256884577880395,-0.008245080454832148,0.43662826721114933,0.29605631228177953,-0.0016952632750556976,0.4390165091088914,0.3819735683315487,0.005916823577174853,0.41745815218411764,0.3654177613879268,-0.007312099426362233,0.43770449538249306,0.3202015092380636,0.0022712713627542434,0.40715833847201616,0.3083483457296408,-0.0046366597069432735,2026-05-22T14:13:58.543530
not_help,0.6377076370981597,0.35403544495971967,0.0074456517157426,0.6188773328826448,0.33894757205086573,-0.0016497401422730668,0.6163791488052399,0.334511645133942,0.0025925348938852216,0.5835242139701353,0.28462103937153244,-0.008567694485545759,0.5862710280883436,0.26551976469316396,-0.0002093824145290163,0.6564049060703329,0.3285973953858469,-0.004334214248748245,0.679414388825685,0.297636911302656,0.0007263552891739102,0.6486959198702649,0.25434052375614646,0.00031770190896631724,0.6577073361422546,0.2172459586419406,-0.004251510000322935,0.6256144571244111,0.3194347596929303,0.003511178051470545,0.6381022569151686,0.27607006964084674,0.00035445020840604163,0.647348992032916,0.2635671365198704,0.008815613912977775,0.6278959833619574,0.24437789979113753,0.0013760386643389497,0.635535559313752,0.34811360600664115,-0.00982403415324237,0.623175082107233,0.30555981804236476,-0.0021964294002533276,0.6040795643505573,0.2906144585438036,0.009020423319173654,0.6368500529330325,0.26159672242857407,-0.002208288570755319,0.6104713704895726,0.35452141448364927,-0.004460303411334674,0.616171655093294,0.3036258129819368,0.0014397640925904159,0.6021446877426478,0.3124306379671462,-0.008624865532427722,0.612693321728719,0.26199621697591585,0.00873497086561195,0.4852768082578173,0.7540622353964116,-0.001990041956746527,0.5161040835747147,0.744583134341216,-0.00014194906836755873,0.5147184972211303,0.7304608745137768,-0.006116194938344544,0.5433478583517211,0.6868410263755188,-0.005934719778858766,0.5324167614148785,0.6534336060037707,-0.0031433607054320483,0.5097190266303355,0.728979950563433,0.0036433966707536142,0.5089166986366243,0.6806011394476082,-0.007468861668965161,0.5161751557379679,0.6418412521270392,0.004632221252407618,0.505832165005048,0.6416843679555821,0.0010304114469277814,0.4777888467688449,0.7411478128945116,0.007140571005125327,0.45938180859812217,0.7036676089815642,0.004283270796198073,0.4733728941542124,0.6751565007278562,0.0012029793663107455,0.4814593649890456,0.623155579375567,0.006258771834798735,0.4616314878253063,0.7465484585227057,0.0026194929694517335,0.4550116529986543,0.7005940134541969,-0.0034046515209033993,0.43726353067234075,0.664157635437809,0.0017125517868514968,0.45343436338505094,0.6621503851344329,-0.009409674119070233,0.42037974651074617,0.7452126687062071,0.0057004372144126274,0.44464954594040246,0.7338241929241994,-0.00221024875682698,0.4257842736837598,0.7155299933947243,-0.008688537016050742,0.42154456395561374,0.6545261701946161,-0.00826109891511158,2026-05-22T14:13:58.543530
not_help,0.3589972844052813,0.3988105028127371,-0.005827711980868948,0.3801014058250314,0.37520150078751924,0.0016877492194094807,0.35465365800916965,0.36234607362119037,-0.0017288100417349132,0.3634728081597279,0.3342944272961162,0.0019101504267002387,0.3915109720089019,0.34581108581751757,0.007972256398013257,0.35581549567377624,0.3744612852005804,0.005143152870518926,0.34228148112372664,0.34716316487879,-0.0045609325891452016,0.36476906340478527,0.32677182236497326,-0.0051400337554278995,0.34502720740370985,0.30187093660740283,0.003304274037781144,0.3478146841043088,0.36886550577014077,0.0015761725294677516,0.3273466443368667,0.3471967636980456,-0.004292772983667088,0.3470458972466511,0.32044258052697877,-0.0006602717293634972,0.329039910582974,0.29572970233127216,-0.007464964332476233,0.316225835692288,0.3781201732307481,-0.0007415583012911186,0.31561461180181305,0.3571239874228446,0.00445428636158169,0.34483196433146784,0.322762368350971,0.007680990808077914,0.34008548025194735,0.3399735071302565,-0.002313270841979631,0.3160425024059064,0.3857509405491014,0.006769250262865243,0.31097467591850814,0.34852974175508467,0.00459338107924232,0.3308310052265978,0.3501624961615233,-0.006572867683327663,0.3034971912151959,0.3576582305648615,0.005871104541578508,0.7560931371523538,0.7276668555200365,0.008253937337884031,0.7789501372177634,0.7025786450284703,0.007701709936802475,0.7654188477190653,0.68777038589609,0.0001814151275312207,0.7858793452432447,0.6683307195461992,-5.23405869059055e-05,0.7961520709635926,0.6324548598539059,0.00817398552394164,0.7617989358341534,0.6840434165860954,-0.006456048212698529,0.7415047199063434,0.6570084660030512,-0.007124670746627544,0.7605225422176223,0.6260245282600837,0.0015216062021690454,0.7745388157417181,0.5906283438081046,-0.003938252351900584,0.7319354965105167,0.7031697547146682,0.006828698173938023,0.7355074012342135,0.6539179168096408,0.0011865932587360514,0.7294618541310817,0.6496550994740611,-0.001707374276313874,0.7237783444397604,0.5877315052627451,-0.007028493657900108,0.7142562196092676,0.6967695768824286,-0.008348191811878281,0.7119385656091165,0.67084528950353,0.004048657179285193,0.7140388095970446,0.6392519567138638,0.007089000039315235,0.7387403347337215,0.6044603165420958,0.006090195186109421,0.6877078760291303,0.698459135711664,-0.0066102990627357645,0.7095063191621106,0.6669576134789617,0.0038067078484789324,0.6914820206343706,0.6665989989542856,-0.004078199562249951,0.7075363565256257,0.6537678119425753,-0.00541865903291445,2026-05-22T14:13:58.543530
not_help,0.3975814613963478,0.32909158795159243,-0.005273120953623498,0.3682738496221657,0.3022467195698451,0.005961749337472793,0.3582006134663126,0.29759957352731803,-0.002079650248305663,0.3173307351172955,0.28350160408819125,-0.005018599474178773,0.3182024232408661,0.23942840454071115,-0.006443994855195699,0.4259076029005577,0.2817779212837672,0.00012548335341372625,0.40847516111334,0.25232558780825415,-0.008915156007683238,0.42155039026382796,0.22868881749115047,0.0038930626689093525,0.4211689259257491,0.2106154229170205,-0.0014232992847717663,0.37365229903847025,0.31162090571665113,0.009386861434028752,0.3778451834051342,0.2540342179837718,-0.006352114158366151,0.3728085036554033,0.2269967560633902,-0.00030201768951671447,0.38487633214813277,0.2090538184965015,-4.180102688444015e-06,0.35737784343730794,0.29224117586358456,0.0011969334874797344,0.35704305074635145,0.26632957127694856,-0.006123554441480725,0.3618012056180019,0.25052045121808136,0.005433041407598553,0.37493928102747465,0.2306192601439394,-0.0011533794282490972,0.32990188358095784,0.32777680274285603,-0.008353968298729524,0.33498171210090955,0.27012604210577423,0.007388032400200072,0.34105691495501617,0.2595377194307996,-0.004768049864143888,0.34000566160619944,0.22574540101942053,-0.00843184905870251,0.5217587520595222,0.5916012916895101,0.008080013312343095,0.4618523490504748,0.576945257444923,-0.002955412984084027,0.46948448206090376,0.5494949047670423,-0.008829223986610086,0.4711099439794426,0.5376769662051264,0.008750197690237499,0.44814410460449744,0.5289686042753808,0.009083909289016734,0.534934482249894,0.558137824494249,0.0019398181886440512,0.506875629327014,0.5608348067127135,-0.005817059492721284,0.5160761147005222,0.5234255296587191,-0.006375386345963985,0.5206562422959217,0.5124469551770038,0.00523128808330427,0.4938784760830032,0.5581219846661033,0.0002625389826803187,0.5050479021792607,0.5357796593441814,-0.002508992802607566,0.4947947878901174,0.5052941569690392,0.004377467897770652,0.4823479309761083,0.5040698757414289,0.006919326473604182,0.5043135965397628,0.5511602922695846,-0.0028929003305074377,0.5030205057501679,0.5612125363434164,-0.005662575660884635,0.49100987075723534,0.5126528326753469,0.00920256146125647,0.49598727756413447,0.49697975937175887,0.0025347751219182892,0.48828740370418194,0.5505885953252124,-0.0012179768790678766,0.49554649906955134,0.543828201889598,0.008264514017247716,0.4909599925424915,0.551376627032464,-0.0041525808672043365,0.4962071048548598,0.53077965860045,-0.004970114022127698,2026-05-22T14:13:58.544526
not_help,0.5297421065098192,0.37545503450863843,0.005319815617080548,0.5079614233868488,0.3538423694587284,-0.004084047253947331,0.5065070946395218,0.3526048840404521,-0.002440995394103942,0.48335216251255797,0.3261557842001149,0.003756231517848714,0.46082067987407116,0.30040723614551496,-0.00349530088634237,0.5135846925898053,0.3666662386220803,0.001096631849096006,0.5422865679372214,0.3502537843832619,0.003114425655170793,0.5315120948330803,0.31130421244497974,-0.009849116205808545,0.53701406056648,0.2838139557758324,-0.008741017610074148,0.5146774371558104,0.3411614499816279,-0.0028130570698089623,0.506864201409711,0.34979060985916577,0.005695956967286772,0.521734879868719,0.322753480278363,-0.0070160269636919195,0.5152228002698422,0.28181893000540714,0.0025132014482919483,0.5054087992206019,0.3667775556350964,-0.0007820395561575939,0.49149045266185565,0.34302842107100934,-0.0016119106981852017,0.5160933416454396,0.33808542135225855,0.009181133629767314,0.497465089366572,0.28883605657789635,0.00010178122144909735,0.47518594940502484,0.34971698887811625,-0.004281222572486938,0.4911154236814916,0.36392622678908254,0.005525159369947925,0.4784912978264265,0.315808240410614,0.0041634326209303,0.49506335041672167,0.3355437909594525,-0.004945408818148118,0.7172479898150969,0.5847939631243372,0.004361685251517058,0.7590085821499498,0.593560167935225,-0.0019074373988440078,0.7791401563880496,0.5924795836520743,0.0038265052656183823,0.7715538151714121,0.5725071625868906,0.0035849787554744286,0.7717958193055394,0.5451946623289986,-0.007761196557183625,0.7654424663775459,0.5974462911074716,-0.006941344352925155,0.7510753210845246,0.5590019568276702,0.00781337789235041,0.7646116128209456,0.5405132833376652,-0.004224214068693855,0.7497046504963738,0.4994487813384432,-0.0057301032417986985,0.7484035484227791,0.5996746246949337,-0.006156579695489503,0.7181918612600143,0.5529914903280978,-0.001760363603132491,0.7316215354596265,0.5200891272339929,-0.007385504192605729,0.7271984103964689,0.50202310335224,0.004945060084624137,0.7234492775439973,0.5728098453421153,-0.0068338874502576405,0.7157967117329227,0.5658920095772791,0.007898568416301493,0.7223450569948632,0.5552445072615277,-0.0015194792881271253,0.7331678580222105,0.5258600543473166,0.0029044050981519767,0.7254878297158679,0.5769264741208042,0.006228381320811481,0.7052275706784977,0.5878466908528307,0.0024774611347228737,0.7060088328356767,0.556326526406276,-0.002671657648814221,0.7086617964003366,0.5451024365150057,0.005072961621644889,2026-05-22T14:13:58.544526
not_help,0.566533036269532,0.3294518972271725,-0.009192657313645913,0.5575070330724147,0.27951614044898365,0.0012624086964402783,0.5609375004803654,0.26941663387985065,0.003428219007189332,0.539651178891432,0.2682215015170963,-0.0019260429754606404,0.5185850969628358,0.23796020271222096,-0.004211774243290225,0.5894593629593664,0.3078653859292994,-0.009225309780017673,0.6183740898635731,0.24676250954656664,0.006852928124041679,0.5805446306668003,0.25098072224496154,0.008427618462510693,0.5952839256992695,0.20243007185521616,-0.0034593362645652026,0.5830690329551942,0.28111530233042664,-0.008640988128402444,0.5657000888916367,0.2544736540149833,-0.009732284162677345,0.5953951679317679,0.22983697669753533,0.0032039744498301957,0.5735321054441476,0.20797675550777928,0.007997504400163337,0.5760767427333472,0.29638935906893576,0.005142704494154776,0.559342265421195,0.27281649362894317,0.004016306391694027,0.5556022133524713,0.25497301829226293,-0.002122962315120349,0.5715910954332883,0.2248031668097672,0.00996128790936599,0.5685140339113286,0.283184085121562,-0.006360761192307258,0.5497639868559688,0.27534157833388945,-0.0016165227943887202,0.5606165980496506,0.2686297134781015,-0.005615741541715207,0.5472490843767849,0.23126830920070077,0.006291423751027174,0.275159850016933,0.5736932250670391,-0.005454120966481612,0.30735909946596446,0.5684903908065582,0.008523984522115806,0.30698471251223,0.5414565420523105,0.0032046005887911583,0.33640715102948976,0.5203485473242531,-0.003276284145349107,0.3472852112290054,0.50132791518935,0.00203647556377338,0.2649480460059579,0.5492321990131789,-0.0029593899819628346,0.27845865818426385,0.5121755144211898,-0.00013984915458238774,0.26766724901687916,0.48104150125920736,-0.0023509019152031744,0.29593557990975566,0.4308371005456212,-0.0010268731336911582,0.26180580054153463,0.5465001005329782,0.006527109021968054,0.2735406580178902,0.49286890075992085,0.003820730571024427,0.25221484483377515,0.470500051340524,0.0006745373414906754,0.2582376728205243,0.4518594224919036,-0.004402631135894663,0.21783285111243703,0.5518900961233482,0.005761919904877807,0.21824845676146934,0.5054407064220993,0.006450252711459598,0.2298074223005736,0.49982313046968263,-0.0061953743119603395,0.2545512232829044,0.45689467036288556,0.007634581121143501,0.22983610997042841,0.5758592545968244,0.004504519947733774,0.22512575459938644,0.5150945973773309,0.004917198856060727,0.21227542803013477,0.5274853447467005,0.004140102975732845,0.2235375722190936,0.4779249324906015,0.005618129406668454,2026-05-22T14:13:58.544526
not_help,0.6501975336435932,0.3160412033231118,-0.0008801697828849427,0.6083155829866498,0.2977067660161959,0.008869599249723812,0.5986938654184473,0.2718856421461908,0.008705615662596736,0.5866651342312013,0.22676016805435373,0.0024453221790379995,0.5785621943042148,0.211601468448757,0.005636390600644919,0.6766612691628637,0.2764003182737412,0.004847965365074942,0.6812839611178014,0.24706382025718432,-0.0016348519990961648,0.6775295132935063,0.20613315660898676,0.009205962310542782,0.6749077770280819,0.16953592041398474,-0.0027676299709690037,0.6645758777680012,0.25510451444138826,0.00010651027358293819,0.6677113682781515,0.2535695307166797,-0.0051584403885786044,0.6694430548613567,0.19875468182644238,-0.005262704509751641,0.6507200128470992,0.16532875783470674,0.002551634111015732,0.627248699588538,0.25650687182112825,-3.1921769028456226e-05,0.6313126248903357,0.2550571196505109,0.0010797228117494905,0.6149749327478249,0.2033270302088729,0.009866116088663201,0.6287166670021982,0.20634336614325158,-0.008937818509693487,0.6008176354135781,0.2740240867114502,0.008540256201424937,0.6090125826324153,0.24044310883160513,0.008268109963682114,0.6263068565510727,0.23480434368174696,-0.009115054148348066,0.6141133965106744,0.21486964972599393,0.0018195926347857067,0.44102403334256607,0.6085256951223448,-0.007413268390440069,0.4007069147504889,0.6012204010133461,-0.00572073969900954,0.4027340138528713,0.5781466323667434,-0.004481829762784189,0.3813854396236929,0.551019942751227,0.004481272800918817,0.38594439440867473,0.5268178604586723,0.0015594696930689537,0.4680032654244714,0.5561913790604602,-0.007865235170001133,0.4501317807954024,0.530783078865395,-0.002389717677105348,0.4406048324971998,0.510848704278805,-0.004492601376997542,0.43266987513450167,0.46535225469851343,0.0023679295899450333,0.4290782015656858,0.5693159350412551,0.004691910091946375,0.45179759482752474,0.539221323726433,0.004622849065879533,0.44171872277787344,0.5215931679344873,0.0016818063948088376,0.43168141082702893,0.4943830543623785,0.0033609181184724828,0.4027628917662406,0.571476289840647,-0.003115655642501369,0.4296180932793608,0.542667592428915,0.005569329646531599,0.3929495744330914,0.5172847740187173,-0.0003661306133552981,0.4305223705711585,0.4923774420780698,0.007150780138547761,0.3894131983972672,0.5821500613953899,0.006921605101663236,0.3883083778488409,0.5455991252572946,0.0018258770030538211,0.40853939436316683,0.5404785346051085,0.004313120039662119,0.41424096150745304,0.5094506021907214,-0.0032263298347041955,2026-05-22T14:13:58.544526
not_help,0.3508411889184208,0.3301234813536875,0.002887513885953305,0.385063753148144,0.3194841509573749,0.005837442232108888,0.4011581075113698,0.3007264960978917,0.007618733156347457,0.42894594565698085,0.2953631044876251,0.0013175662572320213,0.44284832174657296,0.24860296607082397,-0.004084825058969779,0.396425072647105,0.3317636242613504,0.005370661607456433,0.3871435230726394,0.2873410313791286,0.005069795263233723,0.40776409351604886,0.23554370297730662,0.002149777637061487,0.37884998366323885,0.19812551840797898,0.0062713461921203115,0.35703921259624116,0.309703938691272,-0.005024371490903974,0.36316064209321053,0.294693976198463,0.0015325350217702087,0.35973194030424355,0.24884134355956963,-0.007778876871501293,0.3680335713955461,0.2094401680432542,-0.00915342304261453,0.3363962766478072,0.31472687941917266,0.008874740749004422,0.3297069598144935,0.2970766307150535,-0.006560050891832482,0.34995773821932563,0.26709887210474814,-0.003726170997435758,0.360072689824745,0.2398083444558614,0.006427147200832111,0.3493356601430211,0.3327639775037952,0.0011974482512835064,0.3325741744757931,0.2928606879406609,-0.00956919678929767,0.33017927747882175,0.27037237715663875,-0.0008407768209895503,0.3224490996536219,0.27232731538412064,0.009826851159446292,0.3038708921312639,0.49050089926086926,-0.007623572953679842,0.2657676258475335,0.4854261259096279,0.006017999453159903,0.2844157930387191,0.47453366360532157,-0.00572365445210715,0.25035046889208534,0.4450710335131943,-0.005173954955168192,0.26380155435096886,0.4511470371667361,-0.002711289499308325,0.33337255949002603,0.45980997204562235,0.0003494244401344021,0.3387437608486346,0.4583052599956373,-0.00495462514506164,0.34271724132940323,0.405037941520381,-0.009790478631445217,0.3106834779744547,0.4066300721483534,-0.002127894807803758,0.3015963838715491,0.4909828433685717,0.009416699317579698,0.3028260865151002,0.456176913202729,0.0036765718365974285,0.2919987533727818,0.4134290401813684,0.003527168560117788,0.3262825863747084,0.4063832824438439,0.006846088448895759,0.2734765162377955,0.49028197800532175,-0.0021072872309657736,0.2866186542752636,0.4755367570535306,0.007672870029550449,0.30106343007865527,0.4339592243274319,-0.006241068729982842,0.2708641633502378,0.4112897990998952,0.007066235609815863,0.28721502186120873,0.499868984121817,0.0035975971468712765,0.29261771366253064,0.4770745394752826,-0.004835832408207046,0.2789683852523862,0.44938738884178697,-0.003026425140875584,0.2623633883364048,0.4493686741626535,-0.00856268175187875,2026-05-22T14:13:58.544526
not_help,0.4731062624274402,0.5975928043044343,0.009230442488025936,0.4597912267132418,0.5806620865273195,0.0012662272715603003,0.4421277091287403,0.5391225868642987,-0.0034012375939704784,0.427725514880093,0.5405980121448046,-0.0011872744803603317,0.3991596753376029,0.5027278858402694,-0.00798581988875793,0.5078673853173605,0.5774589485311902,0.0030021879478239095,0.5134112335225954,0.5209527698133298,-0.005284326572561205,0.5020707622832696,0.47770245284091256,-0.00708105730204639,0.5169869412370893,0.44511545987085155,-0.005209465544160668,0.4626523723193897,0.5489310845012467,0.005162797913000221,0.48200547544277106,0.5362710988135128,-0.0008895692646824285,0.4890793952443958,0.5134142607711235,-0.00842494377289343,0.4969762479651691,0.47858270877934395,-0.004608096475010632,0.4675491734712041,0.5596894370924561,-0.008741488475527179,0.459954326076853,0.5547961065002511,-0.0070253440637448785,0.45398358733361177,0.4991658767284066,-0.0006538262036408244,0.4484937218960592,0.4703333814696895,-0.008414779461615885,0.4405111706585543,0.5794149587796531,0.000887922227639247,0.44199307636907265,0.5580526282801673,0.004449568517288316,0.4421699829398014,0.5470166226536951,0.00191482894576369,0.4483254689360471,0.4968392966508222,0.004401369699112803,0.6514581822277895,0.6536751794284078,7.191596786165072e-05,0.6913536055241304,0.6075024020123571,0.0027881675159368065,0.670486059872858,0.579133159428474,0.002867642563917869,0.7115422832957534,0.5766390237714811,-0.004814752599283135,0.6907353823050776,0.561921221237664,0.00028912365585330273,0.665065964410296,0.5952337320356565,-0.0035106710117582263,0.647655698655799,0.5974341792112251,-0.007541574790651742,0.6857060317712266,0.5329667885472973,-0.0025353003048328836,0.6581583677428664,0.5095142877495551,-0.0013848705097657885,0.6339477780309354,0.6208844879266507,0.008322811177888806,0.6608306631248014,0.5808729219535547,0.0003362810037981761,0.651621774020788,0.5531057620390072,0.006785809845294104,0.6320047772150286,0.5016557468176434,-0.0012285933691674293,0.6227714341651587,0.606435354507734,-0.00468448931658308,0.6152225177426571,0.5948399228854901,0.009785648342060504,0.6361205129405778,0.581678931193283,-0.0030207522968519543,0.630649857309808,0.5411868276167835,0.009222856423791127,0.6271510215013498,0.6285687922697374,0.0066893214038820144,0.615980200601173,0.6131373983063162,0.007869897508574154,0.5921837721841297,0.5770156241056765,-0.008488924299051636,0.6223018263127259,0.5552669660971955,-0.004296462076875891,2026-05-22T14:13:58.544526
not_help,0.6389790853343921,0.5984295623188128,-0.0084950081862084,0.6929176212755506,0.5606123154169801,0.004445997979656023,0.6733585984238545,0.5436649746086295,-0.002635071638581437,0.6966586211907108,0.5390072817629555,0.004867450401019012,0.6985083455386947,0.5326303121742152,-0.00222167572576718,0.6705933795892466,0.5724386951203834,-0.002016449649666501,0.6539605902517697,0.5450746532089363,0.001689368177266469,0.6554766962345047,0.5088655642573504,-0.0024833829663576347,0.6871190020177562,0.49936097182552336,0.006583034107502035,0.6452750690815471,0.5520141516510854,-0.0016327401920787493,0.6648685521382648,0.5458481041933136,-0.0027376541084313108,0.6646900362366985,0.48669271468758346,-0.006189009461694596,0.647866397982549,0.4961671298603199,-0.009554051151083274,0.6208926026531397,0.5724355894215537,0.005774104805504788,0.6389288144933153,0.5550776779590978,0.003555765657887726,0.6244282932963191,0.5165157356050765,0.0035614563660168845,0.6491990073491711,0.49337582391494045,0.003237072533202434,0.6297940391434923,0.5661455370384757,0.009188807894175971,0.6076877718701417,0.555820888060428,0.00324918612090732,0.6335356332703459,0.5300543954168632,-0.006862080990197366,0.6196968821871792,0.5282652429832992,-0.00856755659059589,0.21150709064716305,0.7097560578130733,0.0030730720649871056,0.23280554074599238,0.679300832515313,-0.005272779764493467,0.26645199597471986,0.6612260072102735,-0.0018389736902019432,0.2621373416066039,0.6441386741182011,0.004144928380339828,0.28295666226723704,0.6307257790229992,-0.0019042392932195496,0.2252363993031078,0.6584285903958254,0.008081084842509646,0.23495249161877252,0.6440736386283039,0.00116712755664624,0.2223544911612501,0.6181351229751051,-0.0021968908229563966,0.21447140043149274,0.6133133042634318,-0.001117447408684356,0.22822242057492237,0.6565405487922136,0.009318128536873376,0.22583111430036337,0.6518860518155057,-0.006769169909544719,0.2202097265047901,0.6135240795167096,0.002111819542969639,0.2119250928727908,0.5982598791890392,0.006074315836442011,0.18959920194774157,0.6838143304661497,-0.0015010054901108787,0.20809449702125418,0.6371101510284614,-0.001851322044122885,0.19949417386193766,0.6285920311810783,-0.0037106345710542724,0.21173814760113152,0.6085697632586945,-0.002099764087845145,0.1794610993066369,0.6554439702206626,-0.0033500316577621536,0.18739326002939233,0.6484981618674052,-0.0027781044281390164,0.185324223456404,0.629764130119055,0.0075821077912058225,0.18798630827826754,0.6194227093209705,0.0024701299188493245,2026-05-22T14:13:58.545526
not_help,0.676478255951764,0.5617514877360035,0.005158326221427352,0.6363375429050387,0.5316575436652408,-0.00930879449640116,0.655583920424021,0.4944163470538421,-0.00941509104064927,0.6494293925757368,0.49328641833443265,0.004797576073753253,0.6278118070890968,0.4785266092325741,0.002136650902668003,0.6828675906963426,0.5327373148100166,-0.0006762236489906599,0.7095706034746735,0.46895027394068717,0.007050747438100186,0.7015762183707832,0.4761202686562111,0.0030651972508834308,0.7031634030602684,0.4249318257457351,0.005593534361256014,0.6958138516030451,0.5023144230935181,-0.002821356485166881,0.6644666961611174,0.4987579350524183,-0.0023434715677640595,0.6622692841802913,0.4461734239125555,0.0004016493273136853,0.6862183251039158,0.44706312720000807,-0.0015278338637800554,0.676492558611223,0.5010655459227965,-0.0067091657130375956,0.6538132520691409,0.4773366142754645,0.0022023578184278553,0.6505827312986202,0.47847576826934857,0.006975717224440679,0.6746754380742449,0.43730608456120085,0.008448765566350961,0.6435398301596932,0.5303618719749689,0.004385735345618204,0.6647035390267222,0.48898884404177284,0.0075122480696424455,0.6613365333883763,0.5059352023836858,-0.008819022626589353,0.6619535661042412,0.45067755399213233,0.005830795399876238,0.44380986054101634,0.525924766788104,-0.007351813145374613,0.40168875833208495,0.5004474393003768,0.004067831221234412,0.37361126447224996,0.4793522013954632,0.0056494655247368315,0.38174541599548456,0.45096771752747955,0.008929368964717145,0.3785549623627751,0.4297356573768801,0.0022682005565067224,0.455930280344024,0.47211132359354796,-0.0070477463468339475,0.4728491184571426,0.4317529358502939,-0.006438440226807401,0.44096697816850183,0.40301638354355607,0.004499091682915648,0.45250617562807544,0.3805842056154909,0.002001433644819115,0.42893017488238183,0.4756653678658102,0.0019707299664596615,0.4360252518453157,0.44202188927016717,0.00021205136055010496,0.4287246279061125,0.41159221047868266,0.0015237393289994055,0.448170558853652,0.3720683983878361,-0.008726386213579934,0.4086464905326061,0.48624176832107807,0.004763434941154778,0.4017882980111699,0.46999627899587276,0.0021451887304838706,0.4205302038571345,0.4274510384776546,-0.004606246712717057,0.40138816590472365,0.4181206899500367,-0.0036913825170238578,0.38434579984808626,0.4992804591444656,-0.0016902158116668172,0.41060440035965745,0.4596803624193052,0.004324401960841783,0.40873660675081014,0.44046833620249864,0.006073825890899743,0.4023050246979429,0.41833026846706545,-0.004647568096708734,2026-05-22T14:13:58.545526
not_help,0.5582511853895975,0.3445855582898951,-0.0009001285884273173,0.5552900492044331,0.3318960900746517,0.004545337831070039,0.5244227696792172,0.32158274585513785,0.0036617660588721887,0.5070014431995918,0.3034192757631985,0.0073777203466888226,0.4993126730326545,0.29510043859274393,-0.0004019410159510975,0.5522130971268953,0.3113564203262061,0.0025177592209835124,0.5894256346334317,0.27944612671555497,0.0073555535578175065,0.5874073386249863,0.28092254626126145,0.00306789597328575,0.5896926313366172,0.2756981530388054,-0.003662477984411312,0.5751905121143097,0.315524629492943,-0.005740058748822685,0.551400933847505,0.31339246250008257,0.003872364075196583,0.5680377055014797,0.2765144734819073,-0.005990261240055653,0.5726510813245381,0.2687341482995866,0.0033605752526075297,0.528834659665663,0.32913944802133915,-0.009121997819683113,0.5437114022234671,0.28664760022569635,0.009611841558950672,0.5531169300311513,0.29636040447757794,0.0019066594137204292,0.5505568081340123,0.2600117975490352,0.004434256425983956,0.525991442173498,0.3240081393428114,-0.0025218359712516182,0.5294129566948749,0.2941808009732226,0.008028039522665219,0.5223903553624436,0.3022422952549264,0.003747091561533555,0.5475270952573796,0.29714738998638984,0.00014313652894079772,0.6935600020655006,0.7163742147173321,-0.00703032743613617,0.6624053266952209,0.7178750479678407,-0.002289938463068457,0.6754620495241374,0.7129685484461731,-0.0030462787313143957,0.6803363597914857,0.6828648384129742,-0.005328099589698445,0.646017070482247,0.6737408402266608,-0.009025179434645486,0.705336956151366,0.6909537295657341,0.002458618010148614,0.7115379141092838,0.6893890676575868,0.0034589283492276503,0.7228483013406418,0.6660370759568509,0.007742585986098638,0.7424995784073887,0.6396954605894002,0.002901077085643725,0.7109976113418708,0.6907285334028472,-0.00733220575208541,0.6940763654846531,0.7002362585087331,-0.0004892214000586474,0.7112004198741664,0.6712944965261796,0.0009552130735095959,0.7054490137086857,0.6125286987774597,0.008354625266958194,0.6685439255205643,0.7058286615635988,-0.003585127542595494,0.6929674257790954,0.7102335210312986,0.0019384959833659184,0.7017797838617548,0.6833004201346888,-0.0027528666241960816,0.6925013906175024,0.6558417242608131,0.007477339740556957,0.683360918830577,0.7249022400331778,-0.008923219022748974,0.6935700452283188,0.7100802461252289,-0.00037826120291203566,0.67084790312315,0.6892573475851305,-0.002944096060011849,0.6635875569662408,0.6464261731855229,0.000845920834557732,2026-05-22T14:13:58.545526
not_help,0.6075180350853575,0.5554010020692945,-0.002671422161811825,0.6222810879638502,0.5539332967918232,0.009510840382338232,0.6219704076077294,0.5157652417222415,-0.005523803960442513,0.6422432093070793,0.5159061716888408,0.006628385586986732,0.6376117109227327,0.5111781113666757,-0.0020729923366436514,0.6331236022047779,0.547396767211407,0.009339898303570958,0.6138963208296494,0.5102521832124954,0.0037799016240723793,0.6215207018788528,0.49800873965836534,0.008926866680768064,0.6281477030009354,0.4845299183857035,0.007512095660867272,0.585166845818852,0.5551365708000389,-0.0074872306548088964,0.584617516269687,0.5093399584744454,0.004288482174054038,0.6144610701009441,0.50578255405668,-0.0043382785392584245,0.5819122068647647,0.4629967235226954,-0.008580569036104758,0.593094202291409,0.5502478434080985,0.009790983255767547,0.5780978411903802,0.5250428626848442,0.000758124216393298,0.5724279890802518,0.5017835819990558,-0.008843114612653823,0.5717368679974199,0.4779113634291292,0.0022467086922815585,0.5791488935068297,0.5310520458671144,-0.009926677777639623,0.5884405131679317,0.5443640621375974,-0.003137802503262039,0.5744481236459976,0.5235659499661358,-0.0006843654541758889,0.5759012965814252,0.4967704899426915,0.0018109196915013712,0.7260672843401382,0.3894105981490342,-0.009215132028228658,0.7643883028396787,0.35766865904791384,-0.004970901454228718,0.7914273655904268,0.3345551313807766,-0.005539318303343753,0.781564129233355,0.3161501191069943,-0.0069352818041389375,0.7861748332574398,0.310533609712588,0.00578471291475917,0.7368623085822296,0.3433314035200611,0.008708502254859205,0.753765304808978,0.3059982892004077,-0.00947281966849333,0.7328478896461156,0.2917699307050215,0.004756766727390411,0.7449767662401672,0.2673510238068539,-0.0011417532176792242,0.7477827083586777,0.35201932280126075,-0.0013124853633156436,0.7399295602452445,0.3154513742033935,0.00010155073055737561,0.7190824958439707,0.28228668304876947,-0.0018296040580356963,0.7178420743265549,0.2697046646354772,-0.004944038368945079,0.7138923595849651,0.3785081102215168,0.006819262968528141,0.718894227460872,0.3487157845994015,-0.0002624627071624742,0.7191273911780895,0.3033635162216435,-0.009965038907694013,0.6877301188903134,0.26229090131409666,8.203762592265233e-05,0.701329444535053,0.35513648009064097,0.004117565232629355,0.6805418141112657,0.32663796758789215,-0.00051113886330908,0.6792335653276772,0.31260770206204674,-0.005912997797967079,0.6868124975980961,0.305497086086093,-0.008149860512392583,2026-05-22T14:13:58.545526
not_help,0.4123594236846432,0.41137412631147474,0.0017088686771120163,0.4255556833974259,0.39467990701682387,-0.0019494229626060497,0.4377056267889155,0.3806941697851617,-0.001312999044250418,0.4312950600587146,0.33986320380818646,0.007510710403019353,0.43330388764649364,0.34498333951903215,-0.002479319784589187,0.3935479180294537,0.3636597084893153,0.003506486316127483,0.3934791870250702,0.34011993102244925,-0.003710594677416217,0.411793207385378,0.3246537554493964,-0.00978441378314751,0.40500487873384855,0.30290524314887207,-0.0036210267040040576,0.3928981783829652,0.36499719181551055,0.001837464384970464,0.394944421237092,0.36095916768771913,0.00656371609252652,0.40095498595382245,0.3415442675411205,-0.009077286629881737,0.40084435697939763,0.30135347521620703,0.00012813579113389595,0.39554460436063044,0.3723824668574584,-0.004498415231999729,0.3844451103246789,0.34196095590741515,-0.006450568436995183,0.3626309545055921,0.32988236159733186,-0.001946948949032223,0.36443444025697713,0.3264298638406216,-0.006558354367780044,0.38005881678586273,0.3753339682919149,-0.0038863203518687125,0.38398854466689636,0.3681088247573091,-0.00594917505837405,0.37276065683827125,0.3393713831075705,0.0030196595975916767,0.3711820258253315,0.33075038759612607,-0.0028276908353326528,0.20521488180619876,0.5458231790476449,0.009873835105188819,0.18742973036933824,0.5296409543573593,-0.0027476122624073666,0.18344543967194168,0.546193246177567,-0.008145258357512297,0.17270704149696264,0.5115558725365705,-0.004570415417566911,0.15494263085947121,0.51460227351873,0.007931964424048756,0.23024010098462805,0.5336121872121109,0.00319827403512612,0.24246712795173372,0.5176316607601132,0.009571045247624048,0.2277527475594874,0.48144126156775024,-0.006377907249466384,0.2570735690322348,0.4596988892553775,-0.008817384729204687,0.20758591615282862,0.5530339237197911,0.00877060453288086,0.20084523315542885,0.5206474276921308,-0.007234775440085302,0.20822630517566904,0.5002166128506023,-0.0035728082715747586,0.23472879307230504,0.46729298949431886,-0.0027881532192913982,0.21970056453562023,0.562239788919907,-0.0017820979793547048,0.1927141041732296,0.5194656882975018,0.0005239984098824937,0.19102145350908886,0.48729082542897323,-0.009831736633422,0.21287438270793907,0.49654361601608016,0.009907230420988332,0.17071897773362826,0.5491700258229592,-0.004011161806840073,0.1977784406306549,0.516418098260245,0.0028143686470050947,0.2038756894159236,0.5269952253303414,-0.0069409382278806265,0.1996900793172487,0.5142934169068235,-0.008958982910258132,2026-05-22T14:13:58.546035
